who,pro_com,selectedhospitalemp,selectedhospital,experiment,run,seed,n_network,distance_threshold,mu,sd
72,51001,48,68,,0,50,90,0,0.3
73,51001,48,71,,0,50,90,0,0.3
74,51002,48,68,,0,50,90,0,0.3
75,51002,48,70,,0,50,90,0,0.3
76,51002,48,68,,0,50,90,0,0.3
77,51002,48,71,,0,50,90,0,0.3
78,51002,48,49,,0,50,90,0,0.3
79,51002,48,70,,0,50,90,0,0.3
80,51002,48,54,,0,50,90,0,0.3
81,51002,48,49,,0,50,90,0,0.3
82,51002,48,68,,0,50,90,0,0.3
83,51002,48,49,,0,50,90,0,0.3
84,51002,48,70,,0,50,90,0,0.3
85,51002,48,70,,0,50,90,0,0.3
86,51002,48,71,,0,50,90,0,0.3
87,51002,48,71,,0,50,90,0,0.3
88,51002,48,54,,0,50,90,0,0.3
89,51002,48,70,,0,50,90,0,0.3
90,51002,48,54,,0,50,90,0,0.3
91,51002,48,71,,0,50,90,0,0.3
92,51002,48,49,,0,50,90,0,0.3
93,51002,48,71,,0,50,90,0,0.3
94,51002,48,68,,0,50,90,0,0.3
95,51002,48,71,,0,50,90,0,0.3
96,51002,48,49,,0,50,90,0,0.3
97,51002,48,49,,0,50,90,0,0.3
98,51002,48,68,,0,50,90,0,0.3
99,51002,48,52,,0,50,90,0,0.3
100,51002,48,54,,0,50,90,0,0.3
101,51002,48,49,,0,50,90,0,0.3
102,51002,48,54,,0,50,90,0,0.3
103,51002,48,71,,0,50,90,0,0.3
104,51002,48,68,,0,50,90,0,0.3
105,51002,48,71,,0,50,90,0,0.3
106,51002,48,71,,0,50,90,0,0.3
107,51002,48,49,,0,50,90,0,0.3
108,51002,48,49,,0,50,90,0,0.3
109,51002,48,68,,0,50,90,0,0.3
110,51002,48,71,,0,50,90,0,0.3
111,51002,48,49,,0,50,90,0,0.3
112,51002,48,54,,0,50,90,0,0.3
113,51002,48,52,,0,50,90,0,0.3
114,51002,48,70,,0,50,90,0,0.3
115,51002,48,68,,0,50,90,0,0.3
116,51002,48,49,,0,50,90,0,0.3
117,51002,48,54,,0,50,90,0,0.3
118,51002,48,54,,0,50,90,0,0.3
119,51002,48,70,,0,50,90,0,0.3
120,51002,48,71,,0,50,90,0,0.3
121,51002,48,54,,0,50,90,0,0.3
122,51002,48,68,,0,50,90,0,0.3
123,51002,48,71,,0,50,90,0,0.3
124,51002,48,70,,0,50,90,0,0.3
125,51002,48,49,,0,50,90,0,0.3
126,51002,48,49,,0,50,90,0,0.3
127,51002,48,71,,0,50,90,0,0.3
128,51002,48,49,,0,50,90,0,0.3
129,51002,48,49,,0,50,90,0,0.3
130,51002,48,70,,0,50,90,0,0.3
131,51002,48,54,,0,50,90,0,0.3
132,51002,48,70,,0,50,90,0,0.3
133,51002,48,68,,0,50,90,0,0.3
134,51002,48,71,,0,50,90,0,0.3
135,51002,48,52,,0,50,90,0,0.3
136,51002,48,49,,0,50,90,0,0.3
137,51002,48,68,,0,50,90,0,0.3
138,51002,48,71,,0,50,90,0,0.3
139,51002,48,71,,0,50,90,0,0.3
140,51002,48,68,,0,50,90,0,0.3
141,51002,48,54,,0,50,90,0,0.3
142,51002,48,52,,0,50,90,0,0.3
143,51002,48,52,,0,50,90,0,0.3
144,51002,48,54,,0,50,90,0,0.3
145,51002,48,54,,0,50,90,0,0.3
146,51002,48,70,,0,50,90,0,0.3
147,51002,48,68,,0,50,90,0,0.3
148,51002,48,68,,0,50,90,0,0.3
149,51002,48,68,,0,50,90,0,0.3
150,51002,48,49,,0,50,90,0,0.3
151,51002,48,71,,0,50,90,0,0.3
152,51002,48,68,,0,50,90,0,0.3
153,51002,48,52,,0,50,90,0,0.3
154,51002,48,52,,0,50,90,0,0.3
155,51002,48,49,,0,50,90,0,0.3
156,51002,48,52,,0,50,90,0,0.3
157,51002,48,49,,0,50,90,0,0.3
158,51004,48,70,,0,50,90,0,0.3
159,51004,48,70,,0,50,90,0,0.3
160,51004,48,52,,0,50,90,0,0.3
161,51004,48,68,,0,50,90,0,0.3
162,51004,48,52,,0,50,90,0,0.3
163,51004,48,68,,0,50,90,0,0.3
164,51004,48,71,,0,50,90,0,0.3
165,51004,48,68,,0,50,90,0,0.3
166,51004,48,70,,0,50,90,0,0.3
167,51005,48,52,,0,50,90,0,0.3
168,51006,48,54,,0,50,90,0,0.3
169,51006,48,54,,0,50,90,0,0.3
170,51006,48,49,,0,50,90,0,0.3
171,51006,48,70,,0,50,90,0,0.3
172,51006,48,52,,0,50,90,0,0.3
173,51006,48,71,,0,50,90,0,0.3
174,51007,48,71,,0,50,90,0,0.3
175,51008,48,49,,0,50,90,0,0.3
176,51010,48,52,,0,50,90,0,0.3
177,51010,48,49,,0,50,90,0,0.3
178,51011,48,49,,0,50,90,0,0.3
179,51011,48,49,,0,50,90,0,0.3
180,51012,48,54,,0,50,90,0,0.3
181,51012,48,49,,0,50,90,0,0.3
182,51012,48,49,,0,50,90,0,0.3
183,51012,48,68,,0,50,90,0,0.3
184,51012,48,52,,0,50,90,0,0.3
185,51012,48,68,,0,50,90,0,0.3
186,51012,48,70,,0,50,90,0,0.3
187,51012,48,70,,0,50,90,0,0.3
188,51012,48,54,,0,50,90,0,0.3
189,51012,48,52,,0,50,90,0,0.3
190,51013,48,49,,0,50,90,0,0.3
191,51013,48,68,,0,50,90,0,0.3
192,51013,48,71,,0,50,90,0,0.3
193,51014,48,68,,0,50,90,0,0.3
194,51015,48,70,,0,50,90,0,0.3
195,51016,48,54,,0,50,90,0,0.3
196,51016,48,68,,0,50,90,0,0.3
197,51016,48,70,,0,50,90,0,0.3
198,51016,48,71,,0,50,90,0,0.3
199,51016,48,68,,0,50,90,0,0.3
200,51016,48,52,,0,50,90,0,0.3
201,51017,48,49,,0,50,90,0,0.3
202,51017,48,70,,0,50,90,0,0.3
203,51017,48,70,,0,50,90,0,0.3
204,51017,48,49,,0,50,90,0,0.3
205,51017,48,71,,0,50,90,0,0.3
206,51017,48,70,,0,50,90,0,0.3
207,51017,48,52,,0,50,90,0,0.3
208,51017,48,49,,0,50,90,0,0.3
209,51017,48,49,,0,50,90,0,0.3
210,51017,48,49,,0,50,90,0,0.3
211,51017,48,49,,0,50,90,0,0.3
212,51017,48,70,,0,50,90,0,0.3
213,51018,48,54,,0,50,90,0,0.3
214,51018,48,68,,0,50,90,0,0.3
215,51018,48,71,,0,50,90,0,0.3
216,51018,48,54,,0,50,90,0,0.3
217,51020,48,68,,0,50,90,0,0.3
218,51021,48,52,,0,50,90,0,0.3
219,51022,48,54,,0,50,90,0,0.3
220,51022,48,52,,0,50,90,0,0.3
221,51022,48,49,,0,50,90,0,0.3
222,51023,48,70,,0,50,90,0,0.3
223,51024,48,68,,0,50,90,0,0.3
224,51025,48,54,,0,50,90,0,0.3
225,51025,48,49,,0,50,90,0,0.3
226,51025,48,68,,0,50,90,0,0.3
227,51025,48,71,,0,50,90,0,0.3
228,51025,48,54,,0,50,90,0,0.3
229,51025,48,54,,0,50,90,0,0.3
230,51025,48,68,,0,50,90,0,0.3
231,51025,48,70,,0,50,90,0,0.3
232,51026,48,70,,0,50,90,0,0.3
233,51026,48,52,,0,50,90,0,0.3
234,51026,48,70,,0,50,90,0,0.3
235,51026,48,71,,0,50,90,0,0.3
236,51026,48,70,,0,50,90,0,0.3
237,51027,48,70,,0,50,90,0,0.3
238,51030,48,54,,0,50,90,0,0.3
239,51031,48,52,,0,50,90,0,0.3
240,51031,48,70,,0,50,90,0,0.3
241,51031,48,68,,0,50,90,0,0.3
242,51033,48,54,,0,50,90,0,0.3
243,51034,48,49,,0,50,90,0,0.3
244,51034,48,71,,0,50,90,0,0.3
245,51034,48,70,,0,50,90,0,0.3
246,51034,48,49,,0,50,90,0,0.3
247,51034,48,49,,0,50,90,0,0.3
248,51034,48,49,,0,50,90,0,0.3
249,51034,48,54,,0,50,90,0,0.3
250,51034,48,52,,0,50,90,0,0.3
251,51037,48,54,,0,50,90,0,0.3
252,51037,48,54,,0,50,90,0,0.3
253,51037,48,71,,0,50,90,0,0.3
254,51037,48,71,,0,50,90,0,0.3
255,51037,48,54,,0,50,90,0,0.3
256,51038,48,71,,0,50,90,0,0.3
257,51039,48,52,,0,50,90,0,0.3
258,51040,48,49,,0,50,90,0,0.3
259,51041,48,70,,0,50,90,0,0.3
260,51041,48,54,,0,50,90,0,0.3
261,51042,48,71,,0,50,90,0,0.3
262,48001,48,70,,0,50,90,0,0.3
263,48017,48,52,,0,50,90,0,0.3
264,48035,48,68,,0,50,90,0,0.3
265,48052,48,52,,0,50,90,0,0.3
266,53009,48,71,,0,50,90,0,0.3
267,53018,48,49,,0,50,90,0,0.3
268,49009,48,68,,0,50,90,0,0.3
269,46024,48,52,,0,50,90,0,0.3
270,50008,48,71,,0,50,90,0,0.3
271,52001,48,68,,0,50,90,0,0.3
272,52007,48,49,,0,50,90,0,0.3
273,52009,48,70,,0,50,90,0,0.3
274,52011,48,49,,0,50,90,0,0.3
275,52012,48,71,,0,50,90,0,0.3
276,52015,48,54,,0,50,90,0,0.3
277,52027,48,49,,0,50,90,0,0.3
278,52030,48,71,,0,50,90,0,0.3
279,52031,48,68,,0,50,90,0,0.3
280,52032,48,70,,0,50,90,0,0.3
281,52033,48,70,,0,50,90,0,0.3
282,52035,48,68,,0,50,90,0,0.3
283,51001,49,52,,0,50,90,0,0.3
284,51002,49,54,,0,50,90,0,0.3
285,51004,49,71,,0,50,90,0,0.3
286,51005,49,70,,0,50,90,0,0.3
287,51005,49,52,,0,50,90,0,0.3
288,51005,49,70,,0,50,90,0,0.3
289,51005,49,54,,0,50,90,0,0.3
290,51005,49,52,,0,50,90,0,0.3
291,51005,49,71,,0,50,90,0,0.3
292,51005,49,70,,0,50,90,0,0.3
293,51008,49,52,,0,50,90,0,0.3
294,51011,49,52,,0,50,90,0,0.3
295,51012,49,52,,0,50,90,0,0.3
296,51013,49,49,,0,50,90,0,0.3
297,51013,49,70,,0,50,90,0,0.3
298,51013,49,54,,0,50,90,0,0.3
299,51013,49,71,,0,50,90,0,0.3
300,51013,49,54,,0,50,90,0,0.3
301,51013,49,68,,0,50,90,0,0.3
302,51015,49,68,,0,50,90,0,0.3
303,51016,49,70,,0,50,90,0,0.3
304,51020,49,49,,0,50,90,0,0.3
305,51020,49,49,,0,50,90,0,0.3
306,51025,49,54,,0,50,90,0,0.3
307,51026,49,71,,0,50,90,0,0.3
308,51026,49,52,,0,50,90,0,0.3
309,51026,49,70,,0,50,90,0,0.3
310,51026,49,54,,0,50,90,0,0.3
311,51026,49,54,,0,50,90,0,0.3
312,51026,49,71,,0,50,90,0,0.3
313,51026,49,70,,0,50,90,0,0.3
314,51026,49,49,,0,50,90,0,0.3
315,51026,49,68,,0,50,90,0,0.3
316,51026,49,54,,0,50,90,0,0.3
317,51026,49,54,,0,50,90,0,0.3
318,51026,49,71,,0,50,90,0,0.3
319,51026,49,49,,0,50,90,0,0.3
320,51026,49,68,,0,50,90,0,0.3
321,51026,49,54,,0,50,90,0,0.3
322,51026,49,70,,0,50,90,0,0.3
323,51026,49,52,,0,50,90,0,0.3
324,51031,49,49,,0,50,90,0,0.3
325,51033,49,54,,0,50,90,0,0.3
326,51033,49,71,,0,50,90,0,0.3
327,51033,49,68,,0,50,90,0,0.3
328,51033,49,70,,0,50,90,0,0.3
329,51033,49,71,,0,50,90,0,0.3
330,51033,49,70,,0,50,90,0,0.3
331,51033,49,68,,0,50,90,0,0.3
332,51033,49,52,,0,50,90,0,0.3
333,51033,49,70,,0,50,90,0,0.3
334,51039,49,49,,0,50,90,0,0.3
335,51039,49,49,,0,50,90,0,0.3
336,51039,49,68,,0,50,90,0,0.3
337,51039,49,68,,0,50,90,0,0.3
338,51039,49,71,,0,50,90,0,0.3
339,51039,49,68,,0,50,90,0,0.3
340,51039,49,71,,0,50,90,0,0.3
341,51040,49,70,,0,50,90,0,0.3
342,51040,49,49,,0,50,90,0,0.3
343,51040,49,71,,0,50,90,0,0.3
344,51040,49,52,,0,50,90,0,0.3
345,51040,49,70,,0,50,90,0,0.3
346,51040,49,49,,0,50,90,0,0.3
347,51041,49,70,,0,50,90,0,0.3
348,51042,49,54,,0,50,90,0,0.3
349,51042,49,52,,0,50,90,0,0.3
350,48001,49,54,,0,50,90,0,0.3
351,48004,49,52,,0,50,90,0,0.3
352,48017,49,70,,0,50,90,0,0.3
353,48021,49,71,,0,50,90,0,0.3
354,48035,49,49,,0,50,90,0,0.3
355,48035,49,71,,0,50,90,0,0.3
356,48035,49,54,,0,50,90,0,0.3
357,48036,49,68,,0,50,90,0,0.3
358,48044,49,68,,0,50,90,0,0.3
359,48052,49,70,,0,50,90,0,0.3
360,48052,49,70,,0,50,90,0,0.3
361,48052,49,71,,0,50,90,0,0.3
362,48052,49,52,,0,50,90,0,0.3
363,48052,49,68,,0,50,90,0,0.3
364,48052,49,70,,0,50,90,0,0.3
365,52002,49,71,,0,50,90,0,0.3
366,52013,49,71,,0,50,90,0,0.3
367,51002,50,52,,0,50,90,0,0.3
368,51002,50,70,,0,50,90,0,0.3
369,51005,50,70,,0,50,90,0,0.3
370,51005,50,54,,0,50,90,0,0.3
371,51006,50,49,,0,50,90,0,0.3
372,51010,50,52,,0,50,90,0,0.3
373,51012,50,70,,0,50,90,0,0.3
374,51013,50,71,,0,50,90,0,0.3
375,51015,50,49,,0,50,90,0,0.3
376,51020,50,54,,0,50,90,0,0.3
377,51022,50,49,,0,50,90,0,0.3
378,51025,50,54,,0,50,90,0,0.3
379,51026,50,71,,0,50,90,0,0.3
380,51026,50,68,,0,50,90,0,0.3
381,51031,50,52,,0,50,90,0,0.3
382,51033,50,52,,0,50,90,0,0.3
383,51033,50,52,,0,50,90,0,0.3
384,51037,50,52,,0,50,90,0,0.3
385,51039,50,52,,0,50,90,0,0.3
386,51040,50,70,,0,50,90,0,0.3
387,48001,50,49,,0,50,90,0,0.3
388,48001,50,70,,0,50,90,0,0.3
389,48001,50,49,,0,50,90,0,0.3
390,48002,50,52,,0,50,90,0,0.3
391,48002,50,49,,0,50,90,0,0.3
392,48004,50,68,,0,50,90,0,0.3
393,48005,50,49,,0,50,90,0,0.3
394,48005,50,52,,0,50,90,0,0.3
395,48005,50,68,,0,50,90,0,0.3
396,48005,50,54,,0,50,90,0,0.3
397,48005,50,71,,0,50,90,0,0.3
398,48005,50,52,,0,50,90,0,0.3
399,48005,50,52,,0,50,90,0,0.3
400,48005,50,71,,0,50,90,0,0.3
401,48005,50,70,,0,50,90,0,0.3
402,48005,50,52,,0,50,90,0,0.3
403,48005,50,71,,0,50,90,0,0.3
404,48006,50,54,,0,50,90,0,0.3
405,48006,50,68,,0,50,90,0,0.3
406,48006,50,54,,0,50,90,0,0.3
407,48006,50,49,,0,50,90,0,0.3
408,48006,50,68,,0,50,90,0,0.3
409,48006,50,70,,0,50,90,0,0.3
410,48006,50,70,,0,50,90,0,0.3
411,48006,50,70,,0,50,90,0,0.3
412,48006,50,71,,0,50,90,0,0.3
413,48006,50,49,,0,50,90,0,0.3
414,48006,50,49,,0,50,90,0,0.3
415,48006,50,71,,0,50,90,0,0.3
416,48006,50,54,,0,50,90,0,0.3
417,48006,50,71,,0,50,90,0,0.3
418,48006,50,70,,0,50,90,0,0.3
419,48006,50,52,,0,50,90,0,0.3
420,48006,50,70,,0,50,90,0,0.3
421,48006,50,68,,0,50,90,0,0.3
422,48006,50,71,,0,50,90,0,0.3
423,48006,50,49,,0,50,90,0,0.3
424,48006,50,71,,0,50,90,0,0.3
425,48006,50,70,,0,50,90,0,0.3
426,48006,50,68,,0,50,90,0,0.3
427,48006,50,70,,0,50,90,0,0.3
428,48008,50,52,,0,50,90,0,0.3
429,48010,50,52,,0,50,90,0,0.3
430,48010,50,71,,0,50,90,0,0.3
431,48011,50,71,,0,50,90,0,0.3
432,48012,50,54,,0,50,90,0,0.3
433,48013,50,49,,0,50,90,0,0.3
434,48014,50,70,,0,50,90,0,0.3
435,48014,50,52,,0,50,90,0,0.3
436,48014,50,70,,0,50,90,0,0.3
437,48014,50,52,,0,50,90,0,0.3
438,48014,50,68,,0,50,90,0,0.3
439,48014,50,54,,0,50,90,0,0.3
440,48015,50,68,,0,50,90,0,0.3
441,48015,50,70,,0,50,90,0,0.3
442,48015,50,54,,0,50,90,0,0.3
443,48015,50,68,,0,50,90,0,0.3
444,48015,50,54,,0,50,90,0,0.3
445,48015,50,52,,0,50,90,0,0.3
446,48015,50,52,,0,50,90,0,0.3
447,48017,50,49,,0,50,90,0,0.3
448,48017,50,70,,0,50,90,0,0.3
449,48017,50,49,,0,50,90,0,0.3
450,48017,50,49,,0,50,90,0,0.3
451,48017,50,54,,0,50,90,0,0.3
452,48017,50,68,,0,50,90,0,0.3
453,48017,50,70,,0,50,90,0,0.3
454,48017,50,70,,0,50,90,0,0.3
455,48017,50,54,,0,50,90,0,0.3
456,48017,50,68,,0,50,90,0,0.3
457,48017,50,68,,0,50,90,0,0.3
458,48017,50,71,,0,50,90,0,0.3
459,48017,50,68,,0,50,90,0,0.3
460,48017,50,71,,0,50,90,0,0.3
461,48017,50,52,,0,50,90,0,0.3
462,48017,50,71,,0,50,90,0,0.3
463,48017,50,71,,0,50,90,0,0.3
464,48017,50,68,,0,50,90,0,0.3
465,48017,50,49,,0,50,90,0,0.3
466,48017,50,49,,0,50,90,0,0.3
467,48017,50,52,,0,50,90,0,0.3
468,48017,50,49,,0,50,90,0,0.3
469,48017,50,70,,0,50,90,0,0.3
470,48017,50,52,,0,50,90,0,0.3
471,48017,50,70,,0,50,90,0,0.3
472,48017,50,68,,0,50,90,0,0.3
473,48017,50,49,,0,50,90,0,0.3
474,48017,50,71,,0,50,90,0,0.3
475,48017,50,54,,0,50,90,0,0.3
476,48017,50,52,,0,50,90,0,0.3
477,48017,50,70,,0,50,90,0,0.3
478,48017,50,52,,0,50,90,0,0.3
479,48017,50,54,,0,50,90,0,0.3
480,48017,50,70,,0,50,90,0,0.3
481,48017,50,54,,0,50,90,0,0.3
482,48017,50,70,,0,50,90,0,0.3
483,48017,50,68,,0,50,90,0,0.3
484,48017,50,68,,0,50,90,0,0.3
485,48017,50,71,,0,50,90,0,0.3
486,48017,50,71,,0,50,90,0,0.3
487,48017,50,54,,0,50,90,0,0.3
488,48017,50,68,,0,50,90,0,0.3
489,48017,50,70,,0,50,90,0,0.3
490,48017,50,68,,0,50,90,0,0.3
491,48017,50,49,,0,50,90,0,0.3
492,48017,50,49,,0,50,90,0,0.3
493,48017,50,49,,0,50,90,0,0.3
494,48017,50,70,,0,50,90,0,0.3
495,48017,50,71,,0,50,90,0,0.3
496,48017,50,54,,0,50,90,0,0.3
497,48017,50,52,,0,50,90,0,0.3
498,48017,50,54,,0,50,90,0,0.3
499,48017,50,71,,0,50,90,0,0.3
500,48017,50,49,,0,50,90,0,0.3
501,48017,50,68,,0,50,90,0,0.3
502,48017,50,54,,0,50,90,0,0.3
503,48017,50,49,,0,50,90,0,0.3
504,48017,50,68,,0,50,90,0,0.3
505,48017,50,52,,0,50,90,0,0.3
506,48017,50,54,,0,50,90,0,0.3
507,48017,50,71,,0,50,90,0,0.3
508,48017,50,68,,0,50,90,0,0.3
509,48017,50,54,,0,50,90,0,0.3
510,48017,50,49,,0,50,90,0,0.3
511,48017,50,49,,0,50,90,0,0.3
512,48017,50,49,,0,50,90,0,0.3
513,48017,50,52,,0,50,90,0,0.3
514,48017,50,70,,0,50,90,0,0.3
515,48017,50,70,,0,50,90,0,0.3
516,48017,50,68,,0,50,90,0,0.3
517,48017,50,54,,0,50,90,0,0.3
518,48017,50,54,,0,50,90,0,0.3
519,48017,50,68,,0,50,90,0,0.3
520,48017,50,54,,0,50,90,0,0.3
521,48017,50,68,,0,50,90,0,0.3
522,48017,50,70,,0,50,90,0,0.3
523,48017,50,54,,0,50,90,0,0.3
524,48017,50,68,,0,50,90,0,0.3
525,48017,50,54,,0,50,90,0,0.3
526,48017,50,68,,0,50,90,0,0.3
527,48017,50,70,,0,50,90,0,0.3
528,48017,50,70,,0,50,90,0,0.3
529,48017,50,52,,0,50,90,0,0.3
530,48017,50,71,,0,50,90,0,0.3
531,48017,50,68,,0,50,90,0,0.3
532,48017,50,71,,0,50,90,0,0.3
533,48017,50,49,,0,50,90,0,0.3
534,48017,50,71,,0,50,90,0,0.3
535,48017,50,54,,0,50,90,0,0.3
536,48017,50,49,,0,50,90,0,0.3
537,48017,50,49,,0,50,90,0,0.3
538,48017,50,49,,0,50,90,0,0.3
539,48017,50,49,,0,50,90,0,0.3
540,48017,50,54,,0,50,90,0,0.3
541,48017,50,52,,0,50,90,0,0.3
542,48017,50,71,,0,50,90,0,0.3
543,48017,50,52,,0,50,90,0,0.3
544,48017,50,68,,0,50,90,0,0.3
545,48017,50,68,,0,50,90,0,0.3
546,48017,50,52,,0,50,90,0,0.3
547,48017,50,71,,0,50,90,0,0.3
548,48017,50,52,,0,50,90,0,0.3
549,48017,50,71,,0,50,90,0,0.3
550,48017,50,70,,0,50,90,0,0.3
551,48017,50,54,,0,50,90,0,0.3
552,48017,50,49,,0,50,90,0,0.3
553,48017,50,49,,0,50,90,0,0.3
554,48017,50,54,,0,50,90,0,0.3
555,48017,50,52,,0,50,90,0,0.3
556,48017,50,49,,0,50,90,0,0.3
557,48017,50,54,,0,50,90,0,0.3
558,48017,50,70,,0,50,90,0,0.3
559,48017,50,70,,0,50,90,0,0.3
560,48017,50,71,,0,50,90,0,0.3
561,48017,50,49,,0,50,90,0,0.3
562,48017,50,71,,0,50,90,0,0.3
563,48017,50,70,,0,50,90,0,0.3
564,48017,50,70,,0,50,90,0,0.3
565,48017,50,52,,0,50,90,0,0.3
566,48017,50,70,,0,50,90,0,0.3
567,48017,50,71,,0,50,90,0,0.3
568,48017,50,49,,0,50,90,0,0.3
569,48017,50,54,,0,50,90,0,0.3
570,48017,50,52,,0,50,90,0,0.3
571,48017,50,71,,0,50,90,0,0.3
572,48017,50,71,,0,50,90,0,0.3
573,48017,50,49,,0,50,90,0,0.3
574,48017,50,70,,0,50,90,0,0.3
575,48017,50,70,,0,50,90,0,0.3
576,48017,50,70,,0,50,90,0,0.3
577,48017,50,54,,0,50,90,0,0.3
578,48017,50,71,,0,50,90,0,0.3
579,48017,50,52,,0,50,90,0,0.3
580,48017,50,70,,0,50,90,0,0.3
581,48017,50,49,,0,50,90,0,0.3
582,48017,50,54,,0,50,90,0,0.3
583,48017,50,49,,0,50,90,0,0.3
584,48017,50,71,,0,50,90,0,0.3
585,48017,50,49,,0,50,90,0,0.3
586,48017,50,70,,0,50,90,0,0.3
587,48017,50,71,,0,50,90,0,0.3
588,48017,50,71,,0,50,90,0,0.3
589,48017,50,70,,0,50,90,0,0.3
590,48017,50,70,,0,50,90,0,0.3
591,48017,50,49,,0,50,90,0,0.3
592,48017,50,52,,0,50,90,0,0.3
593,48017,50,54,,0,50,90,0,0.3
594,48017,50,52,,0,50,90,0,0.3
595,48017,50,49,,0,50,90,0,0.3
596,48017,50,54,,0,50,90,0,0.3
597,48017,50,68,,0,50,90,0,0.3
598,48017,50,68,,0,50,90,0,0.3
599,48017,50,49,,0,50,90,0,0.3
600,48017,50,54,,0,50,90,0,0.3
601,48017,50,68,,0,50,90,0,0.3
602,48017,50,70,,0,50,90,0,0.3
603,48017,50,49,,0,50,90,0,0.3
604,48017,50,71,,0,50,90,0,0.3
605,48017,50,71,,0,50,90,0,0.3
606,48017,50,71,,0,50,90,0,0.3
607,48017,50,54,,0,50,90,0,0.3
608,48017,50,52,,0,50,90,0,0.3
609,48017,50,71,,0,50,90,0,0.3
610,48017,50,68,,0,50,90,0,0.3
611,48017,50,54,,0,50,90,0,0.3
612,48017,50,52,,0,50,90,0,0.3
613,48017,50,52,,0,50,90,0,0.3
614,48017,50,68,,0,50,90,0,0.3
615,48017,50,71,,0,50,90,0,0.3
616,48017,50,49,,0,50,90,0,0.3
617,48017,50,52,,0,50,90,0,0.3
618,48017,50,71,,0,50,90,0,0.3
619,48017,50,52,,0,50,90,0,0.3
620,48017,50,49,,0,50,90,0,0.3
621,48017,50,68,,0,50,90,0,0.3
622,48017,50,52,,0,50,90,0,0.3
623,48017,50,52,,0,50,90,0,0.3
624,48017,50,49,,0,50,90,0,0.3
625,48017,50,52,,0,50,90,0,0.3
626,48017,50,68,,0,50,90,0,0.3
627,48017,50,71,,0,50,90,0,0.3
628,48017,50,52,,0,50,90,0,0.3
629,48017,50,54,,0,50,90,0,0.3
630,48017,50,49,,0,50,90,0,0.3
631,48017,50,49,,0,50,90,0,0.3
632,48017,50,52,,0,50,90,0,0.3
633,48017,50,54,,0,50,90,0,0.3
634,48017,50,52,,0,50,90,0,0.3
635,48017,50,52,,0,50,90,0,0.3
636,48017,50,54,,0,50,90,0,0.3
637,48017,50,68,,0,50,90,0,0.3
638,48017,50,68,,0,50,90,0,0.3
639,48017,50,49,,0,50,90,0,0.3
640,48017,50,49,,0,50,90,0,0.3
641,48017,50,70,,0,50,90,0,0.3
642,48017,50,54,,0,50,90,0,0.3
643,48017,50,54,,0,50,90,0,0.3
644,48018,50,70,,0,50,90,0,0.3
645,48019,50,52,,0,50,90,0,0.3
646,48019,50,70,,0,50,90,0,0.3
647,48020,50,70,,0,50,90,0,0.3
648,48021,50,52,,0,50,90,0,0.3
649,48022,50,70,,0,50,90,0,0.3
650,48022,50,68,,0,50,90,0,0.3
651,48022,50,70,,0,50,90,0,0.3
652,48022,50,54,,0,50,90,0,0.3
653,48024,50,71,,0,50,90,0,0.3
654,48024,50,49,,0,50,90,0,0.3
655,48024,50,71,,0,50,90,0,0.3
656,48024,50,71,,0,50,90,0,0.3
657,48024,50,71,,0,50,90,0,0.3
658,48024,50,70,,0,50,90,0,0.3
659,48025,50,70,,0,50,90,0,0.3
660,48027,50,70,,0,50,90,0,0.3
661,48028,50,49,,0,50,90,0,0.3
662,48028,50,52,,0,50,90,0,0.3
663,48028,50,71,,0,50,90,0,0.3
664,48028,50,49,,0,50,90,0,0.3
665,48030,50,54,,0,50,90,0,0.3
666,48030,50,52,,0,50,90,0,0.3
667,48030,50,54,,0,50,90,0,0.3
668,48032,50,71,,0,50,90,0,0.3
669,48032,50,54,,0,50,90,0,0.3
670,48033,50,49,,0,50,90,0,0.3
671,48033,50,68,,0,50,90,0,0.3
672,48033,50,49,,0,50,90,0,0.3
673,48033,50,70,,0,50,90,0,0.3
674,48033,50,70,,0,50,90,0,0.3
675,48033,50,52,,0,50,90,0,0.3
676,48035,50,71,,0,50,90,0,0.3
677,48035,50,49,,0,50,90,0,0.3
678,48035,50,70,,0,50,90,0,0.3
679,48036,50,49,,0,50,90,0,0.3
680,48036,50,68,,0,50,90,0,0.3
681,48037,50,68,,0,50,90,0,0.3
682,48037,50,71,,0,50,90,0,0.3
683,48037,50,54,,0,50,90,0,0.3
684,48038,50,70,,0,50,90,0,0.3
685,48038,50,54,,0,50,90,0,0.3
686,48038,50,68,,0,50,90,0,0.3
687,48038,50,71,,0,50,90,0,0.3
688,48041,50,52,,0,50,90,0,0.3
689,48041,50,68,,0,50,90,0,0.3
690,48041,50,70,,0,50,90,0,0.3
691,48041,50,71,,0,50,90,0,0.3
692,48041,50,54,,0,50,90,0,0.3
693,48041,50,71,,0,50,90,0,0.3
694,48041,50,71,,0,50,90,0,0.3
695,48041,50,52,,0,50,90,0,0.3
696,48041,50,71,,0,50,90,0,0.3
697,48043,50,54,,0,50,90,0,0.3
698,48043,50,54,,0,50,90,0,0.3
699,48043,50,52,,0,50,90,0,0.3
700,48043,50,71,,0,50,90,0,0.3
701,48043,50,54,,0,50,90,0,0.3
702,48043,50,54,,0,50,90,0,0.3
703,48043,50,68,,0,50,90,0,0.3
704,48043,50,52,,0,50,90,0,0.3
705,48043,50,71,,0,50,90,0,0.3
706,48043,50,71,,0,50,90,0,0.3
707,48043,50,52,,0,50,90,0,0.3
708,48043,50,52,,0,50,90,0,0.3
709,48043,50,49,,0,50,90,0,0.3
710,48043,50,71,,0,50,90,0,0.3
711,48043,50,52,,0,50,90,0,0.3
712,48043,50,68,,0,50,90,0,0.3
713,48043,50,68,,0,50,90,0,0.3
714,48043,50,70,,0,50,90,0,0.3
715,48043,50,54,,0,50,90,0,0.3
716,48043,50,49,,0,50,90,0,0.3
717,48043,50,70,,0,50,90,0,0.3
718,48043,50,52,,0,50,90,0,0.3
719,48043,50,52,,0,50,90,0,0.3
720,48043,50,71,,0,50,90,0,0.3
721,48043,50,54,,0,50,90,0,0.3
722,48043,50,68,,0,50,90,0,0.3
723,48043,50,68,,0,50,90,0,0.3
724,48043,50,49,,0,50,90,0,0.3
725,48043,50,52,,0,50,90,0,0.3
726,48043,50,71,,0,50,90,0,0.3
727,48043,50,71,,0,50,90,0,0.3
728,48043,50,70,,0,50,90,0,0.3
729,48043,50,49,,0,50,90,0,0.3
730,48043,50,71,,0,50,90,0,0.3
731,48043,50,71,,0,50,90,0,0.3
732,48043,50,49,,0,50,90,0,0.3
733,48043,50,52,,0,50,90,0,0.3
734,48043,50,71,,0,50,90,0,0.3
735,48043,50,70,,0,50,90,0,0.3
736,48044,50,54,,0,50,90,0,0.3
737,48044,50,70,,0,50,90,0,0.3
738,48044,50,68,,0,50,90,0,0.3
739,48044,50,52,,0,50,90,0,0.3
740,48044,50,71,,0,50,90,0,0.3
741,48044,50,52,,0,50,90,0,0.3
742,48044,50,54,,0,50,90,0,0.3
743,48044,50,71,,0,50,90,0,0.3
744,48044,50,70,,0,50,90,0,0.3
745,48046,50,70,,0,50,90,0,0.3
746,48046,50,49,,0,50,90,0,0.3
747,48046,50,54,,0,50,90,0,0.3
748,48049,50,71,,0,50,90,0,0.3
749,48050,50,54,,0,50,90,0,0.3
750,48050,50,71,,0,50,90,0,0.3
751,48050,50,68,,0,50,90,0,0.3
752,48052,50,71,,0,50,90,0,0.3
753,48052,50,71,,0,50,90,0,0.3
754,48052,50,54,,0,50,90,0,0.3
755,48052,50,68,,0,50,90,0,0.3
756,48052,50,71,,0,50,90,0,0.3
757,48052,50,49,,0,50,90,0,0.3
758,48053,50,68,,0,50,90,0,0.3
759,48053,50,68,,0,50,90,0,0.3
760,48054,50,71,,0,50,90,0,0.3
761,48054,50,68,,0,50,90,0,0.3
762,53004,50,49,,0,50,90,0,0.3
763,53006,50,71,,0,50,90,0,0.3
764,53007,50,54,,0,50,90,0,0.3
765,53009,50,71,,0,50,90,0,0.3
766,53011,50,71,,0,50,90,0,0.3
767,53016,50,70,,0,50,90,0,0.3
768,53022,50,71,,0,50,90,0,0.3
769,49007,50,54,,0,50,90,0,0.3
770,49009,50,49,,0,50,90,0,0.3
771,49009,50,52,,0,50,90,0,0.3
772,49012,50,68,,0,50,90,0,0.3
773,49014,50,52,,0,50,90,0,0.3
774,49017,50,52,,0,50,90,0,0.3
775,49020,50,68,,0,50,90,0,0.3
776,49021,50,52,,0,50,90,0,0.3
777,46001,50,54,,0,50,90,0,0.3
778,46003,50,49,,0,50,90,0,0.3
779,46004,50,54,,0,50,90,0,0.3
780,46005,50,49,,0,50,90,0,0.3
781,46006,50,49,,0,50,90,0,0.3
782,46007,50,52,,0,50,90,0,0.3
783,46017,50,68,,0,50,90,0,0.3
784,46020,50,52,,0,50,90,0,0.3
785,46033,50,54,,0,50,90,0,0.3
786,45003,50,54,,0,50,90,0,0.3
787,45004,50,49,,0,50,90,0,0.3
788,50004,50,49,,0,50,90,0,0.3
789,50008,50,70,,0,50,90,0,0.3
790,50009,50,52,,0,50,90,0,0.3
791,50022,50,70,,0,50,90,0,0.3
792,50024,50,70,,0,50,90,0,0.3
793,50025,50,54,,0,50,90,0,0.3
794,50026,50,71,,0,50,90,0,0.3
795,50029,50,70,,0,50,90,0,0.3
796,50032,50,54,,0,50,90,0,0.3
797,50032,50,54,,0,50,90,0,0.3
798,50033,50,49,,0,50,90,0,0.3
799,50035,50,71,,0,50,90,0,0.3
800,50037,50,70,,0,50,90,0,0.3
801,50040,50,71,,0,50,90,0,0.3
802,100001,50,49,,0,50,90,0,0.3
803,100002,50,49,,0,50,90,0,0.3
804,100002,50,71,,0,50,90,0,0.3
805,100003,50,68,,0,50,90,0,0.3
806,100004,50,71,,0,50,90,0,0.3
807,100004,50,71,,0,50,90,0,0.3
808,100005,50,54,,0,50,90,0,0.3
809,100005,50,54,,0,50,90,0,0.3
810,100005,50,70,,0,50,90,0,0.3
811,100005,50,54,,0,50,90,0,0.3
812,100005,50,71,,0,50,90,0,0.3
813,100005,50,52,,0,50,90,0,0.3
814,100005,50,70,,0,50,90,0,0.3
815,100005,50,71,,0,50,90,0,0.3
816,100005,50,68,,0,50,90,0,0.3
817,100005,50,54,,0,50,90,0,0.3
818,100006,50,52,,0,50,90,0,0.3
819,100007,50,71,,0,50,90,0,0.3
820,47002,50,49,,0,50,90,0,0.3
821,47003,50,49,,0,50,90,0,0.3
822,47005,50,70,,0,50,90,0,0.3
823,47006,50,54,,0,50,90,0,0.3
824,47009,50,49,,0,50,90,0,0.3
825,47009,50,70,,0,50,90,0,0.3
826,47010,50,52,,0,50,90,0,0.3
827,47011,50,54,,0,50,90,0,0.3
828,47011,50,54,,0,50,90,0,0.3
829,47012,50,70,,0,50,90,0,0.3
830,47013,50,49,,0,50,90,0,0.3
831,47014,50,71,,0,50,90,0,0.3
832,47014,50,71,,0,50,90,0,0.3
833,47014,50,52,,0,50,90,0,0.3
834,47016,50,68,,0,50,90,0,0.3
835,47017,50,54,,0,50,90,0,0.3
836,47017,50,68,,0,50,90,0,0.3
837,47020,50,54,,0,50,90,0,0.3
838,47021,50,54,,0,50,90,0,0.3
839,47022,50,52,,0,50,90,0,0.3
840,47023,50,70,,0,50,90,0,0.3
841,52001,50,71,,0,50,90,0,0.3
842,52004,50,68,,0,50,90,0,0.3
843,52009,50,52,,0,50,90,0,0.3
844,52011,50,68,,0,50,90,0,0.3
845,52012,50,68,,0,50,90,0,0.3
846,52016,50,49,,0,50,90,0,0.3
847,52017,50,68,,0,50,90,0,0.3
848,52022,50,52,,0,50,90,0,0.3
849,52022,50,68,,0,50,90,0,0.3
850,52023,50,52,,0,50,90,0,0.3
851,52026,50,68,,0,50,90,0,0.3
852,52028,50,70,,0,50,90,0,0.3
853,52031,50,68,,0,50,90,0,0.3
854,52032,50,52,,0,50,90,0,0.3
855,52033,50,68,,0,50,90,0,0.3
856,52034,50,71,,0,50,90,0,0.3
857,52035,50,71,,0,50,90,0,0.3
858,52037,50,70,,0,50,90,0,0.3
859,51002,51,70,,0,50,90,0,0.3
860,51005,51,68,,0,50,90,0,0.3
861,51016,51,49,,0,50,90,0,0.3
862,51017,51,54,,0,50,90,0,0.3
863,51018,51,68,,0,50,90,0,0.3
864,51021,51,52,,0,50,90,0,0.3
865,51022,51,49,,0,50,90,0,0.3
866,51026,51,71,,0,50,90,0,0.3
867,51027,51,70,,0,50,90,0,0.3
868,51034,51,70,,0,50,90,0,0.3
869,48010,51,70,,0,50,90,0,0.3
870,48012,51,71,,0,50,90,0,0.3
871,48012,51,49,,0,50,90,0,0.3
872,48020,51,54,,0,50,90,0,0.3
873,48038,51,70,,0,50,90,0,0.3
874,48054,51,71,,0,50,90,0,0.3
875,53001,51,49,,0,50,90,0,0.3
876,53005,51,71,,0,50,90,0,0.3
877,53006,51,71,,0,50,90,0,0.3
878,53008,51,52,,0,50,90,0,0.3
879,53009,51,52,,0,50,90,0,0.3
880,53010,51,68,,0,50,90,0,0.3
881,53011,51,71,,0,50,90,0,0.3
882,53014,51,49,,0,50,90,0,0.3
883,53015,51,70,,0,50,90,0,0.3
884,53016,51,49,,0,50,90,0,0.3
885,53018,51,71,,0,50,90,0,0.3
886,53021,51,54,,0,50,90,0,0.3
887,53026,51,68,,0,50,90,0,0.3
888,49009,51,70,,0,50,90,0,0.3
889,49014,51,71,,0,50,90,0,0.3
890,46001,51,71,,0,50,90,0,0.3
891,50011,51,54,,0,50,90,0,0.3
892,50026,51,68,,0,50,90,0,0.3
893,50032,51,49,,0,50,90,0,0.3
894,50039,51,68,,0,50,90,0,0.3
895,47006,51,71,,0,50,90,0,0.3
896,52001,51,54,,0,50,90,0,0.3
897,52002,51,70,,0,50,90,0,0.3
898,52002,51,68,,0,50,90,0,0.3
899,52002,51,68,,0,50,90,0,0.3
900,52002,51,70,,0,50,90,0,0.3
901,52002,51,70,,0,50,90,0,0.3
902,52003,51,71,,0,50,90,0,0.3
903,52003,51,52,,0,50,90,0,0.3
904,52003,51,49,,0,50,90,0,0.3
905,52004,51,54,,0,50,90,0,0.3
906,52005,51,70,,0,50,90,0,0.3
907,52005,51,68,,0,50,90,0,0.3
908,52006,51,52,,0,50,90,0,0.3
909,52006,51,70,,0,50,90,0,0.3
910,52006,51,49,,0,50,90,0,0.3
911,52006,51,70,,0,50,90,0,0.3
912,52006,51,71,,0,50,90,0,0.3
913,52006,51,52,,0,50,90,0,0.3
914,52007,51,71,,0,50,90,0,0.3
915,52008,51,70,,0,50,90,0,0.3
916,52009,51,49,,0,50,90,0,0.3
917,52010,51,71,,0,50,90,0,0.3
918,52011,51,68,,0,50,90,0,0.3
919,52012,51,70,,0,50,90,0,0.3
920,52012,51,71,,0,50,90,0,0.3
921,52012,51,54,,0,50,90,0,0.3
922,52012,51,52,,0,50,90,0,0.3
923,52013,51,71,,0,50,90,0,0.3
924,52015,51,52,,0,50,90,0,0.3
925,52016,51,52,,0,50,90,0,0.3
926,52016,51,71,,0,50,90,0,0.3
927,52016,51,49,,0,50,90,0,0.3
928,52016,51,70,,0,50,90,0,0.3
929,52016,51,52,,0,50,90,0,0.3
930,52016,51,52,,0,50,90,0,0.3
931,52016,51,54,,0,50,90,0,0.3
932,52016,51,68,,0,50,90,0,0.3
933,52017,51,52,,0,50,90,0,0.3
934,52017,51,49,,0,50,90,0,0.3
935,52017,51,70,,0,50,90,0,0.3
936,52017,51,71,,0,50,90,0,0.3
937,52017,51,54,,0,50,90,0,0.3
938,52017,51,68,,0,50,90,0,0.3
939,52017,51,49,,0,50,90,0,0.3
940,52017,51,49,,0,50,90,0,0.3
941,52017,51,54,,0,50,90,0,0.3
942,52018,51,52,,0,50,90,0,0.3
943,52019,51,49,,0,50,90,0,0.3
944,52019,51,49,,0,50,90,0,0.3
945,52019,51,54,,0,50,90,0,0.3
946,52020,51,70,,0,50,90,0,0.3
947,52021,51,49,,0,50,90,0,0.3
948,52022,51,70,,0,50,90,0,0.3
949,52022,51,49,,0,50,90,0,0.3
950,52022,51,70,,0,50,90,0,0.3
951,52023,51,70,,0,50,90,0,0.3
952,52024,51,68,,0,50,90,0,0.3
953,52026,51,71,,0,50,90,0,0.3
954,52026,51,49,,0,50,90,0,0.3
955,52026,51,52,,0,50,90,0,0.3
956,52026,51,49,,0,50,90,0,0.3
957,52028,51,54,,0,50,90,0,0.3
958,52030,51,49,,0,50,90,0,0.3
959,52031,51,71,,0,50,90,0,0.3
960,52032,51,54,,0,50,90,0,0.3
961,52032,51,54,,0,50,90,0,0.3
962,52032,51,71,,0,50,90,0,0.3
963,52032,51,70,,0,50,90,0,0.3
964,52032,51,49,,0,50,90,0,0.3
965,52032,51,54,,0,50,90,0,0.3
966,52032,51,68,,0,50,90,0,0.3
967,52032,51,54,,0,50,90,0,0.3
968,52032,51,49,,0,50,90,0,0.3
969,52032,51,70,,0,50,90,0,0.3
970,52032,51,54,,0,50,90,0,0.3
971,52032,51,54,,0,50,90,0,0.3
972,52032,51,70,,0,50,90,0,0.3
973,52032,51,68,,0,50,90,0,0.3
974,52032,51,68,,0,50,90,0,0.3
975,52032,51,68,,0,50,90,0,0.3
976,52032,51,54,,0,50,90,0,0.3
977,52032,51,71,,0,50,90,0,0.3
978,52032,51,70,,0,50,90,0,0.3
979,52032,51,70,,0,50,90,0,0.3
980,52032,51,49,,0,50,90,0,0.3
981,52032,51,54,,0,50,90,0,0.3
982,52032,51,71,,0,50,90,0,0.3
983,52032,51,71,,0,50,90,0,0.3
984,52032,51,54,,0,50,90,0,0.3
985,52032,51,68,,0,50,90,0,0.3
986,52032,51,68,,0,50,90,0,0.3
987,52032,51,54,,0,50,90,0,0.3
988,52032,51,52,,0,50,90,0,0.3
989,52032,51,54,,0,50,90,0,0.3
990,52032,51,52,,0,50,90,0,0.3
991,52032,51,71,,0,50,90,0,0.3
992,52032,51,71,,0,50,90,0,0.3
993,52032,51,68,,0,50,90,0,0.3
994,52032,51,52,,0,50,90,0,0.3
995,52033,51,71,,0,50,90,0,0.3
996,52033,51,70,,0,50,90,0,0.3
997,52034,51,49,,0,50,90,0,0.3
998,52034,51,49,,0,50,90,0,0.3
999,52034,51,49,,0,50,90,0,0.3
1000,52034,51,70,,0,50,90,0,0.3
1001,52034,51,68,,0,50,90,0,0.3
1002,52034,51,54,,0,50,90,0,0.3
1003,52034,51,68,,0,50,90,0,0.3
1004,52034,51,52,,0,50,90,0,0.3
1005,52034,51,68,,0,50,90,0,0.3
1006,52034,51,70,,0,50,90,0,0.3
1007,52034,51,70,,0,50,90,0,0.3
1008,52035,51,71,,0,50,90,0,0.3
1009,52036,51,54,,0,50,90,0,0.3
1010,52037,51,49,,0,50,90,0,0.3
1011,52037,51,71,,0,50,90,0,0.3
1012,51002,52,54,,0,50,90,0,0.3
1013,51011,52,68,,0,50,90,0,0.3
1014,51012,52,68,,0,50,90,0,0.3
1015,51017,52,54,,0,50,90,0,0.3
1016,51017,52,54,,0,50,90,0,0.3
1017,51018,52,54,,0,50,90,0,0.3
1018,51018,52,52,,0,50,90,0,0.3
1019,51021,52,71,,0,50,90,0,0.3
1020,51025,52,49,,0,50,90,0,0.3
1021,53001,52,49,,0,50,90,0,0.3
1022,53004,52,49,,0,50,90,0,0.3
1023,53007,52,68,,0,50,90,0,0.3
1024,53011,52,70,,0,50,90,0,0.3
1025,53014,52,70,,0,50,90,0,0.3
1026,53019,52,71,,0,50,90,0,0.3
1027,53022,52,70,,0,50,90,0,0.3
1028,53025,52,71,,0,50,90,0,0.3
1029,52001,52,70,,0,50,90,0,0.3
1030,52001,52,68,,0,50,90,0,0.3
1031,52001,52,49,,0,50,90,0,0.3
1032,52002,52,54,,0,50,90,0,0.3
1033,52007,52,54,,0,50,90,0,0.3
1034,52008,52,70,,0,50,90,0,0.3
1035,52009,52,68,,0,50,90,0,0.3
1036,52009,52,54,,0,50,90,0,0.3
1037,52009,52,71,,0,50,90,0,0.3
1038,52009,52,70,,0,50,90,0,0.3
1039,52011,52,68,,0,50,90,0,0.3
1040,52011,52,49,,0,50,90,0,0.3
1041,52011,52,71,,0,50,90,0,0.3
1042,52011,52,71,,0,50,90,0,0.3
1043,52011,52,54,,0,50,90,0,0.3
1044,52011,52,52,,0,50,90,0,0.3
1045,52012,52,49,,0,50,90,0,0.3
1046,52015,52,52,,0,50,90,0,0.3
1047,52015,52,52,,0,50,90,0,0.3
1048,52015,52,52,,0,50,90,0,0.3
1049,52015,52,68,,0,50,90,0,0.3
1050,52015,52,68,,0,50,90,0,0.3
1051,52015,52,54,,0,50,90,0,0.3
1052,52015,52,49,,0,50,90,0,0.3
1053,52015,52,52,,0,50,90,0,0.3
1054,52017,52,49,,0,50,90,0,0.3
1055,52020,52,54,,0,50,90,0,0.3
1056,52020,52,54,,0,50,90,0,0.3
1057,52020,52,49,,0,50,90,0,0.3
1058,52021,52,54,,0,50,90,0,0.3
1059,52021,52,70,,0,50,90,0,0.3
1060,52022,52,54,,0,50,90,0,0.3
1061,52024,52,54,,0,50,90,0,0.3
1062,52026,52,52,,0,50,90,0,0.3
1063,52027,52,70,,0,50,90,0,0.3
1064,52030,52,52,,0,50,90,0,0.3
1065,52030,52,68,,0,50,90,0,0.3
1066,52031,52,71,,0,50,90,0,0.3
1067,52031,52,70,,0,50,90,0,0.3
1068,52033,52,52,,0,50,90,0,0.3
1069,52033,52,52,,0,50,90,0,0.3
1070,52033,52,49,,0,50,90,0,0.3
1071,52033,52,68,,0,50,90,0,0.3
1072,52033,52,54,,0,50,90,0,0.3
1073,52033,52,49,,0,50,90,0,0.3
1074,52033,52,54,,0,50,90,0,0.3
1075,52035,52,52,,0,50,90,0,0.3
1076,52035,52,54,,0,50,90,0,0.3
1077,52036,52,70,,0,50,90,0,0.3
1078,52037,52,68,,0,50,90,0,0.3
1079,51002,53,52,,0,50,90,0,0.3
1080,48017,53,70,,0,50,90,0,0.3
1081,48022,53,54,,0,50,90,0,0.3
1082,53001,53,52,,0,50,90,0,0.3
1083,53001,53,71,,0,50,90,0,0.3
1084,53001,53,68,,0,50,90,0,0.3
1085,53002,53,54,,0,50,90,0,0.3
1086,53003,53,70,,0,50,90,0,0.3
1087,53004,53,68,,0,50,90,0,0.3
1088,53004,53,68,,0,50,90,0,0.3
1089,53005,53,71,,0,50,90,0,0.3
1090,53006,53,71,,0,50,90,0,0.3
1091,53006,53,54,,0,50,90,0,0.3
1092,53006,53,49,,0,50,90,0,0.3
1093,53006,53,71,,0,50,90,0,0.3
1094,53007,53,52,,0,50,90,0,0.3
1095,53007,53,52,,0,50,90,0,0.3
1096,53008,53,71,,0,50,90,0,0.3
1097,53008,53,49,,0,50,90,0,0.3
1098,53009,53,68,,0,50,90,0,0.3
1099,53009,53,70,,0,50,90,0,0.3
1100,53009,53,71,,0,50,90,0,0.3
1101,53009,53,71,,0,50,90,0,0.3
1102,53009,53,70,,0,50,90,0,0.3
1103,53009,53,70,,0,50,90,0,0.3
1104,53009,53,52,,0,50,90,0,0.3
1105,53009,53,52,,0,50,90,0,0.3
1106,53009,53,70,,0,50,90,0,0.3
1107,53009,53,68,,0,50,90,0,0.3
1108,53009,53,49,,0,50,90,0,0.3
1109,53010,53,52,,0,50,90,0,0.3
1110,53010,53,54,,0,50,90,0,0.3
1111,53010,53,70,,0,50,90,0,0.3
1112,53010,53,68,,0,50,90,0,0.3
1113,53010,53,49,,0,50,90,0,0.3
1114,53010,53,68,,0,50,90,0,0.3
1115,53011,53,54,,0,50,90,0,0.3
1116,53011,53,49,,0,50,90,0,0.3
1117,53011,53,70,,0,50,90,0,0.3
1118,53011,53,52,,0,50,90,0,0.3
1119,53011,53,68,,0,50,90,0,0.3
1120,53011,53,49,,0,50,90,0,0.3
1121,53011,53,70,,0,50,90,0,0.3
1122,53011,53,52,,0,50,90,0,0.3
1123,53011,53,52,,0,50,90,0,0.3
1124,53011,53,70,,0,50,90,0,0.3
1125,53011,53,71,,0,50,90,0,0.3
1126,53011,53,71,,0,50,90,0,0.3
1127,53011,53,49,,0,50,90,0,0.3
1128,53011,53,68,,0,50,90,0,0.3
1129,53011,53,54,,0,50,90,0,0.3
1130,53011,53,70,,0,50,90,0,0.3
1131,53011,53,70,,0,50,90,0,0.3
1132,53011,53,68,,0,50,90,0,0.3
1133,53011,53,70,,0,50,90,0,0.3
1134,53011,53,52,,0,50,90,0,0.3
1135,53011,53,52,,0,50,90,0,0.3
1136,53011,53,68,,0,50,90,0,0.3
1137,53011,53,71,,0,50,90,0,0.3
1138,53011,53,49,,0,50,90,0,0.3
1139,53011,53,71,,0,50,90,0,0.3
1140,53011,53,68,,0,50,90,0,0.3
1141,53011,53,68,,0,50,90,0,0.3
1142,53011,53,68,,0,50,90,0,0.3
1143,53011,53,71,,0,50,90,0,0.3
1144,53011,53,70,,0,50,90,0,0.3
1145,53011,53,54,,0,50,90,0,0.3
1146,53011,53,54,,0,50,90,0,0.3
1147,53011,53,68,,0,50,90,0,0.3
1148,53011,53,49,,0,50,90,0,0.3
1149,53011,53,49,,0,50,90,0,0.3
1150,53011,53,70,,0,50,90,0,0.3
1151,53011,53,68,,0,50,90,0,0.3
1152,53011,53,54,,0,50,90,0,0.3
1153,53011,53,52,,0,50,90,0,0.3
1154,53011,53,71,,0,50,90,0,0.3
1155,53011,53,54,,0,50,90,0,0.3
1156,53011,53,54,,0,50,90,0,0.3
1157,53011,53,52,,0,50,90,0,0.3
1158,53011,53,68,,0,50,90,0,0.3
1159,53011,53,68,,0,50,90,0,0.3
1160,53011,53,49,,0,50,90,0,0.3
1161,53011,53,70,,0,50,90,0,0.3
1162,53011,53,52,,0,50,90,0,0.3
1163,53011,53,68,,0,50,90,0,0.3
1164,53011,53,52,,0,50,90,0,0.3
1165,53011,53,49,,0,50,90,0,0.3
1166,53011,53,70,,0,50,90,0,0.3
1167,53011,53,68,,0,50,90,0,0.3
1168,53011,53,52,,0,50,90,0,0.3
1169,53011,53,52,,0,50,90,0,0.3
1170,53011,53,71,,0,50,90,0,0.3
1171,53011,53,52,,0,50,90,0,0.3
1172,53012,53,54,,0,50,90,0,0.3
1173,53013,53,70,,0,50,90,0,0.3
1174,53013,53,70,,0,50,90,0,0.3
1175,53014,53,52,,0,50,90,0,0.3
1176,53014,53,49,,0,50,90,0,0.3
1177,53014,53,70,,0,50,90,0,0.3
1178,53014,53,71,,0,50,90,0,0.3
1179,53015,53,54,,0,50,90,0,0.3
1180,53015,53,70,,0,50,90,0,0.3
1181,53015,53,52,,0,50,90,0,0.3
1182,53015,53,54,,0,50,90,0,0.3
1183,53015,53,70,,0,50,90,0,0.3
1184,53016,53,54,,0,50,90,0,0.3
1185,53016,53,71,,0,50,90,0,0.3
1186,53016,53,54,,0,50,90,0,0.3
1187,53016,53,70,,0,50,90,0,0.3
1188,53016,53,71,,0,50,90,0,0.3
1189,53016,53,54,,0,50,90,0,0.3
1190,53016,53,68,,0,50,90,0,0.3
1191,53016,53,71,,0,50,90,0,0.3
1192,53017,53,54,,0,50,90,0,0.3
1193,53018,53,54,,0,50,90,0,0.3
1194,53018,53,70,,0,50,90,0,0.3
1195,53018,53,49,,0,50,90,0,0.3
1196,53018,53,54,,0,50,90,0,0.3
1197,53018,53,49,,0,50,90,0,0.3
1198,53018,53,52,,0,50,90,0,0.3
1199,53018,53,71,,0,50,90,0,0.3
1200,53018,53,68,,0,50,90,0,0.3
1201,53018,53,68,,0,50,90,0,0.3
1202,53018,53,52,,0,50,90,0,0.3
1203,53019,53,52,,0,50,90,0,0.3
1204,53019,53,71,,0,50,90,0,0.3
1205,53020,53,71,,0,50,90,0,0.3
1206,53021,53,52,,0,50,90,0,0.3
1207,53021,53,70,,0,50,90,0,0.3
1208,53021,53,71,,0,50,90,0,0.3
1209,53021,53,68,,0,50,90,0,0.3
1210,53021,53,49,,0,50,90,0,0.3
1211,53021,53,71,,0,50,90,0,0.3
1212,53022,53,71,,0,50,90,0,0.3
1213,53023,53,70,,0,50,90,0,0.3
1214,53023,53,54,,0,50,90,0,0.3
1215,53024,53,71,,0,50,90,0,0.3
1216,53024,53,71,,0,50,90,0,0.3
1217,53026,53,70,,0,50,90,0,0.3
1218,53027,53,71,,0,50,90,0,0.3
1219,53028,53,49,,0,50,90,0,0.3
1220,49002,53,68,,0,50,90,0,0.3
1221,49002,53,68,,0,50,90,0,0.3
1222,49007,53,70,,0,50,90,0,0.3
1223,49009,53,71,,0,50,90,0,0.3
1224,49012,53,71,,0,50,90,0,0.3
1225,49012,53,52,,0,50,90,0,0.3
1226,49012,53,49,,0,50,90,0,0.3
1227,49012,53,70,,0,50,90,0,0.3
1228,49012,53,54,,0,50,90,0,0.3
1229,49014,53,71,,0,50,90,0,0.3
1230,49018,53,68,,0,50,90,0,0.3
1231,49020,53,68,,0,50,90,0,0.3
1232,50011,53,54,,0,50,90,0,0.3
1233,50027,53,70,,0,50,90,0,0.3
1234,47011,53,70,,0,50,90,0,0.3
1235,52001,53,49,,0,50,90,0,0.3
1236,52017,53,49,,0,50,90,0,0.3
1237,52020,53,71,,0,50,90,0,0.3
1238,52023,53,49,,0,50,90,0,0.3
1239,52030,53,71,,0,50,90,0,0.3
1240,52032,53,70,,0,50,90,0,0.3
1241,52037,53,49,,0,50,90,0,0.3
1242,51002,54,71,,0,50,90,0,0.3
1243,48001,54,49,,0,50,90,0,0.3
1244,48002,54,49,,0,50,90,0,0.3
1245,48002,54,71,,0,50,90,0,0.3
1246,48002,54,68,,0,50,90,0,0.3
1247,48002,54,71,,0,50,90,0,0.3
1248,48002,54,71,,0,50,90,0,0.3
1249,48002,54,70,,0,50,90,0,0.3
1250,48002,54,54,,0,50,90,0,0.3
1251,48002,54,49,,0,50,90,0,0.3
1252,48004,54,49,,0,50,90,0,0.3
1253,48004,54,54,,0,50,90,0,0.3
1254,48004,54,70,,0,50,90,0,0.3
1255,48004,54,71,,0,50,90,0,0.3
1256,48004,54,68,,0,50,90,0,0.3
1257,48004,54,70,,0,50,90,0,0.3
1258,48004,54,54,,0,50,90,0,0.3
1259,48004,54,70,,0,50,90,0,0.3
1260,48004,54,49,,0,50,90,0,0.3
1261,48004,54,68,,0,50,90,0,0.3
1262,48004,54,68,,0,50,90,0,0.3
1263,48004,54,70,,0,50,90,0,0.3
1264,48004,54,68,,0,50,90,0,0.3
1265,48005,54,70,,0,50,90,0,0.3
1266,48013,54,49,,0,50,90,0,0.3
1267,48013,54,49,,0,50,90,0,0.3
1268,48013,54,71,,0,50,90,0,0.3
1269,48015,54,54,,0,50,90,0,0.3
1270,48017,54,52,,0,50,90,0,0.3
1271,48018,54,70,,0,50,90,0,0.3
1272,48018,54,70,,0,50,90,0,0.3
1273,48025,54,70,,0,50,90,0,0.3
1274,48026,54,70,,0,50,90,0,0.3
1275,48031,54,49,,0,50,90,0,0.3
1276,48032,54,71,,0,50,90,0,0.3
1277,48033,54,71,,0,50,90,0,0.3
1278,48035,54,52,,0,50,90,0,0.3
1279,48037,54,70,,0,50,90,0,0.3
1280,48039,54,71,,0,50,90,0,0.3
1281,48041,54,71,,0,50,90,0,0.3
1282,48046,54,52,,0,50,90,0,0.3
1283,48049,54,68,,0,50,90,0,0.3
1284,48049,54,71,,0,50,90,0,0.3
1285,48049,54,70,,0,50,90,0,0.3
1286,48049,54,49,,0,50,90,0,0.3
1287,48049,54,54,,0,50,90,0,0.3
1288,48053,54,70,,0,50,90,0,0.3
1289,48053,54,52,,0,50,90,0,0.3
1290,48053,54,71,,0,50,90,0,0.3
1291,48053,54,71,,0,50,90,0,0.3
1292,48053,54,49,,0,50,90,0,0.3
1293,48053,54,68,,0,50,90,0,0.3
1294,48053,54,54,,0,50,90,0,0.3
1295,48053,54,52,,0,50,90,0,0.3
1296,53011,54,54,,0,50,90,0,0.3
1297,100005,54,54,,0,50,90,0,0.3
1298,47011,54,71,,0,50,90,0,0.3
1299,52009,54,52,,0,50,90,0,0.3
1300,51002,55,68,,0,50,90,0,0.3
1301,51015,55,68,,0,50,90,0,0.3
1302,51018,55,68,,0,50,90,0,0.3
1303,48006,55,70,,0,50,90,0,0.3
1304,48010,55,49,,0,50,90,0,0.3
1305,48010,55,49,,0,50,90,0,0.3
1306,48010,55,71,,0,50,90,0,0.3
1307,48011,55,54,,0,50,90,0,0.3
1308,48012,55,68,,0,50,90,0,0.3
1309,48012,55,54,,0,50,90,0,0.3
1310,48012,55,52,,0,50,90,0,0.3
1311,48012,55,49,,0,50,90,0,0.3
1312,48012,55,49,,0,50,90,0,0.3
1313,48012,55,68,,0,50,90,0,0.3
1314,48012,55,52,,0,50,90,0,0.3
1315,48012,55,71,,0,50,90,0,0.3
1316,48014,55,68,,0,50,90,0,0.3
1317,48017,55,52,,0,50,90,0,0.3
1318,48019,55,49,,0,50,90,0,0.3
1319,48020,55,54,,0,50,90,0,0.3
1320,48020,55,71,,0,50,90,0,0.3
1321,48021,55,49,,0,50,90,0,0.3
1322,48024,55,68,,0,50,90,0,0.3
1323,48025,55,68,,0,50,90,0,0.3
1324,48027,55,71,,0,50,90,0,0.3
1325,48027,55,70,,0,50,90,0,0.3
1326,48028,55,52,,0,50,90,0,0.3
1327,48030,55,54,,0,50,90,0,0.3
1328,48030,55,68,,0,50,90,0,0.3
1329,48038,55,52,,0,50,90,0,0.3
1330,48050,55,71,,0,50,90,0,0.3
1331,48054,55,54,,0,50,90,0,0.3
1332,48054,55,52,,0,50,90,0,0.3
1333,48054,55,52,,0,50,90,0,0.3
1334,48054,55,52,,0,50,90,0,0.3
1335,53006,55,70,,0,50,90,0,0.3
1336,53008,55,68,,0,50,90,0,0.3
1337,53011,55,52,,0,50,90,0,0.3
1338,53017,55,68,,0,50,90,0,0.3
1339,53018,55,49,,0,50,90,0,0.3
1340,53023,55,49,,0,50,90,0,0.3
1341,49009,55,49,,0,50,90,0,0.3
1342,49012,55,71,,0,50,90,0,0.3
1343,50004,55,70,,0,50,90,0,0.3
1344,50019,55,52,,0,50,90,0,0.3
1345,50022,55,70,,0,50,90,0,0.3
1346,50026,55,54,,0,50,90,0,0.3
1347,50027,55,49,,0,50,90,0,0.3
1348,50032,55,68,,0,50,90,0,0.3
1349,50032,55,68,,0,50,90,0,0.3
1350,50032,55,70,,0,50,90,0,0.3
1351,50033,55,54,,0,50,90,0,0.3
1352,50039,55,52,,0,50,90,0,0.3
1353,47005,55,68,,0,50,90,0,0.3
1354,47012,55,71,,0,50,90,0,0.3
1355,52002,55,52,,0,50,90,0,0.3
1356,52004,55,49,,0,50,90,0,0.3
1357,52004,55,68,,0,50,90,0,0.3
1358,52005,55,54,,0,50,90,0,0.3
1359,52006,55,49,,0,50,90,0,0.3
1360,52010,55,68,,0,50,90,0,0.3
1361,52012,55,68,,0,50,90,0,0.3
1362,52012,55,52,,0,50,90,0,0.3
1363,52012,55,71,,0,50,90,0,0.3
1364,52012,55,68,,0,50,90,0,0.3
1365,52012,55,68,,0,50,90,0,0.3
1366,52012,55,71,,0,50,90,0,0.3
1367,52012,55,70,,0,50,90,0,0.3
1368,52012,55,71,,0,50,90,0,0.3
1369,52012,55,71,,0,50,90,0,0.3
1370,52012,55,68,,0,50,90,0,0.3
1371,52012,55,68,,0,50,90,0,0.3
1372,52012,55,71,,0,50,90,0,0.3
1373,52012,55,68,,0,50,90,0,0.3
1374,52012,55,49,,0,50,90,0,0.3
1375,52012,55,54,,0,50,90,0,0.3
1376,52012,55,71,,0,50,90,0,0.3
1377,52012,55,52,,0,50,90,0,0.3
1378,52013,55,54,,0,50,90,0,0.3
1379,52016,55,52,,0,50,90,0,0.3
1380,52016,55,70,,0,50,90,0,0.3
1381,52017,55,52,,0,50,90,0,0.3
1382,52018,55,54,,0,50,90,0,0.3
1383,52019,55,70,,0,50,90,0,0.3
1384,52022,55,68,,0,50,90,0,0.3
1385,52022,55,71,,0,50,90,0,0.3
1386,52022,55,70,,0,50,90,0,0.3
1387,52022,55,52,,0,50,90,0,0.3
1388,52022,55,70,,0,50,90,0,0.3
1389,52022,55,70,,0,50,90,0,0.3
1390,52022,55,71,,0,50,90,0,0.3
1391,52022,55,52,,0,50,90,0,0.3
1392,52022,55,68,,0,50,90,0,0.3
1393,52022,55,49,,0,50,90,0,0.3
1394,52022,55,52,,0,50,90,0,0.3
1395,52022,55,54,,0,50,90,0,0.3
1396,52022,55,49,,0,50,90,0,0.3
1397,52022,55,52,,0,50,90,0,0.3
1398,52022,55,70,,0,50,90,0,0.3
1399,52022,55,68,,0,50,90,0,0.3
1400,52022,55,54,,0,50,90,0,0.3
1401,52022,55,54,,0,50,90,0,0.3
1402,52022,55,49,,0,50,90,0,0.3
1403,52022,55,70,,0,50,90,0,0.3
1404,52023,55,54,,0,50,90,0,0.3
1405,52025,55,52,,0,50,90,0,0.3
1406,52028,55,70,,0,50,90,0,0.3
1407,52028,55,68,,0,50,90,0,0.3
1408,52028,55,52,,0,50,90,0,0.3
1409,52028,55,49,,0,50,90,0,0.3
1410,52028,55,70,,0,50,90,0,0.3
1411,52032,55,54,,0,50,90,0,0.3
1412,52032,55,68,,0,50,90,0,0.3
1413,52033,55,70,,0,50,90,0,0.3
1414,52034,55,71,,0,50,90,0,0.3
1415,51002,56,54,,0,50,90,0,0.3
1416,51004,56,52,,0,50,90,0,0.3
1417,51013,56,71,,0,50,90,0,0.3
1418,51022,56,68,,0,50,90,0,0.3
1419,48006,56,54,,0,50,90,0,0.3
1420,48014,56,68,,0,50,90,0,0.3
1421,48017,56,49,,0,50,90,0,0.3
1422,48018,56,71,,0,50,90,0,0.3
1423,48019,56,70,,0,50,90,0,0.3
1424,48021,56,70,,0,50,90,0,0.3
1425,53009,56,70,,0,50,90,0,0.3
1426,49004,56,71,,0,50,90,0,0.3
1427,49007,56,71,,0,50,90,0,0.3
1428,49009,56,71,,0,50,90,0,0.3
1429,49014,56,49,,0,50,90,0,0.3
1430,49017,56,71,,0,50,90,0,0.3
1431,46001,56,71,,0,50,90,0,0.3
1432,46005,56,71,,0,50,90,0,0.3
1433,46005,56,70,,0,50,90,0,0.3
1434,46007,56,70,,0,50,90,0,0.3
1435,46009,56,71,,0,50,90,0,0.3
1436,46011,56,68,,0,50,90,0,0.3
1437,46013,56,54,,0,50,90,0,0.3
1438,46015,56,70,,0,50,90,0,0.3
1439,46017,56,71,,0,50,90,0,0.3
1440,46018,56,71,,0,50,90,0,0.3
1441,46022,56,70,,0,50,90,0,0.3
1442,46023,56,68,,0,50,90,0,0.3
1443,46024,56,54,,0,50,90,0,0.3
1444,46028,56,49,,0,50,90,0,0.3
1445,46030,56,52,,0,50,90,0,0.3
1446,46033,56,71,,0,50,90,0,0.3
1447,45001,56,70,,0,50,90,0,0.3
1448,45001,56,70,,0,50,90,0,0.3
1449,45001,56,68,,0,50,90,0,0.3
1450,45001,56,49,,0,50,90,0,0.3
1451,45001,56,49,,0,50,90,0,0.3
1452,45001,56,70,,0,50,90,0,0.3
1453,45001,56,54,,0,50,90,0,0.3
1454,45001,56,70,,0,50,90,0,0.3
1455,45002,56,52,,0,50,90,0,0.3
1456,45003,56,70,,0,50,90,0,0.3
1457,45003,56,52,,0,50,90,0,0.3
1458,45003,56,68,,0,50,90,0,0.3
1459,45003,56,71,,0,50,90,0,0.3
1460,45003,56,49,,0,50,90,0,0.3
1461,45003,56,49,,0,50,90,0,0.3
1462,45003,56,71,,0,50,90,0,0.3
1463,45003,56,71,,0,50,90,0,0.3
1464,45003,56,71,,0,50,90,0,0.3
1465,45003,56,70,,0,50,90,0,0.3
1466,45003,56,71,,0,50,90,0,0.3
1467,45003,56,49,,0,50,90,0,0.3
1468,45003,56,54,,0,50,90,0,0.3
1469,45003,56,52,,0,50,90,0,0.3
1470,45003,56,54,,0,50,90,0,0.3
1471,45003,56,70,,0,50,90,0,0.3
1472,45003,56,68,,0,50,90,0,0.3
1473,45003,56,71,,0,50,90,0,0.3
1474,45003,56,68,,0,50,90,0,0.3
1475,45003,56,54,,0,50,90,0,0.3
1476,45003,56,70,,0,50,90,0,0.3
1477,45003,56,71,,0,50,90,0,0.3
1478,45003,56,52,,0,50,90,0,0.3
1479,45003,56,70,,0,50,90,0,0.3
1480,45003,56,68,,0,50,90,0,0.3
1481,45003,56,71,,0,50,90,0,0.3
1482,45003,56,52,,0,50,90,0,0.3
1483,45003,56,52,,0,50,90,0,0.3
1484,45003,56,68,,0,50,90,0,0.3
1485,45003,56,54,,0,50,90,0,0.3
1486,45003,56,52,,0,50,90,0,0.3
1487,45003,56,71,,0,50,90,0,0.3
1488,45003,56,54,,0,50,90,0,0.3
1489,45003,56,68,,0,50,90,0,0.3
1490,45003,56,49,,0,50,90,0,0.3
1491,45003,56,68,,0,50,90,0,0.3
1492,45004,56,68,,0,50,90,0,0.3
1493,45005,56,52,,0,50,90,0,0.3
1494,45006,56,52,,0,50,90,0,0.3
1495,45007,56,49,,0,50,90,0,0.3
1496,45007,56,70,,0,50,90,0,0.3
1497,45008,56,54,,0,50,90,0,0.3
1498,45008,56,71,,0,50,90,0,0.3
1499,45008,56,49,,0,50,90,0,0.3
1500,45009,56,71,,0,50,90,0,0.3
1501,45009,56,71,,0,50,90,0,0.3
1502,45010,56,68,,0,50,90,0,0.3
1503,45010,56,49,,0,50,90,0,0.3
1504,45010,56,68,,0,50,90,0,0.3
1505,45010,56,70,,0,50,90,0,0.3
1506,45010,56,54,,0,50,90,0,0.3
1507,45010,56,52,,0,50,90,0,0.3
1508,45010,56,68,,0,50,90,0,0.3
1509,45010,56,52,,0,50,90,0,0.3
1510,45010,56,54,,0,50,90,0,0.3
1511,45010,56,49,,0,50,90,0,0.3
1512,45010,56,49,,0,50,90,0,0.3
1513,45010,56,54,,0,50,90,0,0.3
1514,45010,56,52,,0,50,90,0,0.3
1515,45010,56,71,,0,50,90,0,0.3
1516,45010,56,54,,0,50,90,0,0.3
1517,45010,56,54,,0,50,90,0,0.3
1518,45010,56,49,,0,50,90,0,0.3
1519,45010,56,49,,0,50,90,0,0.3
1520,45010,56,54,,0,50,90,0,0.3
1521,45010,56,70,,0,50,90,0,0.3
1522,45010,56,52,,0,50,90,0,0.3
1523,45010,56,49,,0,50,90,0,0.3
1524,45010,56,71,,0,50,90,0,0.3
1525,45010,56,70,,0,50,90,0,0.3
1526,45010,56,49,,0,50,90,0,0.3
1527,45010,56,71,,0,50,90,0,0.3
1528,45010,56,70,,0,50,90,0,0.3
1529,45010,56,52,,0,50,90,0,0.3
1530,45010,56,71,,0,50,90,0,0.3
1531,45010,56,49,,0,50,90,0,0.3
1532,45010,56,71,,0,50,90,0,0.3
1533,45010,56,54,,0,50,90,0,0.3
1534,45010,56,52,,0,50,90,0,0.3
1535,45010,56,68,,0,50,90,0,0.3
1536,45010,56,68,,0,50,90,0,0.3
1537,45010,56,54,,0,50,90,0,0.3
1538,45010,56,70,,0,50,90,0,0.3
1539,45010,56,54,,0,50,90,0,0.3
1540,45010,56,70,,0,50,90,0,0.3
1541,45010,56,68,,0,50,90,0,0.3
1542,45010,56,52,,0,50,90,0,0.3
1543,45010,56,68,,0,50,90,0,0.3
1544,45010,56,52,,0,50,90,0,0.3
1545,45011,56,70,,0,50,90,0,0.3
1546,45011,56,54,,0,50,90,0,0.3
1547,45011,56,70,,0,50,90,0,0.3
1548,45011,56,71,,0,50,90,0,0.3
1549,45011,56,70,,0,50,90,0,0.3
1550,45011,56,54,,0,50,90,0,0.3
1551,45012,56,49,,0,50,90,0,0.3
1552,45013,56,52,,0,50,90,0,0.3
1553,45014,56,68,,0,50,90,0,0.3
1554,45014,56,70,,0,50,90,0,0.3
1555,45014,56,54,,0,50,90,0,0.3
1556,45015,56,54,,0,50,90,0,0.3
1557,45016,56,54,,0,50,90,0,0.3
1558,45016,56,68,,0,50,90,0,0.3
1559,45016,56,70,,0,50,90,0,0.3
1560,45017,56,68,,0,50,90,0,0.3
1561,50004,56,68,,0,50,90,0,0.3
1562,50005,56,52,,0,50,90,0,0.3
1563,50006,56,54,,0,50,90,0,0.3
1564,50009,56,54,,0,50,90,0,0.3
1565,50010,56,71,,0,50,90,0,0.3
1566,50019,56,68,,0,50,90,0,0.3
1567,50025,56,52,,0,50,90,0,0.3
1568,50026,56,70,,0,50,90,0,0.3
1569,50028,56,52,,0,50,90,0,0.3
1570,50029,56,54,,0,50,90,0,0.3
1571,50031,56,49,,0,50,90,0,0.3
1572,50032,56,68,,0,50,90,0,0.3
1573,50037,56,68,,0,50,90,0,0.3
1574,100001,56,70,,0,50,90,0,0.3
1575,100005,56,49,,0,50,90,0,0.3
1576,47009,56,68,,0,50,90,0,0.3
1577,47014,56,49,,0,50,90,0,0.3
1578,47016,56,54,,0,50,90,0,0.3
1579,47017,56,54,,0,50,90,0,0.3
1580,47021,56,49,,0,50,90,0,0.3
1581,52011,56,70,,0,50,90,0,0.3
1582,52033,56,68,,0,50,90,0,0.3
1583,51013,57,49,,0,50,90,0,0.3
1584,51020,57,52,,0,50,90,0,0.3
1585,51026,57,54,,0,50,90,0,0.3
1586,51031,57,70,,0,50,90,0,0.3
1587,51033,57,52,,0,50,90,0,0.3
1588,51034,57,52,,0,50,90,0,0.3
1589,51040,57,70,,0,50,90,0,0.3
1590,51041,57,52,,0,50,90,0,0.3
1591,48001,57,52,,0,50,90,0,0.3
1592,48001,57,68,,0,50,90,0,0.3
1593,48001,57,49,,0,50,90,0,0.3
1594,48001,57,52,,0,50,90,0,0.3
1595,48001,57,49,,0,50,90,0,0.3
1596,48001,57,68,,0,50,90,0,0.3
1597,48001,57,71,,0,50,90,0,0.3
1598,48001,57,70,,0,50,90,0,0.3
1599,48002,57,68,,0,50,90,0,0.3
1600,48004,57,54,,0,50,90,0,0.3
1601,48005,57,54,,0,50,90,0,0.3
1602,48006,57,49,,0,50,90,0,0.3
1603,48013,57,54,,0,50,90,0,0.3
1604,48014,57,68,,0,50,90,0,0.3
1605,48015,57,68,,0,50,90,0,0.3
1606,48015,57,68,,0,50,90,0,0.3
1607,48017,57,68,,0,50,90,0,0.3
1608,48017,57,49,,0,50,90,0,0.3
1609,48017,57,71,,0,50,90,0,0.3
1610,48017,57,49,,0,50,90,0,0.3
1611,48017,57,54,,0,50,90,0,0.3
1612,48017,57,54,,0,50,90,0,0.3
1613,48017,57,54,,0,50,90,0,0.3
1614,48017,57,71,,0,50,90,0,0.3
1615,48017,57,68,,0,50,90,0,0.3
1616,48017,57,68,,0,50,90,0,0.3
1617,48017,57,68,,0,50,90,0,0.3
1618,48017,57,68,,0,50,90,0,0.3
1619,48017,57,68,,0,50,90,0,0.3
1620,48017,57,68,,0,50,90,0,0.3
1621,48017,57,52,,0,50,90,0,0.3
1622,48017,57,68,,0,50,90,0,0.3
1623,48017,57,49,,0,50,90,0,0.3
1624,48017,57,52,,0,50,90,0,0.3
1625,48017,57,70,,0,50,90,0,0.3
1626,48017,57,70,,0,50,90,0,0.3
1627,48017,57,52,,0,50,90,0,0.3
1628,48017,57,71,,0,50,90,0,0.3
1629,48017,57,71,,0,50,90,0,0.3
1630,48017,57,68,,0,50,90,0,0.3
1631,48017,57,52,,0,50,90,0,0.3
1632,48017,57,70,,0,50,90,0,0.3
1633,48017,57,71,,0,50,90,0,0.3
1634,48017,57,49,,0,50,90,0,0.3
1635,48017,57,68,,0,50,90,0,0.3
1636,48017,57,68,,0,50,90,0,0.3
1637,48017,57,71,,0,50,90,0,0.3
1638,48017,57,68,,0,50,90,0,0.3
1639,48017,57,71,,0,50,90,0,0.3
1640,48017,57,54,,0,50,90,0,0.3
1641,48017,57,54,,0,50,90,0,0.3
1642,48017,57,70,,0,50,90,0,0.3
1643,48017,57,70,,0,50,90,0,0.3
1644,48021,57,71,,0,50,90,0,0.3
1645,48021,57,68,,0,50,90,0,0.3
1646,48021,57,70,,0,50,90,0,0.3
1647,48021,57,54,,0,50,90,0,0.3
1648,48021,57,52,,0,50,90,0,0.3
1649,48021,57,54,,0,50,90,0,0.3
1650,48022,57,52,,0,50,90,0,0.3
1651,48022,57,68,,0,50,90,0,0.3
1652,48022,57,68,,0,50,90,0,0.3
1653,48022,57,54,,0,50,90,0,0.3
1654,48024,57,49,,0,50,90,0,0.3
1655,48025,57,70,,0,50,90,0,0.3
1656,48028,57,49,,0,50,90,0,0.3
1657,48030,57,71,,0,50,90,0,0.3
1658,48032,57,49,,0,50,90,0,0.3
1659,48032,57,68,,0,50,90,0,0.3
1660,48032,57,71,,0,50,90,0,0.3
1661,48032,57,54,,0,50,90,0,0.3
1662,48033,57,52,,0,50,90,0,0.3
1663,48033,57,49,,0,50,90,0,0.3
1664,48033,57,52,,0,50,90,0,0.3
1665,48033,57,68,,0,50,90,0,0.3
1666,48033,57,49,,0,50,90,0,0.3
1667,48033,57,52,,0,50,90,0,0.3
1668,48033,57,71,,0,50,90,0,0.3
1669,48033,57,70,,0,50,90,0,0.3
1670,48035,57,49,,0,50,90,0,0.3
1671,48035,57,70,,0,50,90,0,0.3
1672,48035,57,68,,0,50,90,0,0.3
1673,48035,57,54,,0,50,90,0,0.3
1674,48035,57,70,,0,50,90,0,0.3
1675,48035,57,70,,0,50,90,0,0.3
1676,48036,57,70,,0,50,90,0,0.3
1677,48036,57,70,,0,50,90,0,0.3
1678,48036,57,54,,0,50,90,0,0.3
1679,48037,57,52,,0,50,90,0,0.3
1680,48038,57,54,,0,50,90,0,0.3
1681,48038,57,52,,0,50,90,0,0.3
1682,48039,57,71,,0,50,90,0,0.3
1683,48041,57,68,,0,50,90,0,0.3
1684,48041,57,49,,0,50,90,0,0.3
1685,48043,57,71,,0,50,90,0,0.3
1686,48044,57,68,,0,50,90,0,0.3
1687,48046,57,49,,0,50,90,0,0.3
1688,48050,57,68,,0,50,90,0,0.3
1689,48052,57,70,,0,50,90,0,0.3
1690,48052,57,70,,0,50,90,0,0.3
1691,48052,57,70,,0,50,90,0,0.3
1692,48052,57,68,,0,50,90,0,0.3
1693,48052,57,70,,0,50,90,0,0.3
1694,48052,57,49,,0,50,90,0,0.3
1695,48052,57,52,,0,50,90,0,0.3
1696,48052,57,52,,0,50,90,0,0.3
1697,48054,57,71,,0,50,90,0,0.3
1698,49018,57,68,,0,50,90,0,0.3
1699,49021,57,54,,0,50,90,0,0.3
1700,46007,57,68,,0,50,90,0,0.3
1701,100003,57,70,,0,50,90,0,0.3
1702,100005,57,70,,0,50,90,0,0.3
1703,47002,57,52,,0,50,90,0,0.3
1704,47003,57,52,,0,50,90,0,0.3
1705,47011,57,68,,0,50,90,0,0.3
1706,47014,57,68,,0,50,90,0,0.3
1707,47016,57,70,,0,50,90,0,0.3
1708,52006,57,49,,0,50,90,0,0.3
1709,52023,57,71,,0,50,90,0,0.3
1710,51016,58,52,,0,50,90,0,0.3
1711,51042,58,71,,0,50,90,0,0.3
1712,48012,58,54,,0,50,90,0,0.3
1713,48019,58,68,,0,50,90,0,0.3
1714,48020,58,52,,0,50,90,0,0.3
1715,48050,58,49,,0,50,90,0,0.3
1716,53009,58,68,,0,50,90,0,0.3
1717,49001,58,52,,0,50,90,0,0.3
1718,49002,58,54,,0,50,90,0,0.3
1719,49003,58,70,,0,50,90,0,0.3
1720,49004,58,71,,0,50,90,0,0.3
1721,49005,58,71,,0,50,90,0,0.3
1722,49006,58,54,,0,50,90,0,0.3
1723,49007,58,71,,0,50,90,0,0.3
1724,49007,58,71,,0,50,90,0,0.3
1725,49008,58,49,,0,50,90,0,0.3
1726,49008,58,68,,0,50,90,0,0.3
1727,49008,58,68,,0,50,90,0,0.3
1728,49008,58,49,,0,50,90,0,0.3
1729,49008,58,68,,0,50,90,0,0.3
1730,49009,58,71,,0,50,90,0,0.3
1731,49009,58,54,,0,50,90,0,0.3
1732,49009,58,68,,0,50,90,0,0.3
1733,49009,58,71,,0,50,90,0,0.3
1734,49009,58,54,,0,50,90,0,0.3
1735,49009,58,68,,0,50,90,0,0.3
1736,49009,58,71,,0,50,90,0,0.3
1737,49009,58,71,,0,50,90,0,0.3
1738,49009,58,54,,0,50,90,0,0.3
1739,49009,58,71,,0,50,90,0,0.3
1740,49009,58,52,,0,50,90,0,0.3
1741,49009,58,52,,0,50,90,0,0.3
1742,49009,58,71,,0,50,90,0,0.3
1743,49009,58,71,,0,50,90,0,0.3
1744,49012,58,71,,0,50,90,0,0.3
1745,49012,58,49,,0,50,90,0,0.3
1746,49013,58,71,,0,50,90,0,0.3
1747,49014,58,52,,0,50,90,0,0.3
1748,49017,58,71,,0,50,90,0,0.3
1749,49017,58,49,,0,50,90,0,0.3
1750,49017,58,71,,0,50,90,0,0.3
1751,49020,58,71,,0,50,90,0,0.3
1752,46001,58,52,,0,50,90,0,0.3
1753,46002,58,71,,0,50,90,0,0.3
1754,46003,58,52,,0,50,90,0,0.3
1755,46004,58,49,,0,50,90,0,0.3
1756,46005,58,49,,0,50,90,0,0.3
1757,46007,58,71,,0,50,90,0,0.3
1758,46007,58,70,,0,50,90,0,0.3
1759,46007,58,71,,0,50,90,0,0.3
1760,46007,58,68,,0,50,90,0,0.3
1761,46009,58,71,,0,50,90,0,0.3
1762,46010,58,52,,0,50,90,0,0.3
1763,46011,58,68,,0,50,90,0,0.3
1764,46013,58,70,,0,50,90,0,0.3
1765,46015,58,49,,0,50,90,0,0.3
1766,46017,58,52,,0,50,90,0,0.3
1767,46017,58,52,,0,50,90,0,0.3
1768,46017,58,49,,0,50,90,0,0.3
1769,46017,58,49,,0,50,90,0,0.3
1770,46017,58,54,,0,50,90,0,0.3
1771,46017,58,71,,0,50,90,0,0.3
1772,46017,58,70,,0,50,90,0,0.3
1773,46017,58,52,,0,50,90,0,0.3
1774,46017,58,70,,0,50,90,0,0.3
1775,46017,58,70,,0,50,90,0,0.3
1776,46017,58,68,,0,50,90,0,0.3
1777,46018,58,68,,0,50,90,0,0.3
1778,46019,58,68,,0,50,90,0,0.3
1779,46021,58,68,,0,50,90,0,0.3
1780,46022,58,52,,0,50,90,0,0.3
1781,46023,58,71,,0,50,90,0,0.3
1782,46024,58,52,,0,50,90,0,0.3
1783,46026,58,68,,0,50,90,0,0.3
1784,46033,58,52,,0,50,90,0,0.3
1785,46033,58,68,,0,50,90,0,0.3
1786,46033,58,68,,0,50,90,0,0.3
1787,46035,58,71,,0,50,90,0,0.3
1788,46037,58,68,,0,50,90,0,0.3
1789,45003,58,70,,0,50,90,0,0.3
1790,45008,58,70,,0,50,90,0,0.3
1791,45009,58,68,,0,50,90,0,0.3
1792,45010,58,71,,0,50,90,0,0.3
1793,45010,58,70,,0,50,90,0,0.3
1794,45011,58,49,,0,50,90,0,0.3
1795,45012,58,68,,0,50,90,0,0.3
1796,50001,58,68,,0,50,90,0,0.3
1797,50001,58,52,,0,50,90,0,0.3
1798,50001,58,49,,0,50,90,0,0.3
1799,50002,58,68,,0,50,90,0,0.3
1800,50003,58,70,,0,50,90,0,0.3
1801,50003,58,68,,0,50,90,0,0.3
1802,50003,58,49,,0,50,90,0,0.3
1803,50003,58,49,,0,50,90,0,0.3
1804,50004,58,52,,0,50,90,0,0.3
1805,50004,58,70,,0,50,90,0,0.3
1806,50004,58,54,,0,50,90,0,0.3
1807,50004,58,71,,0,50,90,0,0.3
1808,50004,58,70,,0,50,90,0,0.3
1809,50004,58,71,,0,50,90,0,0.3
1810,50005,58,68,,0,50,90,0,0.3
1811,50008,58,71,,0,50,90,0,0.3
1812,50008,58,70,,0,50,90,0,0.3
1813,50008,58,52,,0,50,90,0,0.3
1814,50008,58,52,,0,50,90,0,0.3
1815,50008,58,70,,0,50,90,0,0.3
1816,50008,58,68,,0,50,90,0,0.3
1817,50008,58,49,,0,50,90,0,0.3
1818,50008,58,71,,0,50,90,0,0.3
1819,50008,58,70,,0,50,90,0,0.3
1820,50008,58,71,,0,50,90,0,0.3
1821,50008,58,52,,0,50,90,0,0.3
1822,50008,58,52,,0,50,90,0,0.3
1823,50008,58,70,,0,50,90,0,0.3
1824,50008,58,70,,0,50,90,0,0.3
1825,50008,58,68,,0,50,90,0,0.3
1826,50008,58,54,,0,50,90,0,0.3
1827,50008,58,70,,0,50,90,0,0.3
1828,50008,58,54,,0,50,90,0,0.3
1829,50008,58,52,,0,50,90,0,0.3
1830,50008,58,54,,0,50,90,0,0.3
1831,50008,58,54,,0,50,90,0,0.3
1832,50008,58,54,,0,50,90,0,0.3
1833,50008,58,54,,0,50,90,0,0.3
1834,50008,58,54,,0,50,90,0,0.3
1835,50008,58,68,,0,50,90,0,0.3
1836,50008,58,52,,0,50,90,0,0.3
1837,50008,58,68,,0,50,90,0,0.3
1838,50008,58,49,,0,50,90,0,0.3
1839,50008,58,54,,0,50,90,0,0.3
1840,50008,58,71,,0,50,90,0,0.3
1841,50008,58,68,,0,50,90,0,0.3
1842,50008,58,54,,0,50,90,0,0.3
1843,50008,58,68,,0,50,90,0,0.3
1844,50009,58,49,,0,50,90,0,0.3
1845,50009,58,54,,0,50,90,0,0.3
1846,50010,58,52,,0,50,90,0,0.3
1847,50011,58,52,,0,50,90,0,0.3
1848,50012,58,68,,0,50,90,0,0.3
1849,50014,58,49,,0,50,90,0,0.3
1850,50014,58,49,,0,50,90,0,0.3
1851,50019,58,54,,0,50,90,0,0.3
1852,50020,58,54,,0,50,90,0,0.3
1853,50022,58,54,,0,50,90,0,0.3
1854,50022,58,54,,0,50,90,0,0.3
1855,50023,58,52,,0,50,90,0,0.3
1856,50024,58,68,,0,50,90,0,0.3
1857,50025,58,54,,0,50,90,0,0.3
1858,50025,58,52,,0,50,90,0,0.3
1859,50026,58,71,,0,50,90,0,0.3
1860,50026,58,49,,0,50,90,0,0.3
1861,50026,58,71,,0,50,90,0,0.3
1862,50026,58,54,,0,50,90,0,0.3
1863,50026,58,68,,0,50,90,0,0.3
1864,50026,58,68,,0,50,90,0,0.3
1865,50026,58,71,,0,50,90,0,0.3
1866,50026,58,68,,0,50,90,0,0.3
1867,50026,58,49,,0,50,90,0,0.3
1868,50026,58,68,,0,50,90,0,0.3
1869,50026,58,68,,0,50,90,0,0.3
1870,50026,58,70,,0,50,90,0,0.3
1871,50026,58,54,,0,50,90,0,0.3
1872,50026,58,70,,0,50,90,0,0.3
1873,50026,58,70,,0,50,90,0,0.3
1874,50026,58,54,,0,50,90,0,0.3
1875,50026,58,71,,0,50,90,0,0.3
1876,50026,58,52,,0,50,90,0,0.3
1877,50026,58,52,,0,50,90,0,0.3
1878,50026,58,52,,0,50,90,0,0.3
1879,50026,58,71,,0,50,90,0,0.3
1880,50026,58,49,,0,50,90,0,0.3
1881,50026,58,71,,0,50,90,0,0.3
1882,50026,58,70,,0,50,90,0,0.3
1883,50026,58,49,,0,50,90,0,0.3
1884,50026,58,70,,0,50,90,0,0.3
1885,50026,58,71,,0,50,90,0,0.3
1886,50026,58,70,,0,50,90,0,0.3
1887,50026,58,49,,0,50,90,0,0.3
1888,50026,58,49,,0,50,90,0,0.3
1889,50026,58,54,,0,50,90,0,0.3
1890,50026,58,68,,0,50,90,0,0.3
1891,50026,58,52,,0,50,90,0,0.3
1892,50026,58,71,,0,50,90,0,0.3
1893,50026,58,54,,0,50,90,0,0.3
1894,50026,58,52,,0,50,90,0,0.3
1895,50026,58,52,,0,50,90,0,0.3
1896,50026,58,68,,0,50,90,0,0.3
1897,50026,58,54,,0,50,90,0,0.3
1898,50026,58,49,,0,50,90,0,0.3
1899,50026,58,68,,0,50,90,0,0.3
1900,50026,58,52,,0,50,90,0,0.3
1901,50026,58,68,,0,50,90,0,0.3
1902,50026,58,71,,0,50,90,0,0.3
1903,50026,58,52,,0,50,90,0,0.3
1904,50026,58,52,,0,50,90,0,0.3
1905,50026,58,68,,0,50,90,0,0.3
1906,50026,58,52,,0,50,90,0,0.3
1907,50026,58,70,,0,50,90,0,0.3
1908,50026,58,70,,0,50,90,0,0.3
1909,50026,58,71,,0,50,90,0,0.3
1910,50026,58,70,,0,50,90,0,0.3
1911,50026,58,54,,0,50,90,0,0.3
1912,50026,58,49,,0,50,90,0,0.3
1913,50026,58,52,,0,50,90,0,0.3
1914,50026,58,52,,0,50,90,0,0.3
1915,50026,58,52,,0,50,90,0,0.3
1916,50026,58,70,,0,50,90,0,0.3
1917,50026,58,49,,0,50,90,0,0.3
1918,50026,58,68,,0,50,90,0,0.3
1919,50026,58,49,,0,50,90,0,0.3
1920,50026,58,52,,0,50,90,0,0.3
1921,50026,58,71,,0,50,90,0,0.3
1922,50026,58,49,,0,50,90,0,0.3
1923,50026,58,70,,0,50,90,0,0.3
1924,50026,58,71,,0,50,90,0,0.3
1925,50026,58,70,,0,50,90,0,0.3
1926,50026,58,49,,0,50,90,0,0.3
1927,50026,58,71,,0,50,90,0,0.3
1928,50026,58,52,,0,50,90,0,0.3
1929,50026,58,54,,0,50,90,0,0.3
1930,50026,58,52,,0,50,90,0,0.3
1931,50026,58,70,,0,50,90,0,0.3
1932,50026,58,71,,0,50,90,0,0.3
1933,50027,58,49,,0,50,90,0,0.3
1934,50028,58,70,,0,50,90,0,0.3
1935,50028,58,70,,0,50,90,0,0.3
1936,50028,58,71,,0,50,90,0,0.3
1937,50028,58,71,,0,50,90,0,0.3
1938,50029,58,49,,0,50,90,0,0.3
1939,50029,58,71,,0,50,90,0,0.3
1940,50029,58,54,,0,50,90,0,0.3
1941,50029,58,71,,0,50,90,0,0.3
1942,50029,58,49,,0,50,90,0,0.3
1943,50031,58,71,,0,50,90,0,0.3
1944,50031,58,70,,0,50,90,0,0.3
1945,50031,58,52,,0,50,90,0,0.3
1946,50031,58,70,,0,50,90,0,0.3
1947,50031,58,52,,0,50,90,0,0.3
1948,50031,58,70,,0,50,90,0,0.3
1949,50031,58,68,,0,50,90,0,0.3
1950,50031,58,49,,0,50,90,0,0.3
1951,50031,58,71,,0,50,90,0,0.3
1952,50031,58,70,,0,50,90,0,0.3
1953,50031,58,70,,0,50,90,0,0.3
1954,50031,58,49,,0,50,90,0,0.3
1955,50031,58,54,,0,50,90,0,0.3
1956,50031,58,54,,0,50,90,0,0.3
1957,50031,58,54,,0,50,90,0,0.3
1958,50031,58,54,,0,50,90,0,0.3
1959,50031,58,71,,0,50,90,0,0.3
1960,50031,58,49,,0,50,90,0,0.3
1961,50031,58,70,,0,50,90,0,0.3
1962,50031,58,70,,0,50,90,0,0.3
1963,50031,58,52,,0,50,90,0,0.3
1964,50031,58,70,,0,50,90,0,0.3
1965,50031,58,54,,0,50,90,0,0.3
1966,50031,58,52,,0,50,90,0,0.3
1967,50032,58,70,,0,50,90,0,0.3
1968,50032,58,68,,0,50,90,0,0.3
1969,50033,58,49,,0,50,90,0,0.3
1970,50034,58,52,,0,50,90,0,0.3
1971,50035,58,52,,0,50,90,0,0.3
1972,50035,58,54,,0,50,90,0,0.3
1973,50035,58,52,,0,50,90,0,0.3
1974,50036,58,68,,0,50,90,0,0.3
1975,50036,58,52,,0,50,90,0,0.3
1976,50037,58,52,,0,50,90,0,0.3
1977,50037,58,70,,0,50,90,0,0.3
1978,50037,58,52,,0,50,90,0,0.3
1979,50037,58,54,,0,50,90,0,0.3
1980,50037,58,52,,0,50,90,0,0.3
1981,50037,58,71,,0,50,90,0,0.3
1982,50037,58,71,,0,50,90,0,0.3
1983,50037,58,54,,0,50,90,0,0.3
1984,50038,58,52,,0,50,90,0,0.3
1985,50038,58,49,,0,50,90,0,0.3
1986,50038,58,71,,0,50,90,0,0.3
1987,50038,58,70,,0,50,90,0,0.3
1988,50038,58,54,,0,50,90,0,0.3
1989,50038,58,49,,0,50,90,0,0.3
1990,50039,58,52,,0,50,90,0,0.3
1991,50040,58,70,,0,50,90,0,0.3
1992,50040,58,71,,0,50,90,0,0.3
1993,50040,58,54,,0,50,90,0,0.3
1994,50041,58,54,,0,50,90,0,0.3
1995,50041,58,52,,0,50,90,0,0.3
1996,50041,58,71,,0,50,90,0,0.3
1997,47011,58,71,,0,50,90,0,0.3
1998,47012,58,54,,0,50,90,0,0.3
1999,47014,58,68,,0,50,90,0,0.3
2000,47021,58,68,,0,50,90,0,0.3
2001,47022,58,49,,0,50,90,0,0.3
2002,52028,58,68,,0,50,90,0,0.3
2003,48017,58,70,,0,50,90,0,0.3
2004,51026,59,54,,0,50,90,0,0.3
2005,48011,59,54,,0,50,90,0,0.3
2006,49001,59,70,,0,50,90,0,0.3
2007,49002,59,71,,0,50,90,0,0.3
2008,49004,59,71,,0,50,90,0,0.3
2009,49006,59,49,,0,50,90,0,0.3
2010,49007,59,68,,0,50,90,0,0.3
2011,49008,59,71,,0,50,90,0,0.3
2012,49008,59,68,,0,50,90,0,0.3
2013,49008,59,54,,0,50,90,0,0.3
2014,49008,59,49,,0,50,90,0,0.3
2015,49008,59,54,,0,50,90,0,0.3
2016,49008,59,54,,0,50,90,0,0.3
2017,49008,59,49,,0,50,90,0,0.3
2018,49008,59,49,,0,50,90,0,0.3
2019,49008,59,70,,0,50,90,0,0.3
2020,49008,59,70,,0,50,90,0,0.3
2021,49009,59,71,,0,50,90,0,0.3
2022,49009,59,49,,0,50,90,0,0.3
2023,49009,59,68,,0,50,90,0,0.3
2024,49009,59,52,,0,50,90,0,0.3
2025,49009,59,70,,0,50,90,0,0.3
2026,49009,59,68,,0,50,90,0,0.3
2027,49009,59,52,,0,50,90,0,0.3
2028,49009,59,52,,0,50,90,0,0.3
2029,49009,59,54,,0,50,90,0,0.3
2030,49009,59,49,,0,50,90,0,0.3
2031,49009,59,70,,0,50,90,0,0.3
2032,49009,59,70,,0,50,90,0,0.3
2033,49009,59,52,,0,50,90,0,0.3
2034,49009,59,68,,0,50,90,0,0.3
2035,49009,59,54,,0,50,90,0,0.3
2036,49009,59,52,,0,50,90,0,0.3
2037,49009,59,49,,0,50,90,0,0.3
2038,49009,59,70,,0,50,90,0,0.3
2039,49009,59,54,,0,50,90,0,0.3
2040,49009,59,52,,0,50,90,0,0.3
2041,49009,59,49,,0,50,90,0,0.3
2042,49009,59,54,,0,50,90,0,0.3
2043,49009,59,49,,0,50,90,0,0.3
2044,49009,59,52,,0,50,90,0,0.3
2045,49009,59,52,,0,50,90,0,0.3
2046,49009,59,52,,0,50,90,0,0.3
2047,49009,59,68,,0,50,90,0,0.3
2048,49009,59,54,,0,50,90,0,0.3
2049,49009,59,52,,0,50,90,0,0.3
2050,49009,59,52,,0,50,90,0,0.3
2051,49009,59,68,,0,50,90,0,0.3
2052,49009,59,70,,0,50,90,0,0.3
2053,49009,59,68,,0,50,90,0,0.3
2054,49009,59,68,,0,50,90,0,0.3
2055,49009,59,54,,0,50,90,0,0.3
2056,49009,59,49,,0,50,90,0,0.3
2057,49009,59,49,,0,50,90,0,0.3
2058,49009,59,54,,0,50,90,0,0.3
2059,49009,59,49,,0,50,90,0,0.3
2060,49009,59,71,,0,50,90,0,0.3
2061,49009,59,54,,0,50,90,0,0.3
2062,49009,59,68,,0,50,90,0,0.3
2063,49009,59,52,,0,50,90,0,0.3
2064,49009,59,52,,0,50,90,0,0.3
2065,49009,59,52,,0,50,90,0,0.3
2066,49009,59,54,,0,50,90,0,0.3
2067,49009,59,52,,0,50,90,0,0.3
2068,49009,59,68,,0,50,90,0,0.3
2069,49009,59,71,,0,50,90,0,0.3
2070,49009,59,70,,0,50,90,0,0.3
2071,49009,59,52,,0,50,90,0,0.3
2072,49009,59,49,,0,50,90,0,0.3
2073,49009,59,71,,0,50,90,0,0.3
2074,49009,59,54,,0,50,90,0,0.3
2075,49009,59,68,,0,50,90,0,0.3
2076,49009,59,70,,0,50,90,0,0.3
2077,49009,59,70,,0,50,90,0,0.3
2078,49009,59,52,,0,50,90,0,0.3
2079,49009,59,71,,0,50,90,0,0.3
2080,49009,59,68,,0,50,90,0,0.3
2081,49009,59,71,,0,50,90,0,0.3
2082,49009,59,49,,0,50,90,0,0.3
2083,49009,59,71,,0,50,90,0,0.3
2084,49009,59,71,,0,50,90,0,0.3
2085,49009,59,54,,0,50,90,0,0.3
2086,49009,59,49,,0,50,90,0,0.3
2087,49009,59,70,,0,50,90,0,0.3
2088,49009,59,52,,0,50,90,0,0.3
2089,49009,59,71,,0,50,90,0,0.3
2090,49009,59,71,,0,50,90,0,0.3
2091,49009,59,70,,0,50,90,0,0.3
2092,49009,59,49,,0,50,90,0,0.3
2093,49009,59,70,,0,50,90,0,0.3
2094,49009,59,52,,0,50,90,0,0.3
2095,49009,59,54,,0,50,90,0,0.3
2096,49009,59,49,,0,50,90,0,0.3
2097,49009,59,68,,0,50,90,0,0.3
2098,49009,59,52,,0,50,90,0,0.3
2099,49009,59,70,,0,50,90,0,0.3
2100,49009,59,71,,0,50,90,0,0.3
2101,49009,59,70,,0,50,90,0,0.3
2102,49009,59,68,,0,50,90,0,0.3
2103,49009,59,54,,0,50,90,0,0.3
2104,49009,59,68,,0,50,90,0,0.3
2105,49009,59,54,,0,50,90,0,0.3
2106,49009,59,68,,0,50,90,0,0.3
2107,49009,59,68,,0,50,90,0,0.3
2108,49009,59,68,,0,50,90,0,0.3
2109,49009,59,68,,0,50,90,0,0.3
2110,49009,59,68,,0,50,90,0,0.3
2111,49009,59,54,,0,50,90,0,0.3
2112,49009,59,70,,0,50,90,0,0.3
2113,49009,59,52,,0,50,90,0,0.3
2114,49009,59,49,,0,50,90,0,0.3
2115,49009,59,71,,0,50,90,0,0.3
2116,49009,59,54,,0,50,90,0,0.3
2117,49009,59,54,,0,50,90,0,0.3
2118,49009,59,68,,0,50,90,0,0.3
2119,49010,59,52,,0,50,90,0,0.3
2120,49012,59,68,,0,50,90,0,0.3
2121,49013,59,54,,0,50,90,0,0.3
2122,49017,59,71,,0,50,90,0,0.3
2123,46017,59,70,,0,50,90,0,0.3
2124,50002,59,71,,0,50,90,0,0.3
2125,50014,59,70,,0,50,90,0,0.3
2126,50021,59,71,,0,50,90,0,0.3
2127,50023,59,52,,0,50,90,0,0.3
2128,50026,59,49,,0,50,90,0,0.3
2129,50027,59,49,,0,50,90,0,0.3
2130,50029,59,54,,0,50,90,0,0.3
2131,50034,59,54,,0,50,90,0,0.3
2132,50040,59,52,,0,50,90,0,0.3
2133,47007,59,71,,0,50,90,0,0.3
2134,47011,59,52,,0,50,90,0,0.3
2135,51033,60,68,,0,50,90,0,0.3
2136,51040,60,52,,0,50,90,0,0.3
2137,48001,60,71,,0,50,90,0,0.3
2138,48001,60,54,,0,50,90,0,0.3
2139,48001,60,49,,0,50,90,0,0.3
2140,48002,60,49,,0,50,90,0,0.3
2141,48004,60,52,,0,50,90,0,0.3
2142,48005,60,68,,0,50,90,0,0.3
2143,48005,60,54,,0,50,90,0,0.3
2144,48006,60,68,,0,50,90,0,0.3
2145,48006,60,54,,0,50,90,0,0.3
2146,48006,60,70,,0,50,90,0,0.3
2147,48006,60,71,,0,50,90,0,0.3
2148,48006,60,54,,0,50,90,0,0.3
2149,48006,60,49,,0,50,90,0,0.3
2150,48006,60,70,,0,50,90,0,0.3
2151,48006,60,71,,0,50,90,0,0.3
2152,48006,60,52,,0,50,90,0,0.3
2153,48008,60,52,,0,50,90,0,0.3
2154,48010,60,52,,0,50,90,0,0.3
2155,48011,60,70,,0,50,90,0,0.3
2156,48013,60,70,,0,50,90,0,0.3
2157,48014,60,52,,0,50,90,0,0.3
2158,48014,60,49,,0,50,90,0,0.3
2159,48014,60,49,,0,50,90,0,0.3
2160,48015,60,71,,0,50,90,0,0.3
2161,48017,60,49,,0,50,90,0,0.3
2162,48017,60,54,,0,50,90,0,0.3
2163,48017,60,54,,0,50,90,0,0.3
2164,48017,60,52,,0,50,90,0,0.3
2165,48017,60,49,,0,50,90,0,0.3
2166,48017,60,70,,0,50,90,0,0.3
2167,48017,60,70,,0,50,90,0,0.3
2168,48017,60,70,,0,50,90,0,0.3
2169,48017,60,70,,0,50,90,0,0.3
2170,48017,60,49,,0,50,90,0,0.3
2171,48017,60,54,,0,50,90,0,0.3
2172,48017,60,52,,0,50,90,0,0.3
2173,48017,60,70,,0,50,90,0,0.3
2174,48017,60,49,,0,50,90,0,0.3
2175,48017,60,52,,0,50,90,0,0.3
2176,48017,60,54,,0,50,90,0,0.3
2177,48017,60,68,,0,50,90,0,0.3
2178,48017,60,70,,0,50,90,0,0.3
2179,48017,60,54,,0,50,90,0,0.3
2180,48017,60,49,,0,50,90,0,0.3
2181,48017,60,54,,0,50,90,0,0.3
2182,48017,60,54,,0,50,90,0,0.3
2183,48017,60,68,,0,50,90,0,0.3
2184,48017,60,70,,0,50,90,0,0.3
2185,48017,60,68,,0,50,90,0,0.3
2186,48017,60,68,,0,50,90,0,0.3
2187,48017,60,52,,0,50,90,0,0.3
2188,48017,60,71,,0,50,90,0,0.3
2189,48017,60,68,,0,50,90,0,0.3
2190,48017,60,71,,0,50,90,0,0.3
2191,48017,60,71,,0,50,90,0,0.3
2192,48017,60,68,,0,50,90,0,0.3
2193,48017,60,54,,0,50,90,0,0.3
2194,48017,60,54,,0,50,90,0,0.3
2195,48017,60,52,,0,50,90,0,0.3
2196,48017,60,70,,0,50,90,0,0.3
2197,48017,60,52,,0,50,90,0,0.3
2198,48017,60,52,,0,50,90,0,0.3
2199,48017,60,68,,0,50,90,0,0.3
2200,48017,60,70,,0,50,90,0,0.3
2201,48017,60,52,,0,50,90,0,0.3
2202,48017,60,68,,0,50,90,0,0.3
2203,48017,60,71,,0,50,90,0,0.3
2204,48017,60,49,,0,50,90,0,0.3
2205,48017,60,71,,0,50,90,0,0.3
2206,48017,60,54,,0,50,90,0,0.3
2207,48017,60,49,,0,50,90,0,0.3
2208,48017,60,71,,0,50,90,0,0.3
2209,48017,60,54,,0,50,90,0,0.3
2210,48017,60,71,,0,50,90,0,0.3
2211,48017,60,68,,0,50,90,0,0.3
2212,48017,60,54,,0,50,90,0,0.3
2213,48017,60,49,,0,50,90,0,0.3
2214,48017,60,52,,0,50,90,0,0.3
2215,48017,60,70,,0,50,90,0,0.3
2216,48017,60,49,,0,50,90,0,0.3
2217,48017,60,70,,0,50,90,0,0.3
2218,48017,60,49,,0,50,90,0,0.3
2219,48017,60,52,,0,50,90,0,0.3
2220,48017,60,54,,0,50,90,0,0.3
2221,48017,60,52,,0,50,90,0,0.3
2222,48017,60,49,,0,50,90,0,0.3
2223,48017,60,71,,0,50,90,0,0.3
2224,48017,60,70,,0,50,90,0,0.3
2225,48017,60,71,,0,50,90,0,0.3
2226,48017,60,68,,0,50,90,0,0.3
2227,48017,60,70,,0,50,90,0,0.3
2228,48017,60,54,,0,50,90,0,0.3
2229,48017,60,68,,0,50,90,0,0.3
2230,48017,60,70,,0,50,90,0,0.3
2231,48017,60,68,,0,50,90,0,0.3
2232,48017,60,70,,0,50,90,0,0.3
2233,48017,60,70,,0,50,90,0,0.3
2234,48017,60,70,,0,50,90,0,0.3
2235,48017,60,49,,0,50,90,0,0.3
2236,48017,60,71,,0,50,90,0,0.3
2237,48017,60,52,,0,50,90,0,0.3
2238,48017,60,54,,0,50,90,0,0.3
2239,48017,60,49,,0,50,90,0,0.3
2240,48017,60,71,,0,50,90,0,0.3
2241,48017,60,52,,0,50,90,0,0.3
2242,48017,60,71,,0,50,90,0,0.3
2243,48017,60,70,,0,50,90,0,0.3
2244,48017,60,68,,0,50,90,0,0.3
2245,48017,60,68,,0,50,90,0,0.3
2246,48018,60,71,,0,50,90,0,0.3
2247,48019,60,49,,0,50,90,0,0.3
2248,48019,60,54,,0,50,90,0,0.3
2249,48020,60,54,,0,50,90,0,0.3
2250,48021,60,68,,0,50,90,0,0.3
2251,48021,60,54,,0,50,90,0,0.3
2252,48022,60,68,,0,50,90,0,0.3
2253,48022,60,54,,0,50,90,0,0.3
2254,48022,60,71,,0,50,90,0,0.3
2255,48022,60,54,,0,50,90,0,0.3
2256,48022,60,70,,0,50,90,0,0.3
2257,48024,60,71,,0,50,90,0,0.3
2258,48024,60,52,,0,50,90,0,0.3
2259,48024,60,54,,0,50,90,0,0.3
2260,48024,60,68,,0,50,90,0,0.3
2261,48024,60,52,,0,50,90,0,0.3
2262,48024,60,54,,0,50,90,0,0.3
2263,48024,60,52,,0,50,90,0,0.3
2264,48024,60,68,,0,50,90,0,0.3
2265,48024,60,54,,0,50,90,0,0.3
2266,48024,60,70,,0,50,90,0,0.3
2267,48024,60,70,,0,50,90,0,0.3
2268,48024,60,68,,0,50,90,0,0.3
2269,48027,60,49,,0,50,90,0,0.3
2270,48028,60,52,,0,50,90,0,0.3
2271,48028,60,49,,0,50,90,0,0.3
2272,48030,60,68,,0,50,90,0,0.3
2273,48030,60,52,,0,50,90,0,0.3
2274,48030,60,54,,0,50,90,0,0.3
2275,48030,60,49,,0,50,90,0,0.3
2276,48032,60,71,,0,50,90,0,0.3
2277,48033,60,71,,0,50,90,0,0.3
2278,48033,60,68,,0,50,90,0,0.3
2279,48035,60,49,,0,50,90,0,0.3
2280,48036,60,49,,0,50,90,0,0.3
2281,48037,60,71,,0,50,90,0,0.3
2282,48038,60,49,,0,50,90,0,0.3
2283,48038,60,52,,0,50,90,0,0.3
2284,48038,60,52,,0,50,90,0,0.3
2285,48038,60,71,,0,50,90,0,0.3
2286,48038,60,68,,0,50,90,0,0.3
2287,48038,60,70,,0,50,90,0,0.3
2288,48041,60,54,,0,50,90,0,0.3
2289,48041,60,71,,0,50,90,0,0.3
2290,48041,60,49,,0,50,90,0,0.3
2291,48041,60,52,,0,50,90,0,0.3
2292,48041,60,70,,0,50,90,0,0.3
2293,48041,60,49,,0,50,90,0,0.3
2294,48041,60,70,,0,50,90,0,0.3
2295,48041,60,49,,0,50,90,0,0.3
2296,48041,60,49,,0,50,90,0,0.3
2297,48041,60,70,,0,50,90,0,0.3
2298,48041,60,68,,0,50,90,0,0.3
2299,48041,60,54,,0,50,90,0,0.3
2300,48041,60,52,,0,50,90,0,0.3
2301,48041,60,68,,0,50,90,0,0.3
2302,48041,60,54,,0,50,90,0,0.3
2303,48041,60,68,,0,50,90,0,0.3
2304,48041,60,68,,0,50,90,0,0.3
2305,48041,60,49,,0,50,90,0,0.3
2306,48041,60,70,,0,50,90,0,0.3
2307,48041,60,52,,0,50,90,0,0.3
2308,48041,60,71,,0,50,90,0,0.3
2309,48041,60,54,,0,50,90,0,0.3
2310,48041,60,52,,0,50,90,0,0.3
2311,48041,60,52,,0,50,90,0,0.3
2312,48041,60,71,,0,50,90,0,0.3
2313,48041,60,70,,0,50,90,0,0.3
2314,48041,60,52,,0,50,90,0,0.3
2315,48041,60,52,,0,50,90,0,0.3
2316,48041,60,52,,0,50,90,0,0.3
2317,48041,60,49,,0,50,90,0,0.3
2318,48043,60,70,,0,50,90,0,0.3
2319,48043,60,68,,0,50,90,0,0.3
2320,48043,60,71,,0,50,90,0,0.3
2321,48043,60,49,,0,50,90,0,0.3
2322,48043,60,71,,0,50,90,0,0.3
2323,48044,60,54,,0,50,90,0,0.3
2324,48044,60,54,,0,50,90,0,0.3
2325,48044,60,49,,0,50,90,0,0.3
2326,48044,60,71,,0,50,90,0,0.3
2327,48044,60,54,,0,50,90,0,0.3
2328,48044,60,52,,0,50,90,0,0.3
2329,48046,60,52,,0,50,90,0,0.3
2330,48049,60,52,,0,50,90,0,0.3
2331,48050,60,54,,0,50,90,0,0.3
2332,48052,60,54,,0,50,90,0,0.3
2333,48052,60,49,,0,50,90,0,0.3
2334,48053,60,52,,0,50,90,0,0.3
2335,48054,60,54,,0,50,90,0,0.3
2336,48054,60,70,,0,50,90,0,0.3
2337,48054,60,70,,0,50,90,0,0.3
2338,53006,60,68,,0,50,90,0,0.3
2339,53011,60,68,,0,50,90,0,0.3
2340,49002,60,49,,0,50,90,0,0.3
2341,49004,60,68,,0,50,90,0,0.3
2342,49006,60,71,,0,50,90,0,0.3
2343,49009,60,54,,0,50,90,0,0.3
2344,49014,60,49,,0,50,90,0,0.3
2345,49017,60,68,,0,50,90,0,0.3
2346,46017,60,49,,0,50,90,0,0.3
2347,45007,60,54,,0,50,90,0,0.3
2348,50009,60,71,,0,50,90,0,0.3
2349,50022,60,68,,0,50,90,0,0.3
2350,50028,60,54,,0,50,90,0,0.3
2351,50032,60,49,,0,50,90,0,0.3
2352,50033,60,54,,0,50,90,0,0.3
2353,50035,60,52,,0,50,90,0,0.3
2354,100002,60,70,,0,50,90,0,0.3
2355,100003,60,52,,0,50,90,0,0.3
2356,100004,60,71,,0,50,90,0,0.3
2357,100005,60,54,,0,50,90,0,0.3
2358,100005,60,68,,0,50,90,0,0.3
2359,47003,60,49,,0,50,90,0,0.3
2360,47006,60,70,,0,50,90,0,0.3
2361,47012,60,52,,0,50,90,0,0.3
2362,47013,60,49,,0,50,90,0,0.3
2363,47014,60,71,,0,50,90,0,0.3
2364,47016,60,70,,0,50,90,0,0.3
2365,47017,60,68,,0,50,90,0,0.3
2366,47021,60,71,,0,50,90,0,0.3
2367,47024,60,70,,0,50,90,0,0.3
2368,52001,60,49,,0,50,90,0,0.3
2369,52009,60,52,,0,50,90,0,0.3
2370,52012,60,49,,0,50,90,0,0.3
2371,52013,60,70,,0,50,90,0,0.3
2372,52016,60,71,,0,50,90,0,0.3
2373,52022,60,54,,0,50,90,0,0.3
2374,52028,60,68,,0,50,90,0,0.3
2375,52032,60,49,,0,50,90,0,0.3
2376,48005,61,49,,0,50,90,0,0.3
2377,48005,61,70,,0,50,90,0,0.3
2378,48006,61,54,,0,50,90,0,0.3
2379,48006,61,54,,0,50,90,0,0.3
2380,48006,61,68,,0,50,90,0,0.3
2381,48006,61,68,,0,50,90,0,0.3
2382,48006,61,49,,0,50,90,0,0.3
2383,48006,61,70,,0,50,90,0,0.3
2384,48006,61,49,,0,50,90,0,0.3
2385,48006,61,54,,0,50,90,0,0.3
2386,48006,61,68,,0,50,90,0,0.3
2387,48008,61,49,,0,50,90,0,0.3
2388,48011,61,52,,0,50,90,0,0.3
2389,48014,61,54,,0,50,90,0,0.3
2390,48017,61,68,,0,50,90,0,0.3
2391,48017,61,52,,0,50,90,0,0.3
2392,48017,61,52,,0,50,90,0,0.3
2393,48019,61,52,,0,50,90,0,0.3
2394,48024,61,54,,0,50,90,0,0.3
2395,48035,61,52,,0,50,90,0,0.3
2396,48041,61,49,,0,50,90,0,0.3
2397,48043,61,54,,0,50,90,0,0.3
2398,48044,61,54,,0,50,90,0,0.3
2399,48046,61,49,,0,50,90,0,0.3
2400,48050,61,68,,0,50,90,0,0.3
2401,53011,61,54,,0,50,90,0,0.3
2402,49012,61,54,,0,50,90,0,0.3
2403,49014,61,52,,0,50,90,0,0.3
2404,46001,61,68,,0,50,90,0,0.3
2405,46013,61,70,,0,50,90,0,0.3
2406,46017,61,70,,0,50,90,0,0.3
2407,45010,61,54,,0,50,90,0,0.3
2408,50009,61,68,,0,50,90,0,0.3
2409,100001,61,71,,0,50,90,0,0.3
2410,100001,61,49,,0,50,90,0,0.3
2411,100002,61,54,,0,50,90,0,0.3
2412,100002,61,71,,0,50,90,0,0.3
2413,100002,61,71,,0,50,90,0,0.3
2414,100002,61,49,,0,50,90,0,0.3
2415,100002,61,54,,0,50,90,0,0.3
2416,100002,61,52,,0,50,90,0,0.3
2417,100002,61,49,,0,50,90,0,0.3
2418,100002,61,52,,0,50,90,0,0.3
2419,100002,61,70,,0,50,90,0,0.3
2420,100002,61,70,,0,50,90,0,0.3
2421,100003,61,71,,0,50,90,0,0.3
2422,100003,61,54,,0,50,90,0,0.3
2423,100003,61,49,,0,50,90,0,0.3
2424,100003,61,70,,0,50,90,0,0.3
2425,100003,61,70,,0,50,90,0,0.3
2426,100003,61,70,,0,50,90,0,0.3
2427,100003,61,49,,0,50,90,0,0.3
2428,100003,61,70,,0,50,90,0,0.3
2429,100003,61,71,,0,50,90,0,0.3
2430,100003,61,68,,0,50,90,0,0.3
2431,100003,61,68,,0,50,90,0,0.3
2432,100003,61,49,,0,50,90,0,0.3
2433,100003,61,49,,0,50,90,0,0.3
2434,100003,61,49,,0,50,90,0,0.3
2435,100003,61,52,,0,50,90,0,0.3
2436,100003,61,49,,0,50,90,0,0.3
2437,100004,61,70,,0,50,90,0,0.3
2438,100004,61,68,,0,50,90,0,0.3
2439,100004,61,68,,0,50,90,0,0.3
2440,100004,61,68,,0,50,90,0,0.3
2441,100004,61,54,,0,50,90,0,0.3
2442,100004,61,52,,0,50,90,0,0.3
2443,100005,61,71,,0,50,90,0,0.3
2444,100005,61,71,,0,50,90,0,0.3
2445,100005,61,52,,0,50,90,0,0.3
2446,100005,61,68,,0,50,90,0,0.3
2447,100005,61,71,,0,50,90,0,0.3
2448,100005,61,54,,0,50,90,0,0.3
2449,100005,61,54,,0,50,90,0,0.3
2450,100005,61,70,,0,50,90,0,0.3
2451,100005,61,68,,0,50,90,0,0.3
2452,100005,61,49,,0,50,90,0,0.3
2453,100005,61,52,,0,50,90,0,0.3
2454,100005,61,71,,0,50,90,0,0.3
2455,100005,61,49,,0,50,90,0,0.3
2456,100005,61,49,,0,50,90,0,0.3
2457,100005,61,52,,0,50,90,0,0.3
2458,100005,61,70,,0,50,90,0,0.3
2459,100005,61,54,,0,50,90,0,0.3
2460,100005,61,49,,0,50,90,0,0.3
2461,100005,61,68,,0,50,90,0,0.3
2462,100005,61,52,,0,50,90,0,0.3
2463,100005,61,52,,0,50,90,0,0.3
2464,100005,61,49,,0,50,90,0,0.3
2465,100005,61,68,,0,50,90,0,0.3
2466,100005,61,68,,0,50,90,0,0.3
2467,100005,61,68,,0,50,90,0,0.3
2468,100005,61,71,,0,50,90,0,0.3
2469,100005,61,54,,0,50,90,0,0.3
2470,100005,61,71,,0,50,90,0,0.3
2471,100005,61,54,,0,50,90,0,0.3
2472,100005,61,54,,0,50,90,0,0.3
2473,100005,61,52,,0,50,90,0,0.3
2474,100005,61,71,,0,50,90,0,0.3
2475,100005,61,70,,0,50,90,0,0.3
2476,100005,61,70,,0,50,90,0,0.3
2477,100005,61,68,,0,50,90,0,0.3
2478,100005,61,70,,0,50,90,0,0.3
2479,100005,61,71,,0,50,90,0,0.3
2480,100005,61,71,,0,50,90,0,0.3
2481,100005,61,49,,0,50,90,0,0.3
2482,100005,61,49,,0,50,90,0,0.3
2483,100005,61,70,,0,50,90,0,0.3
2484,100005,61,71,,0,50,90,0,0.3
2485,100005,61,49,,0,50,90,0,0.3
2486,100005,61,49,,0,50,90,0,0.3
2487,100005,61,49,,0,50,90,0,0.3
2488,100005,61,54,,0,50,90,0,0.3
2489,100005,61,49,,0,50,90,0,0.3
2490,100005,61,68,,0,50,90,0,0.3
2491,100005,61,49,,0,50,90,0,0.3
2492,100005,61,49,,0,50,90,0,0.3
2493,100005,61,70,,0,50,90,0,0.3
2494,100005,61,70,,0,50,90,0,0.3
2495,100005,61,49,,0,50,90,0,0.3
2496,100005,61,54,,0,50,90,0,0.3
2497,100005,61,52,,0,50,90,0,0.3
2498,100005,61,68,,0,50,90,0,0.3
2499,100005,61,70,,0,50,90,0,0.3
2500,100005,61,49,,0,50,90,0,0.3
2501,100005,61,54,,0,50,90,0,0.3
2502,100005,61,70,,0,50,90,0,0.3
2503,100005,61,68,,0,50,90,0,0.3
2504,100005,61,68,,0,50,90,0,0.3
2505,100005,61,68,,0,50,90,0,0.3
2506,100005,61,68,,0,50,90,0,0.3
2507,100005,61,52,,0,50,90,0,0.3
2508,100005,61,54,,0,50,90,0,0.3
2509,100005,61,68,,0,50,90,0,0.3
2510,100005,61,68,,0,50,90,0,0.3
2511,100005,61,71,,0,50,90,0,0.3
2512,100005,61,49,,0,50,90,0,0.3
2513,100005,61,71,,0,50,90,0,0.3
2514,100005,61,68,,0,50,90,0,0.3
2515,100005,61,52,,0,50,90,0,0.3
2516,100005,61,71,,0,50,90,0,0.3
2517,100005,61,68,,0,50,90,0,0.3
2518,100005,61,68,,0,50,90,0,0.3
2519,100005,61,54,,0,50,90,0,0.3
2520,100005,61,71,,0,50,90,0,0.3
2521,100005,61,68,,0,50,90,0,0.3
2522,100005,61,68,,0,50,90,0,0.3
2523,100005,61,71,,0,50,90,0,0.3
2524,100005,61,68,,0,50,90,0,0.3
2525,100005,61,49,,0,50,90,0,0.3
2526,100005,61,70,,0,50,90,0,0.3
2527,100005,61,68,,0,50,90,0,0.3
2528,100005,61,71,,0,50,90,0,0.3
2529,100005,61,68,,0,50,90,0,0.3
2530,100005,61,68,,0,50,90,0,0.3
2531,100005,61,71,,0,50,90,0,0.3
2532,100005,61,49,,0,50,90,0,0.3
2533,100005,61,68,,0,50,90,0,0.3
2534,100005,61,71,,0,50,90,0,0.3
2535,100005,61,49,,0,50,90,0,0.3
2536,100005,61,70,,0,50,90,0,0.3
2537,100005,61,54,,0,50,90,0,0.3
2538,100005,61,70,,0,50,90,0,0.3
2539,100005,61,70,,0,50,90,0,0.3
2540,100005,61,49,,0,50,90,0,0.3
2541,100005,61,68,,0,50,90,0,0.3
2542,100005,61,52,,0,50,90,0,0.3
2543,100005,61,52,,0,50,90,0,0.3
2544,100005,61,52,,0,50,90,0,0.3
2545,100005,61,68,,0,50,90,0,0.3
2546,100005,61,54,,0,50,90,0,0.3
2547,100005,61,70,,0,50,90,0,0.3
2548,100005,61,49,,0,50,90,0,0.3
2549,100005,61,52,,0,50,90,0,0.3
2550,100005,61,52,,0,50,90,0,0.3
2551,100005,61,54,,0,50,90,0,0.3
2552,100005,61,49,,0,50,90,0,0.3
2553,100005,61,70,,0,50,90,0,0.3
2554,100005,61,52,,0,50,90,0,0.3
2555,100005,61,70,,0,50,90,0,0.3
2556,100005,61,70,,0,50,90,0,0.3
2557,100005,61,70,,0,50,90,0,0.3
2558,100005,61,68,,0,50,90,0,0.3
2559,100005,61,71,,0,50,90,0,0.3
2560,100005,61,71,,0,50,90,0,0.3
2561,100005,61,71,,0,50,90,0,0.3
2562,100005,61,71,,0,50,90,0,0.3
2563,100005,61,70,,0,50,90,0,0.3
2564,100005,61,52,,0,50,90,0,0.3
2565,100005,61,49,,0,50,90,0,0.3
2566,100005,61,71,,0,50,90,0,0.3
2567,100005,61,68,,0,50,90,0,0.3
2568,100005,61,68,,0,50,90,0,0.3
2569,100005,61,68,,0,50,90,0,0.3
2570,100005,61,68,,0,50,90,0,0.3
2571,100005,61,49,,0,50,90,0,0.3
2572,100005,61,71,,0,50,90,0,0.3
2573,100005,61,54,,0,50,90,0,0.3
2574,100005,61,52,,0,50,90,0,0.3
2575,100005,61,71,,0,50,90,0,0.3
2576,100005,61,70,,0,50,90,0,0.3
2577,100005,61,71,,0,50,90,0,0.3
2578,100005,61,49,,0,50,90,0,0.3
2579,100005,61,71,,0,50,90,0,0.3
2580,100005,61,68,,0,50,90,0,0.3
2581,100005,61,54,,0,50,90,0,0.3
2582,100005,61,52,,0,50,90,0,0.3
2583,100005,61,54,,0,50,90,0,0.3
2584,100005,61,71,,0,50,90,0,0.3
2585,100005,61,54,,0,50,90,0,0.3
2586,100005,61,71,,0,50,90,0,0.3
2587,100005,61,54,,0,50,90,0,0.3
2588,100005,61,49,,0,50,90,0,0.3
2589,100005,61,71,,0,50,90,0,0.3
2590,100005,61,49,,0,50,90,0,0.3
2591,100005,61,52,,0,50,90,0,0.3
2592,100005,61,71,,0,50,90,0,0.3
2593,100006,61,71,,0,50,90,0,0.3
2594,100006,61,68,,0,50,90,0,0.3
2595,100006,61,54,,0,50,90,0,0.3
2596,100006,61,68,,0,50,90,0,0.3
2597,100006,61,49,,0,50,90,0,0.3
2598,100006,61,49,,0,50,90,0,0.3
2599,100006,61,68,,0,50,90,0,0.3
2600,100006,61,52,,0,50,90,0,0.3
2601,100007,61,70,,0,50,90,0,0.3
2602,100007,61,49,,0,50,90,0,0.3
2603,100007,61,71,,0,50,90,0,0.3
2604,100007,61,54,,0,50,90,0,0.3
2605,100007,61,68,,0,50,90,0,0.3
2606,47002,61,68,,0,50,90,0,0.3
2607,47002,61,52,,0,50,90,0,0.3
2608,47002,61,54,,0,50,90,0,0.3
2609,47002,61,71,,0,50,90,0,0.3
2610,47002,61,52,,0,50,90,0,0.3
2611,47002,61,49,,0,50,90,0,0.3
2612,47002,61,52,,0,50,90,0,0.3
2613,47002,61,68,,0,50,90,0,0.3
2614,47002,61,71,,0,50,90,0,0.3
2615,47002,61,49,,0,50,90,0,0.3
2616,47002,61,52,,0,50,90,0,0.3
2617,47003,61,70,,0,50,90,0,0.3
2618,47005,61,70,,0,50,90,0,0.3
2619,47006,61,71,,0,50,90,0,0.3
2620,47007,61,71,,0,50,90,0,0.3
2621,47009,61,49,,0,50,90,0,0.3
2622,47010,61,52,,0,50,90,0,0.3
2623,47010,61,49,,0,50,90,0,0.3
2624,47010,61,54,,0,50,90,0,0.3
2625,47010,61,70,,0,50,90,0,0.3
2626,47010,61,71,,0,50,90,0,0.3
2627,47011,61,49,,0,50,90,0,0.3
2628,47011,61,68,,0,50,90,0,0.3
2629,47012,61,52,,0,50,90,0,0.3
2630,47013,61,71,,0,50,90,0,0.3
2631,47014,61,68,,0,50,90,0,0.3
2632,47014,61,49,,0,50,90,0,0.3
2633,47014,61,49,,0,50,90,0,0.3
2634,47014,61,71,,0,50,90,0,0.3
2635,47014,61,54,,0,50,90,0,0.3
2636,47014,61,49,,0,50,90,0,0.3
2637,47014,61,70,,0,50,90,0,0.3
2638,47014,61,70,,0,50,90,0,0.3
2639,47014,61,71,,0,50,90,0,0.3
2640,47014,61,52,,0,50,90,0,0.3
2641,47014,61,71,,0,50,90,0,0.3
2642,47016,61,54,,0,50,90,0,0.3
2643,47017,61,54,,0,50,90,0,0.3
2644,47017,61,71,,0,50,90,0,0.3
2645,47017,61,49,,0,50,90,0,0.3
2646,47017,61,70,,0,50,90,0,0.3
2647,47017,61,68,,0,50,90,0,0.3
2648,47017,61,71,,0,50,90,0,0.3
2649,47017,61,54,,0,50,90,0,0.3
2650,47017,61,70,,0,50,90,0,0.3
2651,47017,61,52,,0,50,90,0,0.3
2652,47017,61,54,,0,50,90,0,0.3
2653,47020,61,52,,0,50,90,0,0.3
2654,47020,61,70,,0,50,90,0,0.3
2655,47020,61,68,,0,50,90,0,0.3
2656,47021,61,52,,0,50,90,0,0.3
2657,47022,61,68,,0,50,90,0,0.3
2658,47024,61,54,,0,50,90,0,0.3
2659,52003,61,49,,0,50,90,0,0.3
2660,52028,61,49,,0,50,90,0,0.3
2661,48005,62,68,,0,50,90,0,0.3
2662,48010,62,70,,0,50,90,0,0.3
2663,48011,62,70,,0,50,90,0,0.3
2664,48017,62,49,,0,50,90,0,0.3
2665,53009,62,68,,0,50,90,0,0.3
2666,53009,62,49,,0,50,90,0,0.3
2667,53009,62,52,,0,50,90,0,0.3
2668,53009,62,54,,0,50,90,0,0.3
2669,53010,62,71,,0,50,90,0,0.3
2670,53015,62,70,,0,50,90,0,0.3
2671,53024,62,71,,0,50,90,0,0.3
2672,53027,62,52,,0,50,90,0,0.3
2673,49001,62,52,,0,50,90,0,0.3
2674,49001,62,52,,0,50,90,0,0.3
2675,49001,62,52,,0,50,90,0,0.3
2676,49002,62,71,,0,50,90,0,0.3
2677,49002,62,54,,0,50,90,0,0.3
2678,49002,62,70,,0,50,90,0,0.3
2679,49002,62,71,,0,50,90,0,0.3
2680,49002,62,52,,0,50,90,0,0.3
2681,49004,62,52,,0,50,90,0,0.3
2682,49006,62,71,,0,50,90,0,0.3
2683,49006,62,54,,0,50,90,0,0.3
2684,49006,62,52,,0,50,90,0,0.3
2685,49006,62,52,,0,50,90,0,0.3
2686,49006,62,71,,0,50,90,0,0.3
2687,49007,62,68,,0,50,90,0,0.3
2688,49007,62,70,,0,50,90,0,0.3
2689,49007,62,70,,0,50,90,0,0.3
2690,49007,62,68,,0,50,90,0,0.3
2691,49007,62,54,,0,50,90,0,0.3
2692,49007,62,52,,0,50,90,0,0.3
2693,49007,62,68,,0,50,90,0,0.3
2694,49007,62,71,,0,50,90,0,0.3
2695,49007,62,71,,0,50,90,0,0.3
2696,49007,62,49,,0,50,90,0,0.3
2697,49007,62,68,,0,50,90,0,0.3
2698,49007,62,52,,0,50,90,0,0.3
2699,49007,62,68,,0,50,90,0,0.3
2700,49007,62,54,,0,50,90,0,0.3
2701,49007,62,71,,0,50,90,0,0.3
2702,49007,62,52,,0,50,90,0,0.3
2703,49007,62,49,,0,50,90,0,0.3
2704,49007,62,54,,0,50,90,0,0.3
2705,49007,62,71,,0,50,90,0,0.3
2706,49007,62,49,,0,50,90,0,0.3
2707,49008,62,54,,0,50,90,0,0.3
2708,49009,62,54,,0,50,90,0,0.3
2709,49009,62,68,,0,50,90,0,0.3
2710,49011,62,71,,0,50,90,0,0.3
2711,49012,62,52,,0,50,90,0,0.3
2712,49012,62,70,,0,50,90,0,0.3
2713,49012,62,52,,0,50,90,0,0.3
2714,49012,62,54,,0,50,90,0,0.3
2715,49012,62,68,,0,50,90,0,0.3
2716,49012,62,68,,0,50,90,0,0.3
2717,49012,62,54,,0,50,90,0,0.3
2718,49012,62,54,,0,50,90,0,0.3
2719,49012,62,70,,0,50,90,0,0.3
2720,49012,62,70,,0,50,90,0,0.3
2721,49012,62,71,,0,50,90,0,0.3
2722,49012,62,52,,0,50,90,0,0.3
2723,49012,62,68,,0,50,90,0,0.3
2724,49012,62,52,,0,50,90,0,0.3
2725,49017,62,70,,0,50,90,0,0.3
2726,49017,62,54,,0,50,90,0,0.3
2727,49017,62,49,,0,50,90,0,0.3
2728,49017,62,68,,0,50,90,0,0.3
2729,49017,62,68,,0,50,90,0,0.3
2730,49017,62,70,,0,50,90,0,0.3
2731,49017,62,68,,0,50,90,0,0.3
2732,49017,62,71,,0,50,90,0,0.3
2733,49017,62,68,,0,50,90,0,0.3
2734,49017,62,52,,0,50,90,0,0.3
2735,49017,62,52,,0,50,90,0,0.3
2736,49017,62,70,,0,50,90,0,0.3
2737,49017,62,52,,0,50,90,0,0.3
2738,49017,62,54,,0,50,90,0,0.3
2739,49017,62,52,,0,50,90,0,0.3
2740,49017,62,52,,0,50,90,0,0.3
2741,49018,62,49,,0,50,90,0,0.3
2742,49018,62,52,,0,50,90,0,0.3
2743,49018,62,68,,0,50,90,0,0.3
2744,49019,62,68,,0,50,90,0,0.3
2745,49020,62,68,,0,50,90,0,0.3
2746,46017,62,52,,0,50,90,0,0.3
2747,50006,62,54,,0,50,90,0,0.3
2748,50008,62,70,,0,50,90,0,0.3
2749,50010,62,49,,0,50,90,0,0.3
2750,50010,62,54,,0,50,90,0,0.3
2751,50011,62,54,,0,50,90,0,0.3
2752,50015,62,70,,0,50,90,0,0.3
2753,50016,62,71,,0,50,90,0,0.3
2754,50019,62,68,,0,50,90,0,0.3
2755,50020,62,71,,0,50,90,0,0.3
2756,50020,62,71,,0,50,90,0,0.3
2757,50021,62,70,,0,50,90,0,0.3
2758,50027,62,70,,0,50,90,0,0.3
2759,50027,62,54,,0,50,90,0,0.3
2760,50030,62,71,,0,50,90,0,0.3
2761,50034,62,52,,0,50,90,0,0.3
2762,50039,62,52,,0,50,90,0,0.3
2763,47024,62,49,,0,50,90,0,0.3
2764,48005,63,54,,0,50,90,0,0.3
2765,48006,63,70,,0,50,90,0,0.3
2766,48010,63,54,,0,50,90,0,0.3
2767,48011,63,68,,0,50,90,0,0.3
2768,48014,63,71,,0,50,90,0,0.3
2769,48019,63,49,,0,50,90,0,0.3
2770,48030,63,70,,0,50,90,0,0.3
2771,48041,63,70,,0,50,90,0,0.3
2772,48050,63,68,,0,50,90,0,0.3
2773,53024,63,68,,0,50,90,0,0.3
2774,49011,63,70,,0,50,90,0,0.3
2775,49017,63,68,,0,50,90,0,0.3
2776,46001,63,52,,0,50,90,0,0.3
2777,46005,63,68,,0,50,90,0,0.3
2778,46007,63,68,,0,50,90,0,0.3
2779,46009,63,49,,0,50,90,0,0.3
2780,46010,63,68,,0,50,90,0,0.3
2781,46011,63,70,,0,50,90,0,0.3
2782,46017,63,49,,0,50,90,0,0.3
2783,46021,63,54,,0,50,90,0,0.3
2784,46024,63,71,,0,50,90,0,0.3
2785,46033,63,68,,0,50,90,0,0.3
2786,50001,63,52,,0,50,90,0,0.3
2787,50009,63,68,,0,50,90,0,0.3
2788,50022,63,68,,0,50,90,0,0.3
2789,50029,63,49,,0,50,90,0,0.3
2790,50032,63,70,,0,50,90,0,0.3
2791,50035,63,68,,0,50,90,0,0.3
2792,100003,63,71,,0,50,90,0,0.3
2793,100004,63,71,,0,50,90,0,0.3
2794,100005,63,70,,0,50,90,0,0.3
2795,47002,63,70,,0,50,90,0,0.3
2796,47002,63,52,,0,50,90,0,0.3
2797,47002,63,49,,0,50,90,0,0.3
2798,47002,63,52,,0,50,90,0,0.3
2799,47002,63,71,,0,50,90,0,0.3
2800,47002,63,71,,0,50,90,0,0.3
2801,47003,63,70,,0,50,90,0,0.3
2802,47003,63,52,,0,50,90,0,0.3
2803,47003,63,54,,0,50,90,0,0.3
2804,47005,63,70,,0,50,90,0,0.3
2805,47005,63,68,,0,50,90,0,0.3
2806,47006,63,49,,0,50,90,0,0.3
2807,47006,63,68,,0,50,90,0,0.3
2808,47006,63,71,,0,50,90,0,0.3
2809,47006,63,52,,0,50,90,0,0.3
2810,47007,63,70,,0,50,90,0,0.3
2811,47009,63,70,,0,50,90,0,0.3
2812,47009,63,54,,0,50,90,0,0.3
2813,47009,63,71,,0,50,90,0,0.3
2814,47009,63,70,,0,50,90,0,0.3
2815,47009,63,49,,0,50,90,0,0.3
2816,47009,63,70,,0,50,90,0,0.3
2817,47009,63,52,,0,50,90,0,0.3
2818,47009,63,49,,0,50,90,0,0.3
2819,47009,63,54,,0,50,90,0,0.3
2820,47009,63,71,,0,50,90,0,0.3
2821,47009,63,49,,0,50,90,0,0.3
2822,47009,63,54,,0,50,90,0,0.3
2823,47009,63,70,,0,50,90,0,0.3
2824,47009,63,71,,0,50,90,0,0.3
2825,47010,63,68,,0,50,90,0,0.3
2826,47010,63,68,,0,50,90,0,0.3
2827,47010,63,71,,0,50,90,0,0.3
2828,47011,63,54,,0,50,90,0,0.3
2829,47011,63,71,,0,50,90,0,0.3
2830,47011,63,52,,0,50,90,0,0.3
2831,47011,63,70,,0,50,90,0,0.3
2832,47011,63,52,,0,50,90,0,0.3
2833,47011,63,52,,0,50,90,0,0.3
2834,47011,63,49,,0,50,90,0,0.3
2835,47011,63,52,,0,50,90,0,0.3
2836,47011,63,54,,0,50,90,0,0.3
2837,47011,63,49,,0,50,90,0,0.3
2838,47011,63,68,,0,50,90,0,0.3
2839,47011,63,70,,0,50,90,0,0.3
2840,47011,63,71,,0,50,90,0,0.3
2841,47012,63,70,,0,50,90,0,0.3
2842,47012,63,68,,0,50,90,0,0.3
2843,47012,63,71,,0,50,90,0,0.3
2844,47012,63,71,,0,50,90,0,0.3
2845,47012,63,68,,0,50,90,0,0.3
2846,47012,63,70,,0,50,90,0,0.3
2847,47012,63,71,,0,50,90,0,0.3
2848,47012,63,68,,0,50,90,0,0.3
2849,47012,63,70,,0,50,90,0,0.3
2850,47012,63,70,,0,50,90,0,0.3
2851,47013,63,68,,0,50,90,0,0.3
2852,47013,63,71,,0,50,90,0,0.3
2853,47013,63,68,,0,50,90,0,0.3
2854,47013,63,68,,0,50,90,0,0.3
2855,47014,63,54,,0,50,90,0,0.3
2856,47014,63,54,,0,50,90,0,0.3
2857,47014,63,71,,0,50,90,0,0.3
2858,47014,63,49,,0,50,90,0,0.3
2859,47014,63,71,,0,50,90,0,0.3
2860,47014,63,49,,0,50,90,0,0.3
2861,47014,63,70,,0,50,90,0,0.3
2862,47014,63,70,,0,50,90,0,0.3
2863,47014,63,68,,0,50,90,0,0.3
2864,47014,63,49,,0,50,90,0,0.3
2865,47014,63,71,,0,50,90,0,0.3
2866,47014,63,49,,0,50,90,0,0.3
2867,47014,63,52,,0,50,90,0,0.3
2868,47014,63,71,,0,50,90,0,0.3
2869,47014,63,52,,0,50,90,0,0.3
2870,47014,63,71,,0,50,90,0,0.3
2871,47014,63,68,,0,50,90,0,0.3
2872,47014,63,49,,0,50,90,0,0.3
2873,47014,63,71,,0,50,90,0,0.3
2874,47014,63,70,,0,50,90,0,0.3
2875,47014,63,70,,0,50,90,0,0.3
2876,47014,63,71,,0,50,90,0,0.3
2877,47014,63,71,,0,50,90,0,0.3
2878,47014,63,70,,0,50,90,0,0.3
2879,47014,63,70,,0,50,90,0,0.3
2880,47014,63,54,,0,50,90,0,0.3
2881,47014,63,68,,0,50,90,0,0.3
2882,47014,63,52,,0,50,90,0,0.3
2883,47014,63,52,,0,50,90,0,0.3
2884,47014,63,49,,0,50,90,0,0.3
2885,47014,63,71,,0,50,90,0,0.3
2886,47014,63,70,,0,50,90,0,0.3
2887,47014,63,49,,0,50,90,0,0.3
2888,47014,63,54,,0,50,90,0,0.3
2889,47014,63,70,,0,50,90,0,0.3
2890,47014,63,70,,0,50,90,0,0.3
2891,47014,63,49,,0,50,90,0,0.3
2892,47014,63,52,,0,50,90,0,0.3
2893,47014,63,71,,0,50,90,0,0.3
2894,47014,63,54,,0,50,90,0,0.3
2895,47014,63,54,,0,50,90,0,0.3
2896,47014,63,54,,0,50,90,0,0.3
2897,47014,63,49,,0,50,90,0,0.3
2898,47014,63,52,,0,50,90,0,0.3
2899,47014,63,71,,0,50,90,0,0.3
2900,47014,63,68,,0,50,90,0,0.3
2901,47014,63,49,,0,50,90,0,0.3
2902,47014,63,52,,0,50,90,0,0.3
2903,47014,63,70,,0,50,90,0,0.3
2904,47014,63,68,,0,50,90,0,0.3
2905,47014,63,70,,0,50,90,0,0.3
2906,47014,63,68,,0,50,90,0,0.3
2907,47014,63,71,,0,50,90,0,0.3
2908,47016,63,54,,0,50,90,0,0.3
2909,47016,63,68,,0,50,90,0,0.3
2910,47016,63,70,,0,50,90,0,0.3
2911,47016,63,70,,0,50,90,0,0.3
2912,47016,63,52,,0,50,90,0,0.3
2913,47016,63,71,,0,50,90,0,0.3
2914,47016,63,54,,0,50,90,0,0.3
2915,47017,63,49,,0,50,90,0,0.3
2916,47017,63,52,,0,50,90,0,0.3
2917,47017,63,71,,0,50,90,0,0.3
2918,47017,63,54,,0,50,90,0,0.3
2919,47017,63,70,,0,50,90,0,0.3
2920,47017,63,49,,0,50,90,0,0.3
2921,47017,63,54,,0,50,90,0,0.3
2922,47017,63,54,,0,50,90,0,0.3
2923,47017,63,68,,0,50,90,0,0.3
2924,47017,63,54,,0,50,90,0,0.3
2925,47017,63,54,,0,50,90,0,0.3
2926,47017,63,52,,0,50,90,0,0.3
2927,47018,63,71,,0,50,90,0,0.3
2928,47020,63,54,,0,50,90,0,0.3
2929,47020,63,71,,0,50,90,0,0.3
2930,47020,63,49,,0,50,90,0,0.3
2931,47020,63,54,,0,50,90,0,0.3
2932,47020,63,68,,0,50,90,0,0.3
2933,47020,63,54,,0,50,90,0,0.3
2934,47020,63,54,,0,50,90,0,0.3
2935,47020,63,71,,0,50,90,0,0.3
2936,47020,63,70,,0,50,90,0,0.3
2937,47020,63,68,,0,50,90,0,0.3
2938,47020,63,70,,0,50,90,0,0.3
2939,47021,63,49,,0,50,90,0,0.3
2940,47021,63,68,,0,50,90,0,0.3
2941,47021,63,71,,0,50,90,0,0.3
2942,47022,63,71,,0,50,90,0,0.3
2943,47022,63,71,,0,50,90,0,0.3
2944,47022,63,70,,0,50,90,0,0.3
2945,47023,63,68,,0,50,90,0,0.3
2946,47024,63,49,,0,50,90,0,0.3
2947,47024,63,70,,0,50,90,0,0.3
2948,47024,63,70,,0,50,90,0,0.3
2949,52011,63,52,,0,50,90,0,0.3
2950,48017,63,54,,0,50,90,0,0.3
2951,48006,64,71,,0,50,90,0,0.3
2952,48008,64,71,,0,50,90,0,0.3
2953,48008,64,68,,0,50,90,0,0.3
2954,48008,64,49,,0,50,90,0,0.3
2955,48010,64,49,,0,50,90,0,0.3
2956,48010,64,54,,0,50,90,0,0.3
2957,48010,64,49,,0,50,90,0,0.3
2958,48010,64,54,,0,50,90,0,0.3
2959,48010,64,52,,0,50,90,0,0.3
2960,48010,64,52,,0,50,90,0,0.3
2961,48010,64,70,,0,50,90,0,0.3
2962,48010,64,52,,0,50,90,0,0.3
2963,48011,64,52,,0,50,90,0,0.3
2964,48011,64,49,,0,50,90,0,0.3
2965,48011,64,49,,0,50,90,0,0.3
2966,48011,64,71,,0,50,90,0,0.3
2967,48011,64,68,,0,50,90,0,0.3
2968,48011,64,68,,0,50,90,0,0.3
2969,48011,64,71,,0,50,90,0,0.3
2970,48011,64,54,,0,50,90,0,0.3
2971,48012,64,70,,0,50,90,0,0.3
2972,48012,64,52,,0,50,90,0,0.3
2973,48014,64,54,,0,50,90,0,0.3
2974,48014,64,52,,0,50,90,0,0.3
2975,48014,64,52,,0,50,90,0,0.3
2976,48014,64,54,,0,50,90,0,0.3
2977,48014,64,70,,0,50,90,0,0.3
2978,48014,64,70,,0,50,90,0,0.3
2979,48014,64,54,,0,50,90,0,0.3
2980,48014,64,49,,0,50,90,0,0.3
2981,48014,64,68,,0,50,90,0,0.3
2982,48014,64,54,,0,50,90,0,0.3
2983,48014,64,52,,0,50,90,0,0.3
2984,48014,64,68,,0,50,90,0,0.3
2985,48014,64,49,,0,50,90,0,0.3
2986,48014,64,71,,0,50,90,0,0.3
2987,48014,64,49,,0,50,90,0,0.3
2988,48014,64,52,,0,50,90,0,0.3
2989,48014,64,52,,0,50,90,0,0.3
2990,48014,64,70,,0,50,90,0,0.3
2991,48014,64,70,,0,50,90,0,0.3
2992,48014,64,70,,0,50,90,0,0.3
2993,48014,64,70,,0,50,90,0,0.3
2994,48014,64,71,,0,50,90,0,0.3
2995,48014,64,52,,0,50,90,0,0.3
2996,48014,64,68,,0,50,90,0,0.3
2997,48014,64,68,,0,50,90,0,0.3
2998,48014,64,68,,0,50,90,0,0.3
2999,48014,64,71,,0,50,90,0,0.3
3000,48014,64,54,,0,50,90,0,0.3
3001,48014,64,68,,0,50,90,0,0.3
3002,48014,64,70,,0,50,90,0,0.3
3003,48014,64,49,,0,50,90,0,0.3
3004,48014,64,49,,0,50,90,0,0.3
3005,48017,64,71,,0,50,90,0,0.3
3006,48019,64,71,,0,50,90,0,0.3
3007,48019,64,52,,0,50,90,0,0.3
3008,48019,64,71,,0,50,90,0,0.3
3009,48019,64,49,,0,50,90,0,0.3
3010,48019,64,68,,0,50,90,0,0.3
3011,48019,64,70,,0,50,90,0,0.3
3012,48019,64,52,,0,50,90,0,0.3
3013,48019,64,52,,0,50,90,0,0.3
3014,48019,64,71,,0,50,90,0,0.3
3015,48019,64,52,,0,50,90,0,0.3
3016,48019,64,71,,0,50,90,0,0.3
3017,48019,64,49,,0,50,90,0,0.3
3018,48019,64,49,,0,50,90,0,0.3
3019,48019,64,70,,0,50,90,0,0.3
3020,48020,64,54,,0,50,90,0,0.3
3021,48024,64,54,,0,50,90,0,0.3
3022,48027,64,70,,0,50,90,0,0.3
3023,48028,64,68,,0,50,90,0,0.3
3024,48028,64,68,,0,50,90,0,0.3
3025,48028,64,70,,0,50,90,0,0.3
3026,48028,64,70,,0,50,90,0,0.3
3027,48028,64,71,,0,50,90,0,0.3
3028,48028,64,70,,0,50,90,0,0.3
3029,48028,64,54,,0,50,90,0,0.3
3030,48028,64,68,,0,50,90,0,0.3
3031,48030,64,71,,0,50,90,0,0.3
3032,48030,64,54,,0,50,90,0,0.3
3033,48030,64,68,,0,50,90,0,0.3
3034,48030,64,49,,0,50,90,0,0.3
3035,48036,64,54,,0,50,90,0,0.3
3036,48041,64,70,,0,50,90,0,0.3
3037,48050,64,68,,0,50,90,0,0.3
3038,48050,64,70,,0,50,90,0,0.3
3039,48050,64,52,,0,50,90,0,0.3
3040,48050,64,71,,0,50,90,0,0.3
3041,48050,64,70,,0,50,90,0,0.3
3042,48050,64,54,,0,50,90,0,0.3
3043,48050,64,68,,0,50,90,0,0.3
3044,48050,64,68,,0,50,90,0,0.3
3045,48050,64,71,,0,50,90,0,0.3
3046,48054,64,49,,0,50,90,0,0.3
3047,53014,64,71,,0,50,90,0,0.3
3048,49001,64,49,,0,50,90,0,0.3
3049,46001,64,68,,0,50,90,0,0.3
3050,46024,64,70,,0,50,90,0,0.3
3051,50004,64,70,,0,50,90,0,0.3
3052,50009,64,54,,0,50,90,0,0.3
3053,50009,64,70,,0,50,90,0,0.3
3054,50009,64,49,,0,50,90,0,0.3
3055,50009,64,52,,0,50,90,0,0.3
3056,50009,64,70,,0,50,90,0,0.3
3057,50009,64,54,,0,50,90,0,0.3
3058,50009,64,49,,0,50,90,0,0.3
3059,50009,64,52,,0,50,90,0,0.3
3060,50022,64,52,,0,50,90,0,0.3
3061,50022,64,70,,0,50,90,0,0.3
3062,50022,64,52,,0,50,90,0,0.3
3063,50022,64,71,,0,50,90,0,0.3
3064,50022,64,71,,0,50,90,0,0.3
3065,50022,64,52,,0,50,90,0,0.3
3066,50022,64,52,,0,50,90,0,0.3
3067,50024,64,68,,0,50,90,0,0.3
3068,50028,64,70,,0,50,90,0,0.3
3069,50032,64,70,,0,50,90,0,0.3
3070,50032,64,49,,0,50,90,0,0.3
3071,50032,64,70,,0,50,90,0,0.3
3072,50032,64,68,,0,50,90,0,0.3
3073,50032,64,52,,0,50,90,0,0.3
3074,50032,64,70,,0,50,90,0,0.3
3075,50032,64,70,,0,50,90,0,0.3
3076,50032,64,71,,0,50,90,0,0.3
3077,50032,64,52,,0,50,90,0,0.3
3078,50032,64,71,,0,50,90,0,0.3
3079,50032,64,71,,0,50,90,0,0.3
3080,50032,64,70,,0,50,90,0,0.3
3081,50032,64,70,,0,50,90,0,0.3
3082,50032,64,68,,0,50,90,0,0.3
3083,50032,64,68,,0,50,90,0,0.3
3084,50032,64,52,,0,50,90,0,0.3
3085,50033,64,68,,0,50,90,0,0.3
3086,50033,64,71,,0,50,90,0,0.3
3087,50033,64,68,,0,50,90,0,0.3
3088,50033,64,49,,0,50,90,0,0.3
3089,50033,64,49,,0,50,90,0,0.3
3090,50033,64,49,,0,50,90,0,0.3
3091,50033,64,54,,0,50,90,0,0.3
3092,50033,64,71,,0,50,90,0,0.3
3093,50033,64,49,,0,50,90,0,0.3
3094,50033,64,71,,0,50,90,0,0.3
3095,50033,64,71,,0,50,90,0,0.3
3096,50033,64,68,,0,50,90,0,0.3
3097,50033,64,71,,0,50,90,0,0.3
3098,50033,64,71,,0,50,90,0,0.3
3099,50035,64,52,,0,50,90,0,0.3
3100,50040,64,49,,0,50,90,0,0.3
3101,100002,64,54,,0,50,90,0,0.3
3102,100005,64,54,,0,50,90,0,0.3
3103,47005,64,68,,0,50,90,0,0.3
3104,47005,64,71,,0,50,90,0,0.3
3105,47005,64,49,,0,50,90,0,0.3
3106,47006,64,71,,0,50,90,0,0.3
3107,47009,64,54,,0,50,90,0,0.3
3108,47011,64,54,,0,50,90,0,0.3
3109,47012,64,52,,0,50,90,0,0.3
3110,47020,64,52,,0,50,90,0,0.3
3111,47022,64,49,,0,50,90,0,0.3
3112,52012,64,70,,0,50,90,0,0.3
3113,48010,65,70,,0,50,90,0,0.3
3114,48014,65,54,,0,50,90,0,0.3
3115,48017,65,68,,0,50,90,0,0.3
3116,48019,65,52,,0,50,90,0,0.3
3117,48027,65,68,,0,50,90,0,0.3
3118,48028,65,52,,0,50,90,0,0.3
3119,48036,65,49,,0,50,90,0,0.3
3120,49001,65,49,,0,50,90,0,0.3
3121,49002,65,49,,0,50,90,0,0.3
3122,49008,65,49,,0,50,90,0,0.3
3123,49009,65,52,,0,50,90,0,0.3
3124,46001,65,71,,0,50,90,0,0.3
3125,46007,65,49,,0,50,90,0,0.3
3126,46017,65,52,,0,50,90,0,0.3
3127,46021,65,54,,0,50,90,0,0.3
3128,46033,65,70,,0,50,90,0,0.3
3129,46036,65,54,,0,50,90,0,0.3
3130,50001,65,52,,0,50,90,0,0.3
3131,50001,65,52,,0,50,90,0,0.3
3132,50001,65,70,,0,50,90,0,0.3
3133,50001,65,49,,0,50,90,0,0.3
3134,50001,65,52,,0,50,90,0,0.3
3135,50001,65,71,,0,50,90,0,0.3
3136,50002,65,71,,0,50,90,0,0.3
3137,50002,65,49,,0,50,90,0,0.3
3138,50002,65,68,,0,50,90,0,0.3
3139,50003,65,54,,0,50,90,0,0.3
3140,50004,65,54,,0,50,90,0,0.3
3141,50004,65,71,,0,50,90,0,0.3
3142,50004,65,49,,0,50,90,0,0.3
3143,50004,65,52,,0,50,90,0,0.3
3144,50004,65,49,,0,50,90,0,0.3
3145,50004,65,52,,0,50,90,0,0.3
3146,50005,65,49,,0,50,90,0,0.3
3147,50005,65,71,,0,50,90,0,0.3
3148,50005,65,71,,0,50,90,0,0.3
3149,50005,65,70,,0,50,90,0,0.3
3150,50008,65,68,,0,50,90,0,0.3
3151,50008,65,68,,0,50,90,0,0.3
3152,50008,65,70,,0,50,90,0,0.3
3153,50008,65,68,,0,50,90,0,0.3
3154,50008,65,71,,0,50,90,0,0.3
3155,50008,65,52,,0,50,90,0,0.3
3156,50009,65,70,,0,50,90,0,0.3
3157,50009,65,49,,0,50,90,0,0.3
3158,50012,65,70,,0,50,90,0,0.3
3159,50014,65,54,,0,50,90,0,0.3
3160,50016,65,52,,0,50,90,0,0.3
3161,50019,65,54,,0,50,90,0,0.3
3162,50022,65,71,,0,50,90,0,0.3
3163,50022,65,70,,0,50,90,0,0.3
3164,50024,65,71,,0,50,90,0,0.3
3165,50024,65,49,,0,50,90,0,0.3
3166,50025,65,70,,0,50,90,0,0.3
3167,50025,65,52,,0,50,90,0,0.3
3168,50025,65,68,,0,50,90,0,0.3
3169,50026,65,54,,0,50,90,0,0.3
3170,50026,65,71,,0,50,90,0,0.3
3171,50026,65,68,,0,50,90,0,0.3
3172,50027,65,52,,0,50,90,0,0.3
3173,50028,65,49,,0,50,90,0,0.3
3174,50028,65,52,,0,50,90,0,0.3
3175,50028,65,68,,0,50,90,0,0.3
3176,50028,65,54,,0,50,90,0,0.3
3177,50028,65,68,,0,50,90,0,0.3
3178,50028,65,70,,0,50,90,0,0.3
3179,50028,65,68,,0,50,90,0,0.3
3180,50028,65,52,,0,50,90,0,0.3
3181,50028,65,71,,0,50,90,0,0.3
3182,50028,65,52,,0,50,90,0,0.3
3183,50028,65,52,,0,50,90,0,0.3
3184,50028,65,68,,0,50,90,0,0.3
3185,50029,65,71,,0,50,90,0,0.3
3186,50029,65,52,,0,50,90,0,0.3
3187,50029,65,52,,0,50,90,0,0.3
3188,50029,65,54,,0,50,90,0,0.3
3189,50029,65,70,,0,50,90,0,0.3
3190,50029,65,68,,0,50,90,0,0.3
3191,50029,65,54,,0,50,90,0,0.3
3192,50029,65,71,,0,50,90,0,0.3
3193,50029,65,70,,0,50,90,0,0.3
3194,50029,65,68,,0,50,90,0,0.3
3195,50029,65,71,,0,50,90,0,0.3
3196,50029,65,70,,0,50,90,0,0.3
3197,50029,65,71,,0,50,90,0,0.3
3198,50029,65,68,,0,50,90,0,0.3
3199,50029,65,49,,0,50,90,0,0.3
3200,50029,65,68,,0,50,90,0,0.3
3201,50029,65,68,,0,50,90,0,0.3
3202,50029,65,68,,0,50,90,0,0.3
3203,50029,65,49,,0,50,90,0,0.3
3204,50029,65,54,,0,50,90,0,0.3
3205,50029,65,54,,0,50,90,0,0.3
3206,50029,65,54,,0,50,90,0,0.3
3207,50029,65,68,,0,50,90,0,0.3
3208,50029,65,70,,0,50,90,0,0.3
3209,50029,65,70,,0,50,90,0,0.3
3210,50029,65,52,,0,50,90,0,0.3
3211,50031,65,54,,0,50,90,0,0.3
3212,50031,65,70,,0,50,90,0,0.3
3213,50032,65,49,,0,50,90,0,0.3
3214,50032,65,71,,0,50,90,0,0.3
3215,50033,65,52,,0,50,90,0,0.3
3216,50034,65,71,,0,50,90,0,0.3
3217,50035,65,54,,0,50,90,0,0.3
3218,50035,65,68,,0,50,90,0,0.3
3219,50035,65,71,,0,50,90,0,0.3
3220,50035,65,52,,0,50,90,0,0.3
3221,50035,65,71,,0,50,90,0,0.3
3222,50035,65,52,,0,50,90,0,0.3
3223,50035,65,52,,0,50,90,0,0.3
3224,50035,65,54,,0,50,90,0,0.3
3225,50035,65,70,,0,50,90,0,0.3
3226,50035,65,70,,0,50,90,0,0.3
3227,50036,65,68,,0,50,90,0,0.3
3228,50036,65,70,,0,50,90,0,0.3
3229,50037,65,68,,0,50,90,0,0.3
3230,50038,65,49,,0,50,90,0,0.3
3231,50038,65,70,,0,50,90,0,0.3
3232,50039,65,49,,0,50,90,0,0.3
3233,50040,65,70,,0,50,90,0,0.3
3234,50040,65,52,,0,50,90,0,0.3
3235,50040,65,54,,0,50,90,0,0.3
3236,50040,65,71,,0,50,90,0,0.3
3237,50040,65,49,,0,50,90,0,0.3
3238,50040,65,52,,0,50,90,0,0.3
3239,50041,65,71,,0,50,90,0,0.3
3240,50041,65,70,,0,50,90,0,0.3
3241,47012,65,71,,0,50,90,0,0.3
3242,47016,65,70,,0,50,90,0,0.3
3243,52028,65,54,,0,50,90,0,0.3
3244,48014,66,54,,0,50,90,0,0.3
3245,48017,66,49,,0,50,90,0,0.3
3246,48019,66,54,,0,50,90,0,0.3
3247,48033,66,70,,0,50,90,0,0.3
3248,48038,66,49,,0,50,90,0,0.3
3249,48054,66,52,,0,50,90,0,0.3
3250,49002,66,49,,0,50,90,0,0.3
3251,49007,66,54,,0,50,90,0,0.3
3252,49008,66,68,,0,50,90,0,0.3
3253,49009,66,54,,0,50,90,0,0.3
3254,49009,66,52,,0,50,90,0,0.3
3255,49009,66,49,,0,50,90,0,0.3
3256,49009,66,49,,0,50,90,0,0.3
3257,49017,66,54,,0,50,90,0,0.3
3258,46001,66,71,,0,50,90,0,0.3
3259,46004,66,49,,0,50,90,0,0.3
3260,46005,66,70,,0,50,90,0,0.3
3261,46005,66,68,,0,50,90,0,0.3
3262,46005,66,70,,0,50,90,0,0.3
3263,46005,66,49,,0,50,90,0,0.3
3264,46005,66,49,,0,50,90,0,0.3
3265,46005,66,54,,0,50,90,0,0.3
3266,46005,66,71,,0,50,90,0,0.3
3267,46005,66,52,,0,50,90,0,0.3
3268,46005,66,49,,0,50,90,0,0.3
3269,46005,66,49,,0,50,90,0,0.3
3270,46005,66,54,,0,50,90,0,0.3
3271,46005,66,52,,0,50,90,0,0.3
3272,46005,66,70,,0,50,90,0,0.3
3273,46005,66,68,,0,50,90,0,0.3
3274,46005,66,54,,0,50,90,0,0.3
3275,46005,66,52,,0,50,90,0,0.3
3276,46005,66,71,,0,50,90,0,0.3
3277,46005,66,49,,0,50,90,0,0.3
3278,46005,66,70,,0,50,90,0,0.3
3279,46005,66,71,,0,50,90,0,0.3
3280,46007,66,54,,0,50,90,0,0.3
3281,46009,66,70,,0,50,90,0,0.3
3282,46013,66,54,,0,50,90,0,0.3
3283,46013,66,70,,0,50,90,0,0.3
3284,46015,66,71,,0,50,90,0,0.3
3285,46017,66,70,,0,50,90,0,0.3
3286,46017,66,54,,0,50,90,0,0.3
3287,46017,66,68,,0,50,90,0,0.3
3288,46018,66,49,,0,50,90,0,0.3
3289,46018,66,49,,0,50,90,0,0.3
3290,46018,66,71,,0,50,90,0,0.3
3291,46018,66,52,,0,50,90,0,0.3
3292,46018,66,54,,0,50,90,0,0.3
3293,46018,66,70,,0,50,90,0,0.3
3294,46018,66,70,,0,50,90,0,0.3
3295,46018,66,71,,0,50,90,0,0.3
3296,46018,66,70,,0,50,90,0,0.3
3297,46018,66,70,,0,50,90,0,0.3
3298,46018,66,49,,0,50,90,0,0.3
3299,46018,66,54,,0,50,90,0,0.3
3300,46018,66,49,,0,50,90,0,0.3
3301,46021,66,71,,0,50,90,0,0.3
3302,46024,66,68,,0,50,90,0,0.3
3303,46024,66,49,,0,50,90,0,0.3
3304,46024,66,68,,0,50,90,0,0.3
3305,46024,66,54,,0,50,90,0,0.3
3306,46024,66,68,,0,50,90,0,0.3
3307,46024,66,68,,0,50,90,0,0.3
3308,46024,66,54,,0,50,90,0,0.3
3309,46024,66,52,,0,50,90,0,0.3
3310,46024,66,68,,0,50,90,0,0.3
3311,46024,66,52,,0,50,90,0,0.3
3312,46024,66,68,,0,50,90,0,0.3
3313,46024,66,70,,0,50,90,0,0.3
3314,46026,66,70,,0,50,90,0,0.3
3315,46028,66,68,,0,50,90,0,0.3
3316,46028,66,52,,0,50,90,0,0.3
3317,46028,66,70,,0,50,90,0,0.3
3318,46028,66,52,,0,50,90,0,0.3
3319,46028,66,71,,0,50,90,0,0.3
3320,46028,66,49,,0,50,90,0,0.3
3321,46028,66,70,,0,50,90,0,0.3
3322,46030,66,54,,0,50,90,0,0.3
3323,46030,66,49,,0,50,90,0,0.3
3324,46033,66,70,,0,50,90,0,0.3
3325,46033,66,70,,0,50,90,0,0.3
3326,46033,66,49,,0,50,90,0,0.3
3327,46033,66,70,,0,50,90,0,0.3
3328,46033,66,71,,0,50,90,0,0.3
3329,46033,66,52,,0,50,90,0,0.3
3330,46033,66,54,,0,50,90,0,0.3
3331,46033,66,68,,0,50,90,0,0.3
3332,46033,66,54,,0,50,90,0,0.3
3333,46033,66,68,,0,50,90,0,0.3
3334,46033,66,49,,0,50,90,0,0.3
3335,46033,66,49,,0,50,90,0,0.3
3336,46033,66,71,,0,50,90,0,0.3
3337,46033,66,52,,0,50,90,0,0.3
3338,46033,66,70,,0,50,90,0,0.3
3339,46033,66,71,,0,50,90,0,0.3
3340,46033,66,68,,0,50,90,0,0.3
3341,46033,66,54,,0,50,90,0,0.3
3342,46033,66,71,,0,50,90,0,0.3
3343,46033,66,71,,0,50,90,0,0.3
3344,46033,66,68,,0,50,90,0,0.3
3345,46033,66,68,,0,50,90,0,0.3
3346,46033,66,70,,0,50,90,0,0.3
3347,46033,66,70,,0,50,90,0,0.3
3348,46033,66,54,,0,50,90,0,0.3
3349,46033,66,70,,0,50,90,0,0.3
3350,46033,66,70,,0,50,90,0,0.3
3351,46033,66,49,,0,50,90,0,0.3
3352,46033,66,71,,0,50,90,0,0.3
3353,46033,66,54,,0,50,90,0,0.3
3354,46033,66,71,,0,50,90,0,0.3
3355,46033,66,54,,0,50,90,0,0.3
3356,46033,66,71,,0,50,90,0,0.3
3357,46033,66,52,,0,50,90,0,0.3
3358,46033,66,54,,0,50,90,0,0.3
3359,46033,66,54,,0,50,90,0,0.3
3360,46033,66,54,,0,50,90,0,0.3
3361,46033,66,52,,0,50,90,0,0.3
3362,46033,66,54,,0,50,90,0,0.3
3363,46033,66,71,,0,50,90,0,0.3
3364,45001,66,49,,0,50,90,0,0.3
3365,45003,66,52,,0,50,90,0,0.3
3366,45003,66,71,,0,50,90,0,0.3
3367,45003,66,54,,0,50,90,0,0.3
3368,45003,66,71,,0,50,90,0,0.3
3369,45006,66,49,,0,50,90,0,0.3
3370,45007,66,71,,0,50,90,0,0.3
3371,45008,66,49,,0,50,90,0,0.3
3372,45009,66,52,,0,50,90,0,0.3
3373,45010,66,49,,0,50,90,0,0.3
3374,45010,66,68,,0,50,90,0,0.3
3375,45010,66,70,,0,50,90,0,0.3
3376,45011,66,70,,0,50,90,0,0.3
3377,45012,66,70,,0,50,90,0,0.3
3378,45013,66,49,,0,50,90,0,0.3
3379,45014,66,68,,0,50,90,0,0.3
3380,45014,66,71,,0,50,90,0,0.3
3381,45015,66,52,,0,50,90,0,0.3
3382,45016,66,68,,0,50,90,0,0.3
3383,45017,66,70,,0,50,90,0,0.3
3384,50001,66,71,,0,50,90,0,0.3
3385,50005,66,68,,0,50,90,0,0.3
3386,50008,66,71,,0,50,90,0,0.3
3387,50014,66,70,,0,50,90,0,0.3
3388,50026,66,54,,0,50,90,0,0.3
3389,50032,66,52,,0,50,90,0,0.3
3390,50033,66,52,,0,50,90,0,0.3
3391,50035,66,68,,0,50,90,0,0.3
3392,50037,66,68,,0,50,90,0,0.3
3393,100004,66,52,,0,50,90,0,0.3
3394,100005,66,52,,0,50,90,0,0.3
3395,47006,66,52,,0,50,90,0,0.3
3396,47012,66,68,,0,50,90,0,0.3
3397,47014,66,70,,0,50,90,0,0.3
3398,47016,66,71,,0,50,90,0,0.3
3399,48015,67,49,,0,50,90,0,0.3
3400,49002,67,71,,0,50,90,0,0.3
3401,49009,67,70,,0,50,90,0,0.3
3402,50032,67,68,,0,50,90,0,0.3
3403,48017,68,49,,0,50,90,0,0.3
3404,48041,68,68,,0,50,90,0,0.3
3405,49003,68,71,,0,50,90,0,0.3
3406,49003,68,68,,0,50,90,0,0.3
3407,49003,68,71,,0,50,90,0,0.3
3408,49004,68,52,,0,50,90,0,0.3
3409,49004,68,52,,0,50,90,0,0.3
3410,49010,68,71,,0,50,90,0,0.3
3411,49011,68,49,,0,50,90,0,0.3
3412,49013,68,68,,0,50,90,0,0.3
3413,49013,68,54,,0,50,90,0,0.3
3414,49014,68,68,,0,50,90,0,0.3
3415,49014,68,49,,0,50,90,0,0.3
3416,49014,68,71,,0,50,90,0,0.3
3417,49014,68,70,,0,50,90,0,0.3
3418,49014,68,68,,0,50,90,0,0.3
3419,49014,68,71,,0,50,90,0,0.3
3420,49014,68,49,,0,50,90,0,0.3
3421,49014,68,70,,0,50,90,0,0.3
3422,49021,68,54,,0,50,90,0,0.3
3423,50026,68,54,,0,50,90,0,0.3
3424,52034,68,71,,0,50,90,0,0.3
3425,48019,69,52,,0,50,90,0,0.3
3426,49009,69,68,,0,50,90,0,0.3
3427,49012,69,70,,0,50,90,0,0.3
3428,46001,69,68,,0,50,90,0,0.3
3429,46001,69,68,,0,50,90,0,0.3
3430,46001,69,68,,0,50,90,0,0.3
3431,46001,69,71,,0,50,90,0,0.3
3432,46001,69,49,,0,50,90,0,0.3
3433,46001,69,52,,0,50,90,0,0.3
3434,46001,69,68,,0,50,90,0,0.3
3435,46001,69,49,,0,50,90,0,0.3
3436,46001,69,68,,0,50,90,0,0.3
3437,46001,69,49,,0,50,90,0,0.3
3438,46001,69,68,,0,50,90,0,0.3
3439,46001,69,54,,0,50,90,0,0.3
3440,46001,69,52,,0,50,90,0,0.3
3441,46002,69,70,,0,50,90,0,0.3
3442,46003,69,71,,0,50,90,0,0.3
3443,46004,69,70,,0,50,90,0,0.3
3444,46004,69,71,,0,50,90,0,0.3
3445,46004,69,70,,0,50,90,0,0.3
3446,46005,69,54,,0,50,90,0,0.3
3447,46006,69,70,,0,50,90,0,0.3
3448,46007,69,49,,0,50,90,0,0.3
3449,46007,69,71,,0,50,90,0,0.3
3450,46007,69,54,,0,50,90,0,0.3
3451,46007,69,49,,0,50,90,0,0.3
3452,46007,69,71,,0,50,90,0,0.3
3453,46007,69,54,,0,50,90,0,0.3
3454,46007,69,54,,0,50,90,0,0.3
3455,46007,69,54,,0,50,90,0,0.3
3456,46007,69,52,,0,50,90,0,0.3
3457,46007,69,49,,0,50,90,0,0.3
3458,46007,69,71,,0,50,90,0,0.3
3459,46007,69,70,,0,50,90,0,0.3
3460,46007,69,71,,0,50,90,0,0.3
3461,46007,69,70,,0,50,90,0,0.3
3462,46007,69,71,,0,50,90,0,0.3
3463,46007,69,49,,0,50,90,0,0.3
3464,46007,69,71,,0,50,90,0,0.3
3465,46007,69,71,,0,50,90,0,0.3
3466,46007,69,52,,0,50,90,0,0.3
3467,46007,69,52,,0,50,90,0,0.3
3468,46007,69,68,,0,50,90,0,0.3
3469,46007,69,68,,0,50,90,0,0.3
3470,46007,69,71,,0,50,90,0,0.3
3471,46007,69,49,,0,50,90,0,0.3
3472,46007,69,70,,0,50,90,0,0.3
3473,46007,69,49,,0,50,90,0,0.3
3474,46007,69,71,,0,50,90,0,0.3
3475,46007,69,68,,0,50,90,0,0.3
3476,46007,69,68,,0,50,90,0,0.3
3477,46007,69,70,,0,50,90,0,0.3
3478,46007,69,68,,0,50,90,0,0.3
3479,46011,69,54,,0,50,90,0,0.3
3480,46014,69,49,,0,50,90,0,0.3
3481,46015,69,71,,0,50,90,0,0.3
3482,46017,69,52,,0,50,90,0,0.3
3483,46017,69,70,,0,50,90,0,0.3
3484,46017,69,49,,0,50,90,0,0.3
3485,46017,69,52,,0,50,90,0,0.3
3486,46017,69,71,,0,50,90,0,0.3
3487,46017,69,49,,0,50,90,0,0.3
3488,46017,69,49,,0,50,90,0,0.3
3489,46017,69,68,,0,50,90,0,0.3
3490,46017,69,54,,0,50,90,0,0.3
3491,46017,69,68,,0,50,90,0,0.3
3492,46017,69,54,,0,50,90,0,0.3
3493,46017,69,70,,0,50,90,0,0.3
3494,46017,69,52,,0,50,90,0,0.3
3495,46017,69,70,,0,50,90,0,0.3
3496,46017,69,49,,0,50,90,0,0.3
3497,46017,69,71,,0,50,90,0,0.3
3498,46017,69,52,,0,50,90,0,0.3
3499,46017,69,70,,0,50,90,0,0.3
3500,46017,69,52,,0,50,90,0,0.3
3501,46017,69,49,,0,50,90,0,0.3
3502,46017,69,54,,0,50,90,0,0.3
3503,46017,69,49,,0,50,90,0,0.3
3504,46017,69,52,,0,50,90,0,0.3
3505,46017,69,49,,0,50,90,0,0.3
3506,46017,69,52,,0,50,90,0,0.3
3507,46017,69,71,,0,50,90,0,0.3
3508,46017,69,49,,0,50,90,0,0.3
3509,46017,69,68,,0,50,90,0,0.3
3510,46017,69,52,,0,50,90,0,0.3
3511,46017,69,70,,0,50,90,0,0.3
3512,46017,69,70,,0,50,90,0,0.3
3513,46017,69,54,,0,50,90,0,0.3
3514,46017,69,70,,0,50,90,0,0.3
3515,46017,69,52,,0,50,90,0,0.3
3516,46017,69,54,,0,50,90,0,0.3
3517,46017,69,54,,0,50,90,0,0.3
3518,46017,69,71,,0,50,90,0,0.3
3519,46017,69,49,,0,50,90,0,0.3
3520,46017,69,49,,0,50,90,0,0.3
3521,46017,69,70,,0,50,90,0,0.3
3522,46017,69,49,,0,50,90,0,0.3
3523,46017,69,49,,0,50,90,0,0.3
3524,46017,69,54,,0,50,90,0,0.3
3525,46017,69,49,,0,50,90,0,0.3
3526,46017,69,71,,0,50,90,0,0.3
3527,46017,69,70,,0,50,90,0,0.3
3528,46017,69,68,,0,50,90,0,0.3
3529,46017,69,70,,0,50,90,0,0.3
3530,46017,69,68,,0,50,90,0,0.3
3531,46017,69,49,,0,50,90,0,0.3
3532,46017,69,70,,0,50,90,0,0.3
3533,46017,69,49,,0,50,90,0,0.3
3534,46017,69,68,,0,50,90,0,0.3
3535,46017,69,54,,0,50,90,0,0.3
3536,46017,69,71,,0,50,90,0,0.3
3537,46017,69,70,,0,50,90,0,0.3
3538,46017,69,49,,0,50,90,0,0.3
3539,46018,69,68,,0,50,90,0,0.3
3540,46019,69,49,,0,50,90,0,0.3
3541,46021,69,70,,0,50,90,0,0.3
3542,46021,69,68,,0,50,90,0,0.3
3543,46021,69,71,,0,50,90,0,0.3
3544,46022,69,68,,0,50,90,0,0.3
3545,46025,69,52,,0,50,90,0,0.3
3546,46026,69,52,,0,50,90,0,0.3
3547,46026,69,71,,0,50,90,0,0.3
3548,46026,69,54,,0,50,90,0,0.3
3549,46026,69,71,,0,50,90,0,0.3
3550,46026,69,52,,0,50,90,0,0.3
3551,46026,69,52,,0,50,90,0,0.3
3552,46027,69,49,,0,50,90,0,0.3
3553,46033,69,70,,0,50,90,0,0.3
3554,46034,69,70,,0,50,90,0,0.3
3555,46036,69,71,,0,50,90,0,0.3
3556,45007,69,54,,0,50,90,0,0.3
3557,45010,69,71,,0,50,90,0,0.3
3558,50001,69,54,,0,50,90,0,0.3
3559,50005,69,71,,0,50,90,0,0.3
3560,50008,69,70,,0,50,90,0,0.3
3561,50009,69,49,,0,50,90,0,0.3
3562,50009,69,54,,0,50,90,0,0.3
3563,50026,69,68,,0,50,90,0,0.3
3564,50031,69,70,,0,50,90,0,0.3
3565,47003,69,70,,0,50,90,0,0.3
3566,47009,69,70,,0,50,90,0,0.3
3567,47011,69,70,,0,50,90,0,0.3
3568,47012,69,54,,0,50,90,0,0.3
3569,47012,69,70,,0,50,90,0,0.3
3570,47012,69,68,,0,50,90,0,0.3
3571,47013,69,49,,0,50,90,0,0.3
3572,47014,69,49,,0,50,90,0,0.3
3573,47016,69,54,,0,50,90,0,0.3
3574,47021,69,70,,0,50,90,0,0.3
3575,47022,69,52,,0,50,90,0,0.3
3576,48017,69,49,,0,50,90,0,0.3
3577,48033,70,70,,0,50,90,0,0.3
3578,46002,71,52,,0,50,90,0,0.3
3579,46002,71,49,,0,50,90,0,0.3
3580,46003,71,54,,0,50,90,0,0.3
3581,46003,71,49,,0,50,90,0,0.3
3582,46003,71,70,,0,50,90,0,0.3
3583,46003,71,54,,0,50,90,0,0.3
3584,46003,71,54,,0,50,90,0,0.3
3585,46003,71,52,,0,50,90,0,0.3
3586,46004,71,52,,0,50,90,0,0.3
3587,46004,71,70,,0,50,90,0,0.3
3588,46004,71,49,,0,50,90,0,0.3
3589,46006,71,70,,0,50,90,0,0.3
3590,46007,71,70,,0,50,90,0,0.3
3591,46008,71,49,,0,50,90,0,0.3
3592,46009,71,52,,0,50,90,0,0.3
3593,46009,71,71,,0,50,90,0,0.3
3594,46009,71,71,,0,50,90,0,0.3
3595,46010,71,49,,0,50,90,0,0.3
3596,46010,71,49,,0,50,90,0,0.3
3597,46011,71,54,,0,50,90,0,0.3
3598,46011,71,52,,0,50,90,0,0.3
3599,46011,71,49,,0,50,90,0,0.3
3600,46011,71,54,,0,50,90,0,0.3
3601,46014,71,54,,0,50,90,0,0.3
3602,46015,71,70,,0,50,90,0,0.3
3603,46015,71,70,,0,50,90,0,0.3
3604,46017,71,68,,0,50,90,0,0.3
3605,46019,71,68,,0,50,90,0,0.3
3606,46020,71,54,,0,50,90,0,0.3
3607,46022,71,54,,0,50,90,0,0.3
3608,46023,71,68,,0,50,90,0,0.3
3609,46025,71,68,,0,50,90,0,0.3
3610,46026,71,70,,0,50,90,0,0.3
3611,46027,71,70,,0,50,90,0,0.3
3612,46030,71,52,,0,50,90,0,0.3
3613,46031,71,49,,0,50,90,0,0.3
3614,46035,71,70,,0,50,90,0,0.3
3615,46036,71,68,,0,50,90,0,0.3
3616,46037,71,71,,0,50,90,0,0.3
3617,50028,71,71,,0,50,90,0,0.3
3618,50033,71,68,,0,50,90,0,0.3
3619,47023,71,70,,0,50,90,0,0.3
