who,pro_com,selectedhospitalemp,selectedhospital
72,51001,48,48
73,51001,48,48
74,51001,48,48
75,51001,48,48
76,51001,48,48
77,51001,48,48
78,51001,48,48
79,51001,48,48
80,51001,48,48
81,51001,48,48
82,51001,48,48
83,51001,48,48
84,51001,48,48
85,51001,48,48
86,51001,48,48
87,51002,48,48
88,51002,48,48
89,51002,48,48
90,51002,48,48
91,51002,48,48
92,51002,48,48
93,51002,48,48
94,51002,48,48
95,51002,48,48
96,51002,48,48
97,51002,48,48
98,51002,48,48
99,51002,48,48
100,51002,48,48
101,51002,48,48
102,51002,48,48
103,51002,48,48
104,51002,48,48
105,51002,48,48
106,51002,48,48
107,51002,48,48
108,51002,48,48
109,51002,48,48
110,51002,48,48
111,51002,48,48
112,51002,48,48
113,51002,48,48
114,51002,48,48
115,51002,48,48
116,51002,48,48
117,51002,48,48
118,51002,48,48
119,51002,48,48
120,51002,48,48
121,51002,48,48
122,51002,48,48
123,51002,48,48
124,51002,48,48
125,51002,48,48
126,51002,48,48
127,51002,48,48
128,51002,48,48
129,51002,48,48
130,51002,48,48
131,51002,48,48
132,51002,48,48
133,51002,48,48
134,51002,48,48
135,51002,48,48
136,51002,48,48
137,51002,48,48
138,51002,48,48
139,51002,48,48
140,51002,48,48
141,51002,48,48
142,51002,48,48
143,51002,48,48
144,51002,48,48
145,51002,48,48
146,51002,48,48
147,51002,48,48
148,51002,48,48
149,51002,48,48
150,51002,48,48
151,51002,48,48
152,51002,48,48
153,51002,48,48
154,51002,48,48
155,51002,48,48
156,51002,48,48
157,51002,48,48
158,51002,48,48
159,51002,48,48
160,51002,48,48
161,51002,48,48
162,51002,48,48
163,51002,48,48
164,51002,48,48
165,51002,48,48
166,51002,48,48
167,51002,48,48
168,51002,48,48
169,51002,48,48
170,51002,48,48
171,51002,48,48
172,51002,48,48
173,51002,48,48
174,51002,48,48
175,51002,48,48
176,51002,48,48
177,51002,48,48
178,51002,48,48
179,51002,48,48
180,51002,48,48
181,51002,48,48
182,51002,48,48
183,51002,48,48
184,51002,48,48
185,51002,48,48
186,51002,48,48
187,51002,48,48
188,51002,48,48
189,51002,48,48
190,51002,48,48
191,51002,48,48
192,51002,48,48
193,51002,48,48
194,51002,48,48
195,51002,48,48
196,51002,48,48
197,51002,48,48
198,51002,48,48
199,51002,48,48
200,51002,48,48
201,51002,48,48
202,51002,48,48
203,51002,48,48
204,51002,48,48
205,51002,48,48
206,51002,48,48
207,51002,48,48
208,51002,48,48
209,51002,48,48
210,51002,48,48
211,51002,48,48
212,51002,48,48
213,51002,48,48
214,51002,48,48
215,51002,48,48
216,51002,48,48
217,51002,48,48
218,51002,48,48
219,51002,48,48
220,51002,48,48
221,51002,48,48
222,51002,48,48
223,51002,48,48
224,51002,48,48
225,51002,48,48
226,51002,48,48
227,51002,48,48
228,51002,48,48
229,51002,48,48
230,51002,48,48
231,51002,48,48
232,51002,48,48
233,51002,48,48
234,51002,48,48
235,51002,48,48
236,51002,48,48
237,51002,48,48
238,51002,48,48
239,51002,48,48
240,51002,48,48
241,51002,48,48
242,51002,48,48
243,51002,48,48
244,51002,48,48
245,51002,48,48
246,51002,48,48
247,51002,48,48
248,51002,48,48
249,51002,48,48
250,51002,48,48
251,51002,48,48
252,51002,48,48
253,51002,48,48
254,51002,48,48
255,51002,48,48
256,51002,48,48
257,51002,48,48
258,51002,48,48
259,51002,48,48
260,51002,48,48
261,51002,48,48
262,51002,48,48
263,51002,48,48
264,51002,48,48
265,51002,48,48
266,51002,48,48
267,51002,48,48
268,51002,48,48
269,51002,48,48
270,51002,48,48
271,51002,48,48
272,51002,48,48
273,51002,48,48
274,51002,48,48
275,51002,48,48
276,51002,48,48
277,51002,48,48
278,51002,48,48
279,51002,48,48
280,51002,48,48
281,51002,48,48
282,51002,48,48
283,51002,48,48
284,51002,48,48
285,51002,48,48
286,51002,48,48
287,51002,48,48
288,51002,48,48
289,51002,48,48
290,51002,48,48
291,51002,48,48
292,51002,48,48
293,51002,48,48
294,51002,48,48
295,51002,48,48
296,51002,48,48
297,51002,48,48
298,51002,48,48
299,51002,48,48
300,51002,48,48
301,51002,48,48
302,51002,48,48
303,51002,48,48
304,51002,48,48
305,51002,48,48
306,51002,48,48
307,51002,48,48
308,51002,48,48
309,51002,48,48
310,51002,48,48
311,51002,48,48
312,51002,48,48
313,51002,48,48
314,51002,48,48
315,51002,48,48
316,51002,48,48
317,51002,48,48
318,51002,48,48
319,51002,48,48
320,51002,48,48
321,51002,48,48
322,51002,48,48
323,51002,48,48
324,51002,48,48
325,51002,48,48
326,51002,48,48
327,51002,48,48
328,51002,48,48
329,51002,48,48
330,51002,48,48
331,51002,48,48
332,51002,48,48
333,51002,48,48
334,51002,48,48
335,51002,48,48
336,51002,48,48
337,51002,48,48
338,51002,48,48
339,51002,48,48
340,51002,48,48
341,51002,48,48
342,51002,48,48
343,51002,48,48
344,51002,48,48
345,51002,48,48
346,51002,48,48
347,51002,48,48
348,51002,48,48
349,51002,48,48
350,51002,48,48
351,51002,48,48
352,51002,48,48
353,51002,48,48
354,51002,48,48
355,51002,48,48
356,51002,48,48
357,51002,48,48
358,51002,48,48
359,51002,48,48
360,51002,48,48
361,51002,48,48
362,51002,48,48
363,51002,48,48
364,51002,48,48
365,51002,48,48
366,51002,48,48
367,51002,48,48
368,51002,48,48
369,51002,48,48
370,51002,48,48
371,51002,48,48
372,51002,48,48
373,51002,48,48
374,51002,48,48
375,51002,48,48
376,51002,48,48
377,51002,48,48
378,51002,48,48
379,51002,48,48
380,51002,48,48
381,51002,48,48
382,51002,48,48
383,51002,48,48
384,51002,48,48
385,51002,48,48
386,51002,48,48
387,51002,48,48
388,51002,48,48
389,51002,48,48
390,51002,48,48
391,51002,48,48
392,51002,48,48
393,51002,48,48
394,51002,48,48
395,51002,48,48
396,51002,48,48
397,51002,48,48
398,51002,48,48
399,51002,48,48
400,51002,48,48
401,51002,48,48
402,51002,48,48
403,51002,48,48
404,51002,48,48
405,51002,48,48
406,51002,48,48
407,51002,48,48
408,51002,48,48
409,51002,48,48
410,51002,48,48
411,51002,48,48
412,51002,48,48
413,51002,48,48
414,51002,48,48
415,51002,48,48
416,51002,48,48
417,51002,48,48
418,51002,48,48
419,51002,48,48
420,51002,48,48
421,51002,48,48
422,51002,48,48
423,51002,48,48
424,51002,48,48
425,51002,48,48
426,51002,48,48
427,51002,48,48
428,51002,48,48
429,51002,48,48
430,51002,48,48
431,51002,48,48
432,51002,48,48
433,51002,48,48
434,51002,48,48
435,51002,48,48
436,51002,48,48
437,51002,48,48
438,51002,48,48
439,51002,48,48
440,51002,48,48
441,51002,48,48
442,51002,48,48
443,51002,48,48
444,51002,48,48
445,51002,48,48
446,51002,48,48
447,51002,48,48
448,51002,48,48
449,51002,48,48
450,51002,48,48
451,51002,48,48
452,51002,48,48
453,51002,48,48
454,51002,48,48
455,51002,48,48
456,51002,48,48
457,51002,48,48
458,51002,48,48
459,51002,48,48
460,51002,48,48
461,51002,48,48
462,51002,48,48
463,51002,48,48
464,51002,48,48
465,51002,48,48
466,51002,48,48
467,51002,48,48
468,51002,48,48
469,51002,48,48
470,51002,48,48
471,51002,48,48
472,51002,48,48
473,51002,48,48
474,51002,48,48
475,51002,48,48
476,51002,48,48
477,51002,48,48
478,51002,48,48
479,51002,48,48
480,51002,48,48
481,51002,48,48
482,51002,48,48
483,51002,48,48
484,51002,48,48
485,51002,48,48
486,51002,48,48
487,51002,48,48
488,51002,48,48
489,51002,48,48
490,51002,48,48
491,51002,48,48
492,51002,48,48
493,51002,48,48
494,51002,48,48
495,51002,48,48
496,51002,48,48
497,51002,48,48
498,51002,48,48
499,51002,48,48
500,51002,48,48
501,51002,48,48
502,51002,48,48
503,51002,48,48
504,51002,48,48
505,51002,48,48
506,51002,48,48
507,51002,48,48
508,51002,48,48
509,51002,48,48
510,51002,48,48
511,51002,48,48
512,51002,48,48
513,51002,48,48
514,51002,48,48
515,51002,48,48
516,51002,48,48
517,51002,48,48
518,51002,48,48
519,51002,48,48
520,51002,48,48
521,51002,48,48
522,51002,48,48
523,51002,48,48
524,51002,48,48
525,51002,48,48
526,51002,48,48
527,51002,48,48
528,51002,48,48
529,51002,48,48
530,51002,48,48
531,51002,48,48
532,51002,48,48
533,51002,48,48
534,51002,48,48
535,51002,48,48
536,51002,48,48
537,51002,48,48
538,51002,48,48
539,51002,48,48
540,51002,48,48
541,51002,48,48
542,51002,48,48
543,51002,48,48
544,51002,48,48
545,51002,48,48
546,51002,48,48
547,51002,48,48
548,51002,48,48
549,51002,48,48
550,51002,48,48
551,51002,48,48
552,51002,48,48
553,51002,48,48
554,51002,48,48
555,51002,48,48
556,51002,48,48
557,51002,48,48
558,51002,48,48
559,51002,48,48
560,51002,48,48
561,51002,48,48
562,51002,48,48
563,51002,48,48
564,51002,48,48
565,51002,48,48
566,51002,48,48
567,51002,48,48
568,51002,48,48
569,51002,48,48
570,51002,48,48
571,51002,48,48
572,51002,48,48
573,51002,48,48
574,51002,48,48
575,51002,48,48
576,51002,48,48
577,51002,48,48
578,51002,48,48
579,51002,48,48
580,51002,48,48
581,51002,48,48
582,51002,48,48
583,51002,48,48
584,51002,48,48
585,51002,48,48
586,51002,48,48
587,51002,48,48
588,51002,48,48
589,51002,48,48
590,51002,48,48
591,51002,48,48
592,51002,48,48
593,51002,48,48
594,51002,48,48
595,51002,48,48
596,51002,48,48
597,51002,48,48
598,51002,48,48
599,51002,48,48
600,51002,48,48
601,51002,48,48
602,51002,48,48
603,51002,48,48
604,51002,48,48
605,51002,48,48
606,51002,48,48
607,51002,48,48
608,51002,48,48
609,51002,48,48
610,51002,48,48
611,51002,48,48
612,51002,48,48
613,51002,48,48
614,51002,48,48
615,51002,48,48
616,51002,48,48
617,51002,48,48
618,51002,48,48
619,51002,48,48
620,51002,48,48
621,51002,48,48
622,51002,48,48
623,51002,48,48
624,51002,48,48
625,51002,48,48
626,51002,48,48
627,51002,48,48
628,51002,48,48
629,51002,48,48
630,51002,48,48
631,51002,48,48
632,51002,48,48
633,51002,48,48
634,51002,48,48
635,51002,48,48
636,51002,48,48
637,51002,48,48
638,51002,48,48
639,51002,48,48
640,51002,48,48
641,51002,48,48
642,51002,48,48
643,51002,48,48
644,51004,48,48
645,51004,48,48
646,51004,48,48
647,51004,48,48
648,51004,48,48
649,51004,48,48
650,51004,48,48
651,51004,48,48
652,51004,48,48
653,51004,48,48
654,51004,48,48
655,51004,48,48
656,51004,48,48
657,51004,48,48
658,51004,48,48
659,51004,48,48
660,51004,48,48
661,51004,48,48
662,51004,48,48
663,51004,48,48
664,51004,48,48
665,51004,48,48
666,51004,48,48
667,51004,48,48
668,51004,48,48
669,51004,48,48
670,51004,48,48
671,51004,48,48
672,51004,48,48
673,51004,48,48
674,51004,48,48
675,51004,48,48
676,51004,48,48
677,51004,48,48
678,51004,48,48
679,51004,48,48
680,51004,48,48
681,51004,48,48
682,51004,48,48
683,51004,48,48
684,51004,48,48
685,51004,48,48
686,51004,48,48
687,51004,48,48
688,51004,48,48
689,51004,48,48
690,51004,48,48
691,51004,48,48
692,51004,48,48
693,51004,48,48
694,51004,48,48
695,51004,48,48
696,51004,48,48
697,51004,48,48
698,51004,48,48
699,51004,48,48
700,51004,48,48
701,51004,48,48
702,51004,48,48
703,51005,48,49
704,51005,48,49
705,51005,48,49
706,51005,48,49
707,51005,48,49
708,51005,48,49
709,51005,48,49
710,51005,48,49
711,51005,48,49
712,51006,48,48
713,51006,48,48
714,51006,48,48
715,51006,48,48
716,51006,48,48
717,51006,48,48
718,51006,48,48
719,51006,48,48
720,51006,48,48
721,51006,48,48
722,51006,48,48
723,51006,48,48
724,51006,48,48
725,51006,48,48
726,51006,48,48
727,51006,48,48
728,51006,48,48
729,51006,48,48
730,51006,48,48
731,51006,48,48
732,51006,48,48
733,51006,48,48
734,51006,48,48
735,51006,48,48
736,51006,48,48
737,51006,48,48
738,51006,48,48
739,51006,48,48
740,51006,48,48
741,51006,48,48
742,51006,48,48
743,51006,48,48
744,51006,48,48
745,51006,48,48
746,51006,48,48
747,51006,48,48
748,51006,48,48
749,51007,48,48
750,51007,48,48
751,51007,48,48
752,51007,48,48
753,51007,48,48
754,51007,48,48
755,51008,48,48
756,51008,48,48
757,51008,48,48
758,51008,48,48
759,51008,48,48
760,51008,48,48
761,51008,48,48
762,51010,48,48
763,51010,48,48
764,51010,48,48
765,51010,48,48
766,51010,48,48
767,51010,48,48
768,51010,48,48
769,51010,48,48
770,51010,48,48
771,51010,48,48
772,51010,48,48
773,51011,48,48
774,51011,48,48
775,51011,48,48
776,51011,48,48
777,51011,48,48
778,51011,48,48
779,51011,48,48
780,51011,48,48
781,51011,48,48
782,51011,48,48
783,51011,48,48
784,51011,48,48
785,51011,48,48
786,51012,48,48
787,51012,48,48
788,51012,48,48
789,51012,48,48
790,51012,48,48
791,51012,48,48
792,51012,48,48
793,51012,48,48
794,51012,48,48
795,51012,48,48
796,51012,48,48
797,51012,48,48
798,51012,48,48
799,51012,48,48
800,51012,48,48
801,51012,48,48
802,51012,48,48
803,51012,48,48
804,51012,48,48
805,51012,48,48
806,51012,48,48
807,51012,48,48
808,51012,48,48
809,51012,48,48
810,51012,48,48
811,51012,48,48
812,51012,48,48
813,51012,48,48
814,51012,48,48
815,51012,48,48
816,51012,48,48
817,51012,48,48
818,51012,48,48
819,51012,48,48
820,51012,48,48
821,51012,48,48
822,51012,48,48
823,51012,48,48
824,51012,48,48
825,51012,48,48
826,51012,48,48
827,51012,48,48
828,51012,48,48
829,51012,48,48
830,51012,48,48
831,51012,48,48
832,51012,48,48
833,51012,48,48
834,51012,48,48
835,51012,48,48
836,51012,48,48
837,51012,48,48
838,51012,48,48
839,51012,48,48
840,51012,48,48
841,51012,48,48
842,51012,48,48
843,51012,48,48
844,51012,48,48
845,51012,48,48
846,51012,48,48
847,51012,48,48
848,51012,48,48
849,51012,48,48
850,51013,48,49
851,51013,48,49
852,51013,48,49
853,51013,48,49
854,51013,48,49
855,51013,48,49
856,51013,48,49
857,51013,48,49
858,51013,48,49
859,51013,48,49
860,51013,48,49
861,51013,48,49
862,51013,48,49
863,51013,48,49
864,51013,48,49
865,51013,48,49
866,51013,48,49
867,51014,48,48
868,51014,48,48
869,51014,48,48
870,51015,48,48
871,51015,48,48
872,51015,48,48
873,51015,48,48
874,51015,48,48
875,51015,48,48
876,51015,48,48
877,51016,48,48
878,51016,48,48
879,51016,48,48
880,51016,48,48
881,51016,48,48
882,51016,48,48
883,51016,48,48
884,51016,48,48
885,51016,48,48
886,51016,48,48
887,51016,48,48
888,51016,48,48
889,51016,48,48
890,51016,48,48
891,51016,48,48
892,51016,48,48
893,51016,48,48
894,51016,48,48
895,51016,48,48
896,51016,48,48
897,51016,48,48
898,51016,48,48
899,51016,48,48
900,51016,48,48
901,51016,48,48
902,51016,48,48
903,51016,48,48
904,51016,48,48
905,51016,48,48
906,51016,48,48
907,51016,48,48
908,51016,48,48
909,51016,48,48
910,51016,48,48
911,51016,48,48
912,51016,48,48
913,51016,48,48
914,51016,48,48
915,51016,48,48
916,51016,48,48
917,51017,48,48
918,51017,48,48
919,51017,48,48
920,51017,48,48
921,51017,48,48
922,51017,48,48
923,51017,48,48
924,51017,48,48
925,51017,48,48
926,51017,48,48
927,51017,48,48
928,51017,48,48
929,51017,48,48
930,51017,48,48
931,51017,48,48
932,51017,48,48
933,51017,48,48
934,51017,48,48
935,51017,48,48
936,51017,48,48
937,51017,48,48
938,51017,48,48
939,51017,48,48
940,51017,48,48
941,51017,48,48
942,51017,48,48
943,51017,48,48
944,51017,48,48
945,51017,48,48
946,51017,48,48
947,51017,48,48
948,51017,48,48
949,51017,48,48
950,51017,48,48
951,51017,48,48
952,51017,48,48
953,51017,48,48
954,51017,48,48
955,51017,48,48
956,51017,48,48
957,51017,48,48
958,51017,48,48
959,51017,48,48
960,51017,48,48
961,51017,48,48
962,51017,48,48
963,51017,48,48
964,51017,48,48
965,51017,48,48
966,51017,48,48
967,51017,48,48
968,51017,48,48
969,51017,48,48
970,51017,48,48
971,51017,48,48
972,51017,48,48
973,51017,48,48
974,51017,48,48
975,51017,48,48
976,51017,48,48
977,51017,48,48
978,51017,48,48
979,51017,48,48
980,51017,48,48
981,51017,48,48
982,51017,48,48
983,51017,48,48
984,51017,48,48
985,51017,48,48
986,51017,48,48
987,51017,48,48
988,51017,48,48
989,51017,48,48
990,51017,48,48
991,51017,48,48
992,51017,48,48
993,51017,48,48
994,51018,48,48
995,51018,48,48
996,51018,48,48
997,51018,48,48
998,51018,48,48
999,51018,48,48
1000,51018,48,48
1001,51018,48,48
1002,51018,48,48
1003,51018,48,48
1004,51018,48,48
1005,51018,48,48
1006,51018,48,48
1007,51018,48,48
1008,51018,48,48
1009,51018,48,48
1010,51018,48,48
1011,51018,48,48
1012,51018,48,48
1013,51018,48,48
1014,51018,48,48
1015,51018,48,48
1016,51018,48,48
1017,51018,48,48
1018,51018,48,48
1019,51018,48,48
1020,51018,48,48
1021,51018,48,48
1022,51018,48,48
1023,51020,48,49
1024,51020,48,49
1025,51021,48,48
1026,51021,48,48
1027,51021,48,48
1028,51021,48,48
1029,51021,48,48
1030,51021,48,48
1031,51021,48,48
1032,51021,48,48
1033,51022,48,48
1034,51022,48,48
1035,51022,48,48
1036,51022,48,48
1037,51022,48,48
1038,51022,48,48
1039,51022,48,48
1040,51022,48,48
1041,51022,48,48
1042,51022,48,48
1043,51022,48,48
1044,51022,48,48
1045,51022,48,48
1046,51022,48,48
1047,51022,48,48
1048,51022,48,48
1049,51022,48,48
1050,51022,48,48
1051,51022,48,48
1052,51022,48,48
1053,51022,48,48
1054,51023,48,70
1055,51024,48,48
1056,51024,48,48
1057,51024,48,48
1058,51024,48,48
1059,51024,48,48
1060,51024,48,48
1061,51025,48,48
1062,51025,48,48
1063,51025,48,48
1064,51025,48,48
1065,51025,48,48
1066,51025,48,48
1067,51025,48,48
1068,51025,48,48
1069,51025,48,48
1070,51025,48,48
1071,51025,48,48
1072,51025,48,48
1073,51025,48,48
1074,51025,48,48
1075,51025,48,48
1076,51025,48,48
1077,51025,48,48
1078,51025,48,48
1079,51025,48,48
1080,51025,48,48
1081,51025,48,48
1082,51025,48,48
1083,51025,48,48
1084,51025,48,48
1085,51025,48,48
1086,51025,48,48
1087,51025,48,48
1088,51025,48,48
1089,51025,48,48
1090,51025,48,48
1091,51025,48,48
1092,51025,48,48
1093,51025,48,48
1094,51025,48,48
1095,51025,48,48
1096,51025,48,48
1097,51025,48,48
1098,51025,48,48
1099,51025,48,48
1100,51025,48,48
1101,51025,48,48
1102,51025,48,48
1103,51025,48,48
1104,51025,48,48
1105,51025,48,48
1106,51025,48,48
1107,51025,48,48
1108,51025,48,48
1109,51025,48,48
1110,51025,48,48
1111,51025,48,48
1112,51025,48,48
1113,51025,48,48
1114,51025,48,48
1115,51026,48,49
1116,51026,48,49
1117,51026,48,49
1118,51026,48,49
1119,51026,48,49
1120,51026,48,49
1121,51026,48,49
1122,51026,48,49
1123,51026,48,49
1124,51026,48,49
1125,51026,48,49
1126,51026,48,49
1127,51026,48,49
1128,51026,48,49
1129,51026,48,49
1130,51026,48,49
1131,51026,48,49
1132,51026,48,49
1133,51026,48,49
1134,51026,48,49
1135,51026,48,49
1136,51026,48,49
1137,51026,48,49
1138,51026,48,49
1139,51026,48,49
1140,51026,48,49
1141,51026,48,49
1142,51026,48,49
1143,51026,48,49
1144,51026,48,49
1145,51026,48,49
1146,51027,48,48
1147,51027,48,48
1148,51030,48,48
1149,51030,48,48
1150,51030,48,48
1151,51030,48,48
1152,51030,48,48
1153,51030,48,48
1154,51030,48,48
1155,51030,48,48
1156,51031,48,48
1157,51031,48,48
1158,51031,48,48
1159,51031,48,48
1160,51031,48,48
1161,51031,48,48
1162,51031,48,48
1163,51031,48,48
1164,51031,48,48
1165,51031,48,48
1166,51031,48,48
1167,51031,48,48
1168,51031,48,48
1169,51031,48,48
1170,51031,48,48
1171,51031,48,48
1172,51031,48,48
1173,51031,48,48
1174,51031,48,48
1175,51031,48,48
1176,51031,48,48
1177,51031,48,48
1178,51033,48,49
1179,51033,48,49
1180,51033,48,49
1181,51033,48,49
1182,51033,48,49
1183,51033,48,49
1184,51033,48,49
1185,51033,48,49
1186,51034,48,48
1187,51034,48,48
1188,51034,48,48
1189,51034,48,48
1190,51034,48,48
1191,51034,48,48
1192,51034,48,48
1193,51034,48,48
1194,51034,48,48
1195,51034,48,48
1196,51034,48,48
1197,51034,48,48
1198,51034,48,48
1199,51034,48,48
1200,51034,48,48
1201,51034,48,48
1202,51034,48,48
1203,51034,48,48
1204,51034,48,48
1205,51034,48,48
1206,51034,48,48
1207,51034,48,48
1208,51034,48,48
1209,51034,48,48
1210,51034,48,48
1211,51034,48,48
1212,51034,48,48
1213,51034,48,48
1214,51034,48,48
1215,51034,48,48
1216,51034,48,48
1217,51034,48,48
1218,51034,48,48
1219,51034,48,48
1220,51034,48,48
1221,51034,48,48
1222,51034,48,48
1223,51034,48,48
1224,51034,48,48
1225,51034,48,48
1226,51034,48,48
1227,51034,48,48
1228,51034,48,48
1229,51034,48,48
1230,51034,48,48
1231,51034,48,48
1232,51034,48,48
1233,51034,48,48
1234,51034,48,48
1235,51034,48,48
1236,51034,48,48
1237,51034,48,48
1238,51034,48,48
1239,51037,48,48
1240,51037,48,48
1241,51037,48,48
1242,51037,48,48
1243,51037,48,48
1244,51037,48,48
1245,51037,48,48
1246,51037,48,48
1247,51037,48,48
1248,51037,48,48
1249,51037,48,48
1250,51037,48,48
1251,51037,48,48
1252,51037,48,48
1253,51037,48,48
1254,51037,48,48
1255,51037,48,48
1256,51037,48,48
1257,51037,48,48
1258,51037,48,48
1259,51037,48,48
1260,51037,48,48
1261,51037,48,48
1262,51037,48,48
1263,51037,48,48
1264,51037,48,48
1265,51037,48,48
1266,51037,48,48
1267,51037,48,48
1268,51037,48,48
1269,51037,48,48
1270,51037,48,48
1271,51037,48,48
1272,51037,48,48
1273,51037,48,48
1274,51037,48,48
1275,51038,48,48
1276,51038,48,48
1277,51038,48,48
1278,51038,48,48
1279,51038,48,48
1280,51038,48,48
1281,51038,48,48
1282,51039,48,49
1283,51039,48,49
1284,51039,48,49
1285,51039,48,49
1286,51039,48,49
1287,51039,48,49
1288,51039,48,49
1289,51039,48,49
1290,51039,48,49
1291,51040,48,70
1292,51040,48,70
1293,51040,48,70
1294,51040,48,70
1295,51040,48,70
1296,51041,48,57
1297,51041,48,48
1298,51041,48,48
1299,51041,48,70
1300,51041,48,57
1301,51041,48,57
1302,51041,48,57
1303,51041,48,48
1304,51041,48,70
1305,51041,48,57
1306,51041,48,48
1307,51041,48,48
1308,51041,48,48
1309,51041,48,57
1310,51041,48,48
1311,51042,48,49
1312,51042,48,49
1313,51042,48,49
1314,51042,48,49
1315,51042,48,49
1316,51042,48,49
1317,51042,48,49
1318,51042,48,49
1319,51042,48,49
1320,48001,48,57
1321,48017,48,54
1322,48017,48,50
1323,48017,48,60
1324,48035,48,70
1325,48052,48,70
1326,48052,48,70
1327,53009,48,53
1328,53018,48,53
1329,49009,48,62
1330,46024,48,66
1331,50008,48,65
1332,52001,48,52
1333,52007,48,51
1334,52009,48,48
1335,52011,48,48
1336,52012,48,55
1337,52015,48,48
1338,52015,48,48
1339,52015,48,48
1340,52015,48,48
1341,52027,48,48
1342,52027,48,48
1343,52030,48,51
1344,52031,48,48
1345,52031,48,48
1346,52032,48,52
1347,52033,48,48
1348,52033,48,48
1349,52033,48,48
1350,52033,48,48
1351,52033,48,48
1352,52033,48,48
1353,52035,48,48
1354,52035,48,48
1355,52035,48,48
1356,52035,48,48
1357,51001,49,48
1358,51002,49,48
1359,51002,49,48
1360,51002,49,48
1361,51002,49,48
1362,51002,49,48
1363,51002,49,48
1364,51002,49,48
1365,51002,49,48
1366,51002,49,48
1367,51004,49,48
1368,51004,49,48
1369,51005,49,49
1370,51005,49,49
1371,51005,49,49
1372,51005,49,49
1373,51005,49,49
1374,51005,49,49
1375,51005,49,49
1376,51005,49,49
1377,51005,49,49
1378,51005,49,49
1379,51005,49,49
1380,51005,49,49
1381,51005,49,49
1382,51005,49,49
1383,51005,49,49
1384,51005,49,49
1385,51005,49,49
1386,51005,49,49
1387,51005,49,49
1388,51005,49,49
1389,51005,49,49
1390,51005,49,49
1391,51005,49,49
1392,51005,49,49
1393,51005,49,49
1394,51005,49,49
1395,51005,49,49
1396,51005,49,49
1397,51005,49,49
1398,51005,49,49
1399,51005,49,49
1400,51005,49,49
1401,51005,49,49
1402,51005,49,49
1403,51005,49,49
1404,51005,49,49
1405,51005,49,49
1406,51005,49,49
1407,51005,49,49
1408,51005,49,49
1409,51005,49,49
1410,51005,49,49
1411,51005,49,49
1412,51005,49,49
1413,51008,49,48
1414,51011,49,48
1415,51012,49,48
1416,51013,49,49
1417,51013,49,49
1418,51013,49,49
1419,51013,49,49
1420,51013,49,49
1421,51013,49,49
1422,51013,49,49
1423,51013,49,49
1424,51013,49,49
1425,51013,49,49
1426,51013,49,49
1427,51013,49,49
1428,51013,49,49
1429,51013,49,49
1430,51013,49,49
1431,51013,49,49
1432,51013,49,49
1433,51013,49,49
1434,51013,49,49
1435,51013,49,49
1436,51013,49,49
1437,51013,49,49
1438,51013,49,49
1439,51013,49,49
1440,51013,49,49
1441,51013,49,49
1442,51013,49,49
1443,51013,49,49
1444,51013,49,49
1445,51013,49,49
1446,51013,49,49
1447,51013,49,49
1448,51013,49,49
1449,51013,49,49
1450,51013,49,49
1451,51013,49,49
1452,51013,49,49
1453,51013,49,49
1454,51013,49,49
1455,51013,49,49
1456,51013,49,49
1457,51013,49,49
1458,51013,49,49
1459,51015,49,48
1460,51016,49,48
1461,51020,49,49
1462,51020,49,49
1463,51020,49,49
1464,51020,49,49
1465,51020,49,49
1466,51020,49,49
1467,51020,49,49
1468,51020,49,49
1469,51020,49,49
1470,51020,49,49
1471,51020,49,49
1472,51020,49,49
1473,51020,49,49
1474,51025,49,48
1475,51026,49,49
1476,51026,49,49
1477,51026,49,49
1478,51026,49,49
1479,51026,49,49
1480,51026,49,49
1481,51026,49,49
1482,51026,49,49
1483,51026,49,49
1484,51026,49,49
1485,51026,49,49
1486,51026,49,49
1487,51026,49,49
1488,51026,49,49
1489,51026,49,49
1490,51026,49,49
1491,51026,49,49
1492,51026,49,49
1493,51026,49,49
1494,51026,49,49
1495,51026,49,49
1496,51026,49,49
1497,51026,49,49
1498,51026,49,49
1499,51026,49,49
1500,51026,49,49
1501,51026,49,49
1502,51026,49,49
1503,51026,49,49
1504,51026,49,49
1505,51026,49,49
1506,51026,49,49
1507,51026,49,49
1508,51026,49,49
1509,51026,49,49
1510,51026,49,49
1511,51026,49,49
1512,51026,49,49
1513,51026,49,49
1514,51026,49,49
1515,51026,49,49
1516,51026,49,49
1517,51026,49,49
1518,51026,49,49
1519,51026,49,49
1520,51026,49,49
1521,51026,49,49
1522,51026,49,49
1523,51026,49,49
1524,51026,49,49
1525,51026,49,49
1526,51026,49,49
1527,51026,49,49
1528,51026,49,49
1529,51026,49,49
1530,51026,49,49
1531,51026,49,49
1532,51026,49,49
1533,51026,49,49
1534,51026,49,49
1535,51026,49,49
1536,51026,49,49
1537,51026,49,49
1538,51026,49,49
1539,51026,49,49
1540,51026,49,49
1541,51026,49,49
1542,51026,49,49
1543,51026,49,49
1544,51026,49,49
1545,51026,49,49
1546,51026,49,49
1547,51026,49,49
1548,51026,49,49
1549,51026,49,49
1550,51026,49,49
1551,51026,49,49
1552,51026,49,49
1553,51026,49,49
1554,51026,49,49
1555,51026,49,49
1556,51026,49,49
1557,51026,49,49
1558,51026,49,49
1559,51026,49,49
1560,51026,49,49
1561,51026,49,49
1562,51026,49,49
1563,51026,49,49
1564,51026,49,49
1565,51026,49,49
1566,51026,49,49
1567,51026,49,49
1568,51026,49,49
1569,51026,49,49
1570,51026,49,49
1571,51026,49,49
1572,51026,49,49
1573,51026,49,49
1574,51026,49,49
1575,51026,49,49
1576,51026,49,49
1577,51026,49,49
1578,51026,49,49
1579,51026,49,49
1580,51026,49,49
1581,51026,49,49
1582,51026,49,49
1583,51026,49,49
1584,51026,49,49
1585,51026,49,49
1586,51026,49,49
1587,51026,49,49
1588,51026,49,49
1589,51031,49,48
1590,51033,49,49
1591,51033,49,49
1592,51033,49,49
1593,51033,49,49
1594,51033,49,49
1595,51033,49,49
1596,51033,49,49
1597,51033,49,49
1598,51033,49,49
1599,51033,49,49
1600,51033,49,49
1601,51033,49,49
1602,51033,49,49
1603,51033,49,49
1604,51033,49,49
1605,51033,49,49
1606,51033,49,49
1607,51033,49,49
1608,51033,49,49
1609,51033,49,49
1610,51033,49,49
1611,51033,49,49
1612,51033,49,49
1613,51033,49,49
1614,51033,49,49
1615,51033,49,49
1616,51033,49,49
1617,51033,49,49
1618,51033,49,49
1619,51033,49,49
1620,51033,49,49
1621,51033,49,49
1622,51033,49,49
1623,51033,49,49
1624,51033,49,49
1625,51033,49,49
1626,51033,49,49
1627,51033,49,49
1628,51033,49,49
1629,51033,49,49
1630,51033,49,49
1631,51033,49,49
1632,51033,49,49
1633,51033,49,49
1634,51033,49,49
1635,51033,49,49
1636,51033,49,49
1637,51033,49,49
1638,51033,49,49
1639,51033,49,49
1640,51033,49,49
1641,51033,49,49
1642,51033,49,49
1643,51033,49,49
1644,51033,49,49
1645,51033,49,49
1646,51033,49,49
1647,51033,49,49
1648,51033,49,49
1649,51039,49,49
1650,51039,49,49
1651,51039,49,49
1652,51039,49,49
1653,51039,49,49
1654,51039,49,49
1655,51039,49,49
1656,51039,49,49
1657,51039,49,49
1658,51039,49,49
1659,51039,49,49
1660,51039,49,49
1661,51039,49,49
1662,51039,49,49
1663,51039,49,49
1664,51039,49,49
1665,51039,49,49
1666,51039,49,49
1667,51039,49,49
1668,51039,49,49
1669,51039,49,49
1670,51039,49,49
1671,51039,49,49
1672,51039,49,49
1673,51039,49,49
1674,51039,49,49
1675,51039,49,49
1676,51039,49,49
1677,51039,49,49
1678,51039,49,49
1679,51039,49,49
1680,51039,49,49
1681,51039,49,49
1682,51039,49,49
1683,51039,49,49
1684,51039,49,49
1685,51039,49,49
1686,51039,49,49
1687,51039,49,49
1688,51039,49,49
1689,51039,49,49
1690,51039,49,49
1691,51039,49,49
1692,51039,49,49
1693,51040,49,70
1694,51040,49,70
1695,51040,49,70
1696,51040,49,70
1697,51040,49,70
1698,51040,49,70
1699,51040,49,70
1700,51040,49,70
1701,51040,49,70
1702,51040,49,70
1703,51040,49,70
1704,51040,49,70
1705,51040,49,70
1706,51040,49,70
1707,51040,49,70
1708,51040,49,70
1709,51040,49,70
1710,51040,49,70
1711,51040,49,70
1712,51040,49,70
1713,51040,49,70
1714,51040,49,70
1715,51040,49,70
1716,51040,49,70
1717,51040,49,70
1718,51040,49,70
1719,51040,49,70
1720,51040,49,70
1721,51040,49,70
1722,51040,49,70
1723,51040,49,70
1724,51040,49,70
1725,51040,49,70
1726,51040,49,70
1727,51040,49,70
1728,51040,49,70
1729,51040,49,70
1730,51040,49,70
1731,51040,49,70
1732,51040,49,70
1733,51041,49,48
1734,51042,49,49
1735,51042,49,49
1736,51042,49,49
1737,51042,49,49
1738,51042,49,49
1739,51042,49,49
1740,51042,49,49
1741,51042,49,49
1742,51042,49,49
1743,51042,49,49
1744,51042,49,49
1745,51042,49,49
1746,48001,49,57
1747,48004,49,50
1748,48017,49,60
1749,48017,49,50
1750,48017,49,54
1751,48017,49,54
1752,48021,49,70
1753,48035,49,70
1754,48035,49,70
1755,48035,49,70
1756,48035,49,70
1757,48035,49,70
1758,48035,49,70
1759,48035,49,70
1760,48035,49,70
1761,48035,49,70
1762,48035,49,70
1763,48035,49,70
1764,48035,49,70
1765,48035,49,70
1766,48035,49,70
1767,48035,49,70
1768,48035,49,70
1769,48035,49,70
1770,48035,49,70
1771,48036,49,70
1772,48036,49,70
1773,48044,49,50
1774,48052,49,70
1775,48052,49,70
1776,48052,49,70
1777,48052,49,70
1778,48052,49,70
1779,48052,49,70
1780,48052,49,70
1781,48052,49,70
1782,48052,49,70
1783,48052,49,70
1784,48052,49,70
1785,48052,49,70
1786,48052,49,70
1787,48052,49,70
1788,48052,49,70
1789,48052,49,70
1790,48052,49,70
1791,48052,49,70
1792,48052,49,70
1793,48052,49,70
1794,48052,49,70
1795,48052,49,70
1796,48052,49,70
1797,48052,49,70
1798,48052,49,70
1799,48052,49,70
1800,48052,49,70
1801,48052,49,70
1802,48052,49,70
1803,48052,49,70
1804,48052,49,70
1805,48052,49,70
1806,48052,49,70
1807,48052,49,70
1808,48052,49,70
1809,48052,49,70
1810,48052,49,70
1811,48052,49,70
1812,48052,49,70
1813,48052,49,70
1814,52002,49,52
1815,52013,49,49
1816,52013,49,49
1817,51002,50,48
1818,51002,50,48
1819,51002,50,48
1820,51002,50,48
1821,51002,50,48
1822,51002,50,48
1823,51002,50,48
1824,51002,50,48
1825,51002,50,48
1826,51002,50,48
1827,51002,50,48
1828,51002,50,48
1829,51002,50,48
1830,51005,50,49
1831,51005,50,49
1832,51005,50,49
1833,51005,50,49
1834,51005,50,49
1835,51005,50,49
1836,51005,50,49
1837,51005,50,49
1838,51005,50,49
1839,51005,50,49
1840,51006,50,48
1841,51006,50,48
1842,51010,50,48
1843,51012,50,48
1844,51013,50,49
1845,51013,50,49
1846,51013,50,49
1847,51013,50,49
1848,51013,50,49
1849,51013,50,49
1850,51015,50,48
1851,51020,50,49
1852,51020,50,49
1853,51020,50,49
1854,51020,50,49
1855,51022,50,48
1856,51025,50,48
1857,51026,50,49
1858,51026,50,49
1859,51026,50,49
1860,51026,50,49
1861,51026,50,49
1862,51026,50,49
1863,51026,50,49
1864,51026,50,49
1865,51026,50,49
1866,51026,50,49
1867,51026,50,49
1868,51026,50,49
1869,51031,50,48
1870,51031,50,48
1871,51031,50,48
1872,51031,50,48
1873,51031,50,48
1874,51033,50,49
1875,51033,50,49
1876,51033,50,49
1877,51033,50,49
1878,51033,50,49
1879,51033,50,49
1880,51033,50,49
1881,51033,50,49
1882,51033,50,49
1883,51033,50,49
1884,51037,50,48
1885,51039,50,49
1886,51039,50,49
1887,51039,50,49
1888,51039,50,49
1889,51039,50,49
1890,51039,50,49
1891,51039,50,49
1892,51039,50,49
1893,51039,50,49
1894,51040,50,70
1895,51040,50,70
1896,51040,50,70
1897,51040,50,70
1898,51040,50,70
1899,51040,50,70
1900,51040,50,70
1901,51040,50,70
1902,48001,50,57
1903,48001,50,57
1904,48001,50,57
1905,48001,50,57
1906,48001,50,57
1907,48001,50,57
1908,48001,50,57
1909,48001,50,57
1910,48001,50,57
1911,48001,50,57
1912,48001,50,57
1913,48001,50,57
1914,48001,50,57
1915,48001,50,57
1916,48001,50,57
1917,48001,50,57
1918,48001,50,57
1919,48001,50,57
1920,48001,50,57
1921,48001,50,57
1922,48002,50,61
1923,48002,50,61
1924,48002,50,61
1925,48002,50,61
1926,48002,50,61
1927,48002,50,61
1928,48002,50,61
1929,48002,50,61
1930,48002,50,61
1931,48002,50,61
1932,48002,50,61
1933,48002,50,61
1934,48002,50,61
1935,48002,50,61
1936,48004,50,60
1937,48004,50,60
1938,48004,50,60
1939,48004,50,54
1940,48004,50,50
1941,48004,50,60
1942,48004,50,50
1943,48005,50,61
1944,48005,50,61
1945,48005,50,61
1946,48005,50,61
1947,48005,50,61
1948,48005,50,61
1949,48005,50,61
1950,48005,50,61
1951,48005,50,61
1952,48005,50,61
1953,48005,50,61
1954,48005,50,61
1955,48005,50,61
1956,48005,50,61
1957,48005,50,61
1958,48005,50,61
1959,48005,50,61
1960,48005,50,61
1961,48005,50,61
1962,48005,50,61
1963,48005,50,61
1964,48005,50,61
1965,48005,50,61
1966,48005,50,61
1967,48005,50,61
1968,48005,50,61
1969,48005,50,61
1970,48005,50,61
1971,48005,50,61
1972,48005,50,61
1973,48005,50,61
1974,48005,50,61
1975,48005,50,61
1976,48005,50,61
1977,48005,50,61
1978,48005,50,61
1979,48005,50,61
1980,48005,50,61
1981,48005,50,61
1982,48005,50,61
1983,48005,50,61
1984,48005,50,61
1985,48005,50,61
1986,48005,50,61
1987,48005,50,61
1988,48005,50,61
1989,48005,50,61
1990,48005,50,61
1991,48005,50,61
1992,48005,50,61
1993,48005,50,61
1994,48005,50,61
1995,48005,50,61
1996,48005,50,61
1997,48005,50,61
1998,48005,50,61
1999,48005,50,61
2000,48005,50,61
2001,48005,50,61
2002,48005,50,61
2003,48005,50,61
2004,48005,50,61
2005,48005,50,61
2006,48005,50,61
2007,48005,50,61
2008,48005,50,61
2009,48005,50,61
2010,48005,50,61
2011,48005,50,61
2012,48005,50,61
2013,48005,50,61
2014,48006,50,61
2015,48006,50,50
2016,48006,50,54
2017,48006,50,50
2018,48006,50,61
2019,48006,50,50
2020,48006,50,61
2021,48006,50,54
2022,48006,50,50
2023,48006,50,54
2024,48006,50,50
2025,48006,50,61
2026,48006,50,60
2027,48006,50,50
2028,48006,50,60
2029,48006,50,60
2030,48006,50,61
2031,48006,50,60
2032,48006,50,50
2033,48006,50,50
2034,48006,50,54
2035,48006,50,60
2036,48006,50,54
2037,48006,50,61
2038,48006,50,60
2039,48006,50,54
2040,48006,50,61
2041,48006,50,50
2042,48006,50,54
2043,48006,50,60
2044,48006,50,61
2045,48006,50,50
2046,48006,50,54
2047,48006,50,60
2048,48006,50,61
2049,48006,50,50
2050,48006,50,54
2051,48006,50,60
2052,48006,50,54
2053,48006,50,61
2054,48006,50,54
2055,48006,50,61
2056,48006,50,61
2057,48006,50,60
2058,48006,50,50
2059,48006,50,54
2060,48006,50,54
2061,48006,50,50
2062,48006,50,60
2063,48006,50,54
2064,48006,50,60
2065,48006,50,54
2066,48006,50,50
2067,48006,50,60
2068,48006,50,60
2069,48006,50,60
2070,48006,50,60
2071,48006,50,61
2072,48006,50,60
2073,48006,50,54
2074,48006,50,50
2075,48006,50,54
2076,48006,50,61
2077,48006,50,60
2078,48006,50,50
2079,48006,50,50
2080,48006,50,61
2081,48006,50,50
2082,48006,50,61
2083,48006,50,61
2084,48006,50,60
2085,48006,50,61
2086,48006,50,60
2087,48006,50,61
2088,48006,50,60
2089,48006,50,50
2090,48006,50,54
2091,48006,50,60
2092,48006,50,61
2093,48006,50,54
2094,48006,50,50
2095,48006,50,50
2096,48006,50,54
2097,48006,50,60
2098,48006,50,60
2099,48006,50,50
2100,48006,50,54
2101,48006,50,50
2102,48006,50,54
2103,48006,50,60
2104,48006,50,54
2105,48006,50,50
2106,48006,50,61
2107,48006,50,50
2108,48006,50,54
2109,48006,50,50
2110,48006,50,54
2111,48006,50,50
2112,48006,50,54
2113,48006,50,50
2114,48006,50,61
2115,48006,50,50
2116,48006,50,54
2117,48006,50,61
2118,48006,50,54
2119,48006,50,61
2120,48006,50,54
2121,48006,50,60
2122,48006,50,54
2123,48006,50,61
2124,48006,50,50
2125,48006,50,50
2126,48006,50,50
2127,48006,50,54
2128,48006,50,61
2129,48006,50,61
2130,48006,50,50
2131,48006,50,50
2132,48006,50,60
2133,48006,50,54
2134,48006,50,54
2135,48006,50,54
2136,48006,50,60
2137,48006,50,50
2138,48006,50,60
2139,48006,50,60
2140,48006,50,54
2141,48006,50,50
2142,48006,50,50
2143,48006,50,54
2144,48006,50,54
2145,48006,50,61
2146,48006,50,61
2147,48006,50,60
2148,48006,50,50
2149,48006,50,50
2150,48006,50,61
2151,48006,50,61
2152,48006,50,54
2153,48006,50,61
2154,48006,50,60
2155,48006,50,60
2156,48006,50,54
2157,48006,50,60
2158,48006,50,60
2159,48006,50,60
2160,48006,50,60
2161,48006,50,50
2162,48006,50,50
2163,48006,50,61
2164,48006,50,61
2165,48006,50,60
2166,48006,50,61
2167,48006,50,54
2168,48006,50,61
2169,48006,50,61
2170,48006,50,54
2171,48006,50,61
2172,48008,50,64
2173,48008,50,64
2174,48008,50,64
2175,48008,50,64
2176,48008,50,64
2177,48008,50,64
2178,48008,50,64
2179,48010,50,64
2180,48010,50,64
2181,48010,50,64
2182,48010,50,64
2183,48010,50,64
2184,48010,50,64
2185,48010,50,64
2186,48010,50,64
2187,48010,50,64
2188,48010,50,64
2189,48011,50,64
2190,48011,50,64
2191,48011,50,64
2192,48011,50,64
2193,48011,50,64
2194,48011,50,64
2195,48011,50,64
2196,48012,50,55
2197,48012,50,55
2198,48013,50,70
2199,48013,50,70
2200,48013,50,70
2201,48014,50,64
2202,48014,50,64
2203,48014,50,64
2204,48014,50,64
2205,48014,50,64
2206,48014,50,64
2207,48014,50,64
2208,48014,50,64
2209,48014,50,64
2210,48014,50,64
2211,48014,50,64
2212,48014,50,64
2213,48014,50,64
2214,48014,50,64
2215,48014,50,64
2216,48014,50,64
2217,48014,50,64
2218,48014,50,64
2219,48014,50,64
2220,48014,50,64
2221,48014,50,64
2222,48014,50,64
2223,48014,50,64
2224,48014,50,64
2225,48014,50,64
2226,48014,50,64
2227,48014,50,64
2228,48014,50,64
2229,48014,50,64
2230,48014,50,64
2231,48014,50,64
2232,48014,50,64
2233,48014,50,64
2234,48014,50,64
2235,48014,50,64
2236,48014,50,64
2237,48014,50,64
2238,48014,50,64
2239,48014,50,64
2240,48014,50,64
2241,48014,50,64
2242,48015,50,57
2243,48015,50,57
2244,48015,50,57
2245,48015,50,57
2246,48015,50,57
2247,48015,50,57
2248,48015,50,57
2249,48015,50,57
2250,48015,50,57
2251,48015,50,57
2252,48015,50,57
2253,48015,50,57
2254,48015,50,57
2255,48015,50,57
2256,48015,50,57
2257,48015,50,57
2258,48015,50,57
2259,48015,50,57
2260,48015,50,57
2261,48015,50,57
2262,48015,50,57
2263,48015,50,57
2264,48015,50,57
2265,48015,50,57
2266,48015,50,57
2267,48015,50,57
2268,48015,50,57
2269,48015,50,57
2270,48015,50,57
2271,48015,50,57
2272,48015,50,57
2273,48015,50,57
2274,48015,50,57
2275,48015,50,57
2276,48015,50,57
2277,48015,50,57
2278,48015,50,57
2279,48015,50,57
2280,48015,50,57
2281,48015,50,57
2282,48015,50,57
2283,48015,50,57
2284,48015,50,57
2285,48015,50,57
2286,48015,50,57
2287,48015,50,57
2288,48015,50,57
2289,48015,50,57
2290,48015,50,57
2291,48017,50,60
2292,48017,50,50
2293,48017,50,54
2294,48017,50,54
2295,48017,50,50
2296,48017,50,50
2297,48017,50,50
2298,48017,50,50
2299,48017,50,60
2300,48017,50,50
2301,48017,50,60
2302,48017,50,54
2303,48017,50,60
2304,48017,50,50
2305,48017,50,50
2306,48017,50,60
2307,48017,50,50
2308,48017,50,54
2309,48017,50,54
2310,48017,50,50
2311,48017,50,60
2312,48017,50,60
2313,48017,50,50
2314,48017,50,50
2315,48017,50,50
2316,48017,50,50
2317,48017,50,50
2318,48017,50,54
2319,48017,50,60
2320,48017,50,60
2321,48017,50,50
2322,48017,50,50
2323,48017,50,60
2324,48017,50,50
2325,48017,50,50
2326,48017,50,50
2327,48017,50,50
2328,48017,50,60
2329,48017,50,50
2330,48017,50,50
2331,48017,50,54
2332,48017,50,60
2333,48017,50,50
2334,48017,50,60
2335,48017,50,50
2336,48017,50,54
2337,48017,50,54
2338,48017,50,54
2339,48017,50,50
2340,48017,50,50
2341,48017,50,50
2342,48017,50,60
2343,48017,50,50
2344,48017,50,50
2345,48017,50,50
2346,48017,50,50
2347,48017,50,54
2348,48017,50,60
2349,48017,50,54
2350,48017,50,50
2351,48017,50,50
2352,48017,50,60
2353,48017,50,54
2354,48017,50,50
2355,48017,50,60
2356,48017,50,60
2357,48017,50,60
2358,48017,50,54
2359,48017,50,54
2360,48017,50,50
2361,48017,50,54
2362,48017,50,60
2363,48017,50,54
2364,48017,50,54
2365,48017,50,50
2366,48017,50,50
2367,48017,50,54
2368,48017,50,54
2369,48017,50,50
2370,48017,50,54
2371,48017,50,54
2372,48017,50,60
2373,48017,50,54
2374,48017,50,50
2375,48017,50,60
2376,48017,50,54
2377,48017,50,54
2378,48017,50,60
2379,48017,50,60
2380,48017,50,54
2381,48017,50,60
2382,48017,50,54
2383,48017,50,50
2384,48017,50,60
2385,48017,50,60
2386,48017,50,60
2387,48017,50,60
2388,48017,50,50
2389,48017,50,60
2390,48017,50,60
2391,48017,50,50
2392,48017,50,50
2393,48017,50,50
2394,48017,50,60
2395,48017,50,54
2396,48017,50,60
2397,48017,50,54
2398,48017,50,60
2399,48017,50,50
2400,48017,50,50
2401,48017,50,54
2402,48017,50,50
2403,48017,50,60
2404,48017,50,50
2405,48017,50,54
2406,48017,50,50
2407,48017,50,60
2408,48017,50,54
2409,48017,50,54
2410,48017,50,60
2411,48017,50,50
2412,48017,50,60
2413,48017,50,50
2414,48017,50,60
2415,48017,50,54
2416,48017,50,60
2417,48017,50,54
2418,48017,50,60
2419,48017,50,60
2420,48017,50,50
2421,48017,50,54
2422,48017,50,60
2423,48017,50,54
2424,48017,50,60
2425,48017,50,60
2426,48017,50,50
2427,48017,50,50
2428,48017,50,60
2429,48017,50,60
2430,48017,50,60
2431,48017,50,50
2432,48017,50,54
2433,48017,50,54
2434,48017,50,54
2435,48017,50,54
2436,48017,50,50
2437,48017,50,54
2438,48017,50,54
2439,48017,50,60
2440,48017,50,54
2441,48017,50,50
2442,48017,50,50
2443,48017,50,54
2444,48017,50,60
2445,48017,50,54
2446,48017,50,54
2447,48017,50,60
2448,48017,50,60
2449,48017,50,54
2450,48017,50,60
2451,48017,50,54
2452,48017,50,50
2453,48017,50,50
2454,48017,50,54
2455,48017,50,60
2456,48017,50,60
2457,48017,50,54
2458,48017,50,54
2459,48017,50,60
2460,48017,50,50
2461,48017,50,50
2462,48017,50,60
2463,48017,50,50
2464,48017,50,50
2465,48017,50,54
2466,48017,50,54
2467,48017,50,60
2468,48017,50,60
2469,48017,50,54
2470,48017,50,60
2471,48017,50,60
2472,48017,50,50
2473,48017,50,60
2474,48017,50,50
2475,48017,50,50
2476,48017,50,54
2477,48017,50,50
2478,48017,50,60
2479,48017,50,50
2480,48017,50,50
2481,48017,50,60
2482,48017,50,54
2483,48017,50,54
2484,48017,50,54
2485,48017,50,54
2486,48017,50,50
2487,48017,50,50
2488,48017,50,54
2489,48017,50,50
2490,48017,50,54
2491,48017,50,60
2492,48017,50,54
2493,48017,50,60
2494,48017,50,60
2495,48017,50,60
2496,48017,50,50
2497,48017,50,54
2498,48017,50,60
2499,48017,50,50
2500,48017,50,60
2501,48017,50,50
2502,48017,50,60
2503,48017,50,60
2504,48017,50,60
2505,48017,50,50
2506,48017,50,60
2507,48017,50,54
2508,48017,50,60
2509,48017,50,60
2510,48017,50,50
2511,48017,50,54
2512,48017,50,60
2513,48017,50,50
2514,48017,50,50
2515,48017,50,50
2516,48017,50,50
2517,48017,50,60
2518,48017,50,50
2519,48017,50,60
2520,48017,50,50
2521,48017,50,54
2522,48017,50,50
2523,48017,50,50
2524,48017,50,50
2525,48017,50,50
2526,48017,50,60
2527,48017,50,54
2528,48017,50,50
2529,48017,50,50
2530,48017,50,60
2531,48017,50,60
2532,48017,50,54
2533,48017,50,54
2534,48017,50,50
2535,48017,50,54
2536,48017,50,50
2537,48017,50,54
2538,48017,50,54
2539,48017,50,54
2540,48017,50,50
2541,48017,50,50
2542,48017,50,54
2543,48017,50,60
2544,48017,50,50
2545,48017,50,54
2546,48017,50,54
2547,48017,50,54
2548,48017,50,60
2549,48017,50,50
2550,48017,50,60
2551,48017,50,54
2552,48017,50,60
2553,48017,50,50
2554,48017,50,50
2555,48017,50,50
2556,48017,50,54
2557,48017,50,54
2558,48017,50,60
2559,48017,50,50
2560,48017,50,50
2561,48017,50,60
2562,48017,50,50
2563,48017,50,50
2564,48017,50,54
2565,48017,50,50
2566,48017,50,54
2567,48017,50,54
2568,48017,50,60
2569,48017,50,60
2570,48017,50,60
2571,48017,50,60
2572,48017,50,60
2573,48017,50,60
2574,48017,50,50
2575,48017,50,54
2576,48017,50,60
2577,48017,50,50
2578,48017,50,54
2579,48017,50,60
2580,48017,50,54
2581,48017,50,54
2582,48017,50,50
2583,48017,50,60
2584,48017,50,54
2585,48017,50,50
2586,48017,50,50
2587,48017,50,60
2588,48017,50,50
2589,48017,50,54
2590,48017,50,50
2591,48017,50,60
2592,48017,50,50
2593,48017,50,54
2594,48017,50,50
2595,48017,50,50
2596,48017,50,54
2597,48017,50,60
2598,48017,50,50
2599,48017,50,60
2600,48017,50,54
2601,48017,50,60
2602,48017,50,54
2603,48017,50,54
2604,48017,50,50
2605,48017,50,54
2606,48017,50,50
2607,48017,50,54
2608,48017,50,60
2609,48017,50,60
2610,48017,50,50
2611,48017,50,50
2612,48017,50,60
2613,48017,50,54
2614,48017,50,60
2615,48017,50,54
2616,48017,50,50
2617,48017,50,54
2618,48017,50,54
2619,48017,50,54
2620,48017,50,54
2621,48017,50,60
2622,48017,50,60
2623,48017,50,50
2624,48017,50,60
2625,48017,50,54
2626,48017,50,50
2627,48017,50,50
2628,48017,50,50
2629,48017,50,50
2630,48017,50,54
2631,48017,50,50
2632,48017,50,50
2633,48017,50,54
2634,48017,50,60
2635,48017,50,50
2636,48017,50,50
2637,48017,50,54
2638,48017,50,54
2639,48017,50,50
2640,48017,50,54
2641,48017,50,54
2642,48017,50,50
2643,48017,50,54
2644,48017,50,60
2645,48017,50,54
2646,48017,50,54
2647,48017,50,60
2648,48017,50,50
2649,48017,50,60
2650,48017,50,54
2651,48017,50,60
2652,48017,50,54
2653,48017,50,54
2654,48017,50,50
2655,48017,50,54
2656,48017,50,54
2657,48017,50,50
2658,48017,50,60
2659,48017,50,60
2660,48017,50,60
2661,48017,50,60
2662,48017,50,54
2663,48017,50,60
2664,48017,50,50
2665,48017,50,60
2666,48017,50,60
2667,48017,50,50
2668,48017,50,60
2669,48017,50,50
2670,48017,50,60
2671,48017,50,50
2672,48017,50,54
2673,48017,50,50
2674,48017,50,60
2675,48017,50,54
2676,48017,50,54
2677,48017,50,50
2678,48017,50,60
2679,48017,50,50
2680,48017,50,50
2681,48017,50,60
2682,48017,50,54
2683,48017,50,50
2684,48017,50,50
2685,48017,50,60
2686,48017,50,60
2687,48017,50,54
2688,48017,50,54
2689,48017,50,50
2690,48017,50,60
2691,48017,50,54
2692,48017,50,50
2693,48017,50,54
2694,48017,50,54
2695,48017,50,50
2696,48017,50,60
2697,48017,50,60
2698,48017,50,50
2699,48017,50,50
2700,48017,50,50
2701,48017,50,60
2702,48017,50,60
2703,48017,50,60
2704,48017,50,50
2705,48017,50,60
2706,48017,50,50
2707,48017,50,54
2708,48017,50,50
2709,48017,50,60
2710,48017,50,60
2711,48017,50,60
2712,48017,50,50
2713,48017,50,54
2714,48017,50,50
2715,48017,50,60
2716,48017,50,54
2717,48017,50,50
2718,48017,50,54
2719,48017,50,50
2720,48017,50,50
2721,48017,50,50
2722,48017,50,54
2723,48017,50,54
2724,48017,50,54
2725,48017,50,54
2726,48017,50,54
2727,48017,50,50
2728,48017,50,54
2729,48017,50,50
2730,48017,50,54
2731,48017,50,60
2732,48017,50,54
2733,48017,50,60
2734,48017,50,54
2735,48017,50,54
2736,48017,50,50
2737,48017,50,50
2738,48017,50,50
2739,48017,50,54
2740,48017,50,60
2741,48017,50,50
2742,48017,50,50
2743,48017,50,54
2744,48017,50,50
2745,48017,50,60
2746,48017,50,54
2747,48017,50,60
2748,48017,50,54
2749,48017,50,60
2750,48017,50,54
2751,48017,50,54
2752,48017,50,60
2753,48017,50,50
2754,48017,50,50
2755,48017,50,50
2756,48017,50,54
2757,48017,50,60
2758,48017,50,60
2759,48017,50,54
2760,48017,50,54
2761,48017,50,54
2762,48017,50,50
2763,48017,50,54
2764,48017,50,54
2765,48017,50,60
2766,48017,50,50
2767,48017,50,60
2768,48017,50,50
2769,48017,50,50
2770,48017,50,54
2771,48017,50,50
2772,48017,50,50
2773,48017,50,50
2774,48017,50,50
2775,48017,50,54
2776,48017,50,54
2777,48017,50,50
2778,48017,50,60
2779,48017,50,60
2780,48017,50,50
2781,48017,50,60
2782,48017,50,50
2783,48017,50,60
2784,48017,50,50
2785,48017,50,54
2786,48017,50,50
2787,48017,50,60
2788,48017,50,60
2789,48017,50,50
2790,48017,50,50
2791,48017,50,54
2792,48017,50,54
2793,48017,50,60
2794,48017,50,60
2795,48017,50,54
2796,48017,50,54
2797,48017,50,54
2798,48017,50,54
2799,48017,50,50
2800,48017,50,54
2801,48017,50,50
2802,48017,50,50
2803,48017,50,54
2804,48017,50,50
2805,48017,50,60
2806,48017,50,54
2807,48017,50,50
2808,48017,50,50
2809,48017,50,54
2810,48017,50,50
2811,48017,50,54
2812,48017,50,54
2813,48017,50,50
2814,48017,50,50
2815,48017,50,60
2816,48017,50,60
2817,48017,50,60
2818,48017,50,50
2819,48017,50,54
2820,48017,50,60
2821,48017,50,60
2822,48017,50,54
2823,48017,50,50
2824,48017,50,60
2825,48017,50,50
2826,48017,50,60
2827,48017,50,54
2828,48017,50,60
2829,48017,50,54
2830,48017,50,54
2831,48017,50,60
2832,48017,50,50
2833,48017,50,50
2834,48017,50,54
2835,48017,50,60
2836,48017,50,50
2837,48017,50,60
2838,48017,50,50
2839,48017,50,50
2840,48017,50,50
2841,48017,50,60
2842,48017,50,50
2843,48017,50,50
2844,48017,50,50
2845,48017,50,60
2846,48017,50,54
2847,48017,50,54
2848,48017,50,54
2849,48017,50,54
2850,48017,50,54
2851,48017,50,54
2852,48017,50,54
2853,48017,50,54
2854,48017,50,50
2855,48017,50,60
2856,48017,50,60
2857,48017,50,60
2858,48017,50,60
2859,48017,50,50
2860,48017,50,60
2861,48017,50,50
2862,48017,50,50
2863,48017,50,54
2864,48017,50,60
2865,48017,50,54
2866,48017,50,54
2867,48017,50,54
2868,48017,50,50
2869,48017,50,50
2870,48017,50,60
2871,48017,50,50
2872,48017,50,50
2873,48017,50,54
2874,48017,50,60
2875,48017,50,60
2876,48017,50,60
2877,48017,50,60
2878,48017,50,60
2879,48017,50,60
2880,48017,50,50
2881,48017,50,50
2882,48017,50,60
2883,48017,50,60
2884,48017,50,60
2885,48017,50,50
2886,48017,50,54
2887,48017,50,60
2888,48017,50,54
2889,48017,50,60
2890,48017,50,50
2891,48017,50,54
2892,48017,50,60
2893,48017,50,54
2894,48017,50,54
2895,48017,50,50
2896,48017,50,60
2897,48017,50,60
2898,48017,50,60
2899,48017,50,50
2900,48017,50,60
2901,48017,50,54
2902,48017,50,50
2903,48017,50,60
2904,48017,50,60
2905,48017,50,54
2906,48017,50,60
2907,48017,50,60
2908,48017,50,60
2909,48017,50,50
2910,48017,50,54
2911,48017,50,50
2912,48017,50,60
2913,48017,50,50
2914,48017,50,50
2915,48017,50,50
2916,48017,50,54
2917,48017,50,54
2918,48017,50,50
2919,48017,50,54
2920,48017,50,54
2921,48017,50,60
2922,48017,50,60
2923,48017,50,50
2924,48017,50,54
2925,48017,50,54
2926,48017,50,50
2927,48017,50,50
2928,48017,50,60
2929,48017,50,50
2930,48017,50,60
2931,48017,50,54
2932,48017,50,60
2933,48017,50,54
2934,48017,50,50
2935,48017,50,50
2936,48017,50,54
2937,48017,50,50
2938,48017,50,50
2939,48017,50,50
2940,48017,50,54
2941,48017,50,54
2942,48017,50,54
2943,48017,50,54
2944,48017,50,60
2945,48017,50,60
2946,48017,50,60
2947,48017,50,60
2948,48017,50,54
2949,48017,50,54
2950,48017,50,50
2951,48017,50,60
2952,48017,50,50
2953,48017,50,50
2954,48017,50,50
2955,48017,50,60
2956,48017,50,54
2957,48017,50,60
2958,48017,50,60
2959,48017,50,54
2960,48017,50,54
2961,48017,50,50
2962,48017,50,54
2963,48017,50,60
2964,48017,50,54
2965,48017,50,54
2966,48017,50,60
2967,48017,50,54
2968,48017,50,50
2969,48017,50,60
2970,48017,50,50
2971,48017,50,50
2972,48017,50,50
2973,48017,50,60
2974,48017,50,50
2975,48017,50,50
2976,48017,50,50
2977,48017,50,50
2978,48017,50,54
2979,48017,50,50
2980,48017,50,54
2981,48017,50,60
2982,48017,50,54
2983,48017,50,60
2984,48017,50,60
2985,48017,50,60
2986,48017,50,54
2987,48017,50,50
2988,48017,50,60
2989,48017,50,50
2990,48017,50,50
2991,48017,50,60
2992,48017,50,50
2993,48017,50,50
2994,48017,50,60
2995,48017,50,54
2996,48017,50,50
2997,48017,50,54
2998,48017,50,54
2999,48017,50,50
3000,48017,50,50
3001,48017,50,54
3002,48017,50,50
3003,48017,50,50
3004,48017,50,50
3005,48017,50,50
3006,48017,50,54
3007,48017,50,50
3008,48017,50,50
3009,48017,50,60
3010,48017,50,50
3011,48017,50,50
3012,48017,50,54
3013,48017,50,50
3014,48017,50,60
3015,48017,50,50
3016,48017,50,50
3017,48017,50,54
3018,48017,50,50
3019,48017,50,50
3020,48017,50,50
3021,48017,50,50
3022,48017,50,60
3023,48017,50,50
3024,48017,50,60
3025,48017,50,60
3026,48017,50,54
3027,48017,50,60
3028,48017,50,54
3029,48017,50,50
3030,48017,50,50
3031,48017,50,50
3032,48017,50,50
3033,48017,50,54
3034,48017,50,60
3035,48017,50,50
3036,48017,50,54
3037,48017,50,54
3038,48017,50,50
3039,48017,50,54
3040,48017,50,54
3041,48017,50,50
3042,48017,50,50
3043,48017,50,54
3044,48017,50,50
3045,48017,50,54
3046,48017,50,50
3047,48017,50,54
3048,48017,50,60
3049,48017,50,54
3050,48017,50,54
3051,48017,50,60
3052,48017,50,60
3053,48017,50,54
3054,48017,50,50
3055,48017,50,50
3056,48017,50,50
3057,48017,50,54
3058,48017,50,54
3059,48017,50,50
3060,48017,50,54
3061,48017,50,54
3062,48017,50,50
3063,48017,50,50
3064,48017,50,50
3065,48017,50,50
3066,48017,50,60
3067,48017,50,60
3068,48017,50,50
3069,48017,50,60
3070,48017,50,60
3071,48017,50,60
3072,48017,50,54
3073,48017,50,60
3074,48017,50,60
3075,48017,50,60
3076,48017,50,50
3077,48017,50,60
3078,48017,50,60
3079,48017,50,54
3080,48017,50,60
3081,48017,50,60
3082,48017,50,54
3083,48017,50,54
3084,48017,50,60
3085,48017,50,60
3086,48017,50,54
3087,48017,50,50
3088,48017,50,54
3089,48017,50,60
3090,48017,50,54
3091,48017,50,60
3092,48017,50,50
3093,48017,50,54
3094,48017,50,54
3095,48017,50,50
3096,48017,50,60
3097,48017,50,50
3098,48017,50,60
3099,48017,50,50
3100,48017,50,54
3101,48017,50,54
3102,48017,50,60
3103,48017,50,50
3104,48017,50,54
3105,48017,50,54
3106,48017,50,54
3107,48017,50,60
3108,48017,50,60
3109,48017,50,50
3110,48017,50,50
3111,48017,50,54
3112,48017,50,50
3113,48017,50,60
3114,48017,50,60
3115,48017,50,54
3116,48017,50,60
3117,48017,50,54
3118,48017,50,54
3119,48017,50,60
3120,48017,50,54
3121,48017,50,54
3122,48017,50,54
3123,48017,50,54
3124,48017,50,54
3125,48017,50,50
3126,48017,50,50
3127,48017,50,60
3128,48017,50,54
3129,48017,50,60
3130,48017,50,60
3131,48017,50,50
3132,48017,50,54
3133,48017,50,60
3134,48017,50,50
3135,48017,50,50
3136,48017,50,54
3137,48017,50,50
3138,48017,50,54
3139,48017,50,54
3140,48017,50,54
3141,48017,50,54
3142,48017,50,54
3143,48017,50,54
3144,48017,50,60
3145,48017,50,50
3146,48017,50,50
3147,48017,50,54
3148,48017,50,54
3149,48017,50,54
3150,48017,50,50
3151,48017,50,54
3152,48017,50,54
3153,48017,50,50
3154,48017,50,50
3155,48017,50,50
3156,48017,50,54
3157,48017,50,54
3158,48017,50,54
3159,48017,50,50
3160,48017,50,50
3161,48017,50,60
3162,48017,50,60
3163,48017,50,54
3164,48017,50,50
3165,48017,50,60
3166,48017,50,54
3167,48017,50,50
3168,48017,50,50
3169,48017,50,50
3170,48017,50,60
3171,48017,50,50
3172,48017,50,60
3173,48017,50,54
3174,48017,50,50
3175,48017,50,50
3176,48017,50,54
3177,48017,50,60
3178,48017,50,54
3179,48017,50,60
3180,48017,50,50
3181,48017,50,54
3182,48017,50,54
3183,48017,50,50
3184,48017,50,50
3185,48017,50,54
3186,48017,50,60
3187,48017,50,60
3188,48017,50,60
3189,48017,50,54
3190,48017,50,50
3191,48017,50,54
3192,48017,50,60
3193,48017,50,54
3194,48017,50,60
3195,48017,50,60
3196,48017,50,54
3197,48017,50,60
3198,48017,50,60
3199,48017,50,50
3200,48017,50,50
3201,48017,50,50
3202,48017,50,50
3203,48017,50,50
3204,48017,50,50
3205,48017,50,54
3206,48017,50,50
3207,48017,50,50
3208,48017,50,50
3209,48017,50,60
3210,48017,50,54
3211,48017,50,50
3212,48017,50,50
3213,48017,50,60
3214,48017,50,60
3215,48017,50,54
3216,48017,50,54
3217,48017,50,50
3218,48017,50,54
3219,48017,50,60
3220,48017,50,50
3221,48017,50,54
3222,48017,50,54
3223,48017,50,54
3224,48017,50,50
3225,48017,50,50
3226,48017,50,54
3227,48017,50,60
3228,48017,50,50
3229,48017,50,60
3230,48017,50,54
3231,48017,50,50
3232,48017,50,54
3233,48017,50,50
3234,48017,50,54
3235,48017,50,60
3236,48017,50,54
3237,48017,50,60
3238,48017,50,54
3239,48017,50,60
3240,48017,50,54
3241,48017,50,60
3242,48017,50,50
3243,48017,50,50
3244,48017,50,60
3245,48017,50,60
3246,48017,50,54
3247,48017,50,50
3248,48017,50,54
3249,48017,50,60
3250,48017,50,54
3251,48017,50,54
3252,48017,50,54
3253,48017,50,54
3254,48017,50,54
3255,48017,50,54
3256,48017,50,54
3257,48017,50,50
3258,48017,50,60
3259,48017,50,50
3260,48017,50,54
3261,48017,50,50
3262,48017,50,54
3263,48017,50,50
3264,48017,50,60
3265,48017,50,60
3266,48017,50,54
3267,48017,50,54
3268,48017,50,50
3269,48017,50,54
3270,48017,50,50
3271,48017,50,54
3272,48017,50,50
3273,48017,50,50
3274,48017,50,60
3275,48017,50,60
3276,48017,50,60
3277,48017,50,50
3278,48017,50,54
3279,48017,50,50
3280,48017,50,50
3281,48017,50,54
3282,48017,50,54
3283,48017,50,54
3284,48017,50,54
3285,48017,50,60
3286,48017,50,50
3287,48017,50,54
3288,48017,50,54
3289,48017,50,50
3290,48017,50,54
3291,48017,50,60
3292,48017,50,50
3293,48017,50,60
3294,48017,50,60
3295,48017,50,54
3296,48017,50,54
3297,48017,50,54
3298,48017,50,60
3299,48017,50,50
3300,48017,50,60
3301,48017,50,54
3302,48017,50,54
3303,48017,50,50
3304,48017,50,54
3305,48017,50,54
3306,48017,50,50
3307,48017,50,50
3308,48017,50,54
3309,48017,50,54
3310,48017,50,50
3311,48017,50,54
3312,48017,50,54
3313,48017,50,54
3314,48017,50,50
3315,48017,50,54
3316,48017,50,60
3317,48017,50,60
3318,48017,50,60
3319,48017,50,50
3320,48017,50,50
3321,48017,50,60
3322,48017,50,50
3323,48017,50,60
3324,48017,50,60
3325,48017,50,60
3326,48017,50,60
3327,48017,50,50
3328,48017,50,50
3329,48017,50,54
3330,48017,50,50
3331,48017,50,50
3332,48017,50,54
3333,48017,50,54
3334,48017,50,60
3335,48017,50,50
3336,48017,50,50
3337,48017,50,54
3338,48017,50,60
3339,48017,50,54
3340,48017,50,54
3341,48017,50,50
3342,48017,50,60
3343,48017,50,60
3344,48017,50,60
3345,48017,50,54
3346,48017,50,54
3347,48017,50,50
3348,48017,50,60
3349,48017,50,50
3350,48017,50,54
3351,48017,50,60
3352,48017,50,60
3353,48017,50,50
3354,48017,50,60
3355,48017,50,50
3356,48017,50,54
3357,48017,50,50
3358,48017,50,54
3359,48017,50,54
3360,48017,50,54
3361,48017,50,54
3362,48017,50,54
3363,48017,50,54
3364,48017,50,50
3365,48017,50,54
3366,48017,50,60
3367,48017,50,60
3368,48017,50,60
3369,48017,50,60
3370,48017,50,60
3371,48017,50,54
3372,48017,50,50
3373,48017,50,54
3374,48017,50,54
3375,48017,50,60
3376,48017,50,54
3377,48017,50,50
3378,48017,50,54
3379,48017,50,50
3380,48017,50,54
3381,48017,50,50
3382,48017,50,60
3383,48017,50,54
3384,48017,50,54
3385,48017,50,60
3386,48017,50,60
3387,48017,50,60
3388,48017,50,54
3389,48017,50,54
3390,48017,50,60
3391,48017,50,50
3392,48017,50,54
3393,48017,50,54
3394,48017,50,54
3395,48017,50,60
3396,48017,50,60
3397,48017,50,54
3398,48017,50,50
3399,48017,50,54
3400,48017,50,60
3401,48017,50,60
3402,48017,50,54
3403,48017,50,50
3404,48017,50,60
3405,48017,50,50
3406,48017,50,50
3407,48017,50,50
3408,48017,50,54
3409,48017,50,50
3410,48017,50,50
3411,48017,50,50
3412,48017,50,54
3413,48017,50,50
3414,48017,50,54
3415,48017,50,50
3416,48017,50,60
3417,48017,50,54
3418,48017,50,54
3419,48017,50,50
3420,48017,50,60
3421,48017,50,60
3422,48017,50,54
3423,48017,50,50
3424,48017,50,50
3425,48017,50,54
3426,48017,50,50
3427,48017,50,54
3428,48017,50,60
3429,48017,50,50
3430,48017,50,60
3431,48017,50,60
3432,48017,50,50
3433,48017,50,50
3434,48017,50,50
3435,48017,50,54
3436,48017,50,50
3437,48017,50,54
3438,48017,50,54
3439,48017,50,50
3440,48017,50,50
3441,48017,50,60
3442,48017,50,60
3443,48017,50,60
3444,48017,50,60
3445,48017,50,50
3446,48017,50,50
3447,48017,50,60
3448,48017,50,50
3449,48017,50,60
3450,48017,50,50
3451,48017,50,50
3452,48017,50,54
3453,48017,50,60
3454,48017,50,54
3455,48017,50,60
3456,48017,50,60
3457,48017,50,50
3458,48017,50,50
3459,48017,50,50
3460,48017,50,54
3461,48017,50,50
3462,48017,50,60
3463,48017,50,50
3464,48017,50,60
3465,48017,50,60
3466,48017,50,54
3467,48017,50,60
3468,48017,50,54
3469,48017,50,50
3470,48017,50,54
3471,48017,50,54
3472,48017,50,54
3473,48017,50,54
3474,48017,50,60
3475,48017,50,60
3476,48017,50,60
3477,48017,50,54
3478,48017,50,60
3479,48017,50,60
3480,48017,50,50
3481,48017,50,54
3482,48017,50,60
3483,48017,50,60
3484,48017,50,60
3485,48017,50,60
3486,48017,50,50
3487,48017,50,50
3488,48017,50,60
3489,48017,50,54
3490,48017,50,60
3491,48017,50,54
3492,48017,50,50
3493,48017,50,54
3494,48017,50,60
3495,48017,50,54
3496,48017,50,54
3497,48017,50,60
3498,48017,50,50
3499,48017,50,60
3500,48017,50,60
3501,48017,50,54
3502,48017,50,54
3503,48017,50,54
3504,48017,50,50
3505,48017,50,54
3506,48017,50,50
3507,48017,50,60
3508,48017,50,54
3509,48017,50,54
3510,48017,50,54
3511,48017,50,60
3512,48017,50,60
3513,48017,50,60
3514,48017,50,60
3515,48017,50,50
3516,48017,50,60
3517,48017,50,50
3518,48017,50,50
3519,48017,50,60
3520,48017,50,60
3521,48017,50,50
3522,48017,50,50
3523,48017,50,54
3524,48017,50,50
3525,48017,50,50
3526,48017,50,54
3527,48017,50,50
3528,48017,50,60
3529,48017,50,54
3530,48017,50,50
3531,48017,50,54
3532,48017,50,50
3533,48017,50,60
3534,48017,50,54
3535,48017,50,60
3536,48017,50,60
3537,48017,50,50
3538,48017,50,60
3539,48017,50,60
3540,48017,50,54
3541,48017,50,50
3542,48017,50,54
3543,48017,50,50
3544,48017,50,60
3545,48017,50,50
3546,48017,50,60
3547,48017,50,50
3548,48017,50,54
3549,48017,50,50
3550,48017,50,54
3551,48017,50,54
3552,48017,50,50
3553,48017,50,50
3554,48017,50,54
3555,48017,50,60
3556,48017,50,60
3557,48017,50,54
3558,48017,50,60
3559,48017,50,54
3560,48017,50,50
3561,48017,50,60
3562,48017,50,50
3563,48017,50,50
3564,48017,50,60
3565,48017,50,50
3566,48017,50,60
3567,48017,50,50
3568,48017,50,60
3569,48017,50,54
3570,48017,50,54
3571,48017,50,50
3572,48017,50,54
3573,48017,50,50
3574,48017,50,50
3575,48017,50,50
3576,48017,50,54
3577,48017,50,50
3578,48017,50,54
3579,48017,50,54
3580,48017,50,54
3581,48017,50,60
3582,48017,50,60
3583,48017,50,54
3584,48017,50,60
3585,48017,50,54
3586,48017,50,50
3587,48017,50,54
3588,48017,50,60
3589,48017,50,60
3590,48017,50,50
3591,48017,50,50
3592,48017,50,60
3593,48017,50,60
3594,48017,50,50
3595,48017,50,60
3596,48017,50,54
3597,48017,50,54
3598,48017,50,54
3599,48017,50,60
3600,48017,50,60
3601,48017,50,54
3602,48017,50,60
3603,48017,50,60
3604,48017,50,60
3605,48017,50,60
3606,48018,50,61
3607,48018,50,61
3608,48018,50,61
3609,48018,50,61
3610,48019,50,64
3611,48019,50,64
3612,48019,50,64
3613,48019,50,64
3614,48019,50,64
3615,48019,50,64
3616,48019,50,64
3617,48019,50,64
3618,48019,50,64
3619,48019,50,64
3620,48019,50,64
3621,48019,50,64
3622,48019,50,64
3623,48020,50,55
3624,48020,50,55
3625,48020,50,55
3626,48020,50,55
3627,48020,50,55
3628,48020,50,55
3629,48021,50,70
3630,48021,50,70
3631,48021,50,70
3632,48021,50,70
3633,48021,50,70
3634,48021,50,70
3635,48021,50,70
3636,48021,50,70
3637,48022,50,57
3638,48022,50,57
3639,48022,50,57
3640,48022,50,57
3641,48022,50,57
3642,48022,50,57
3643,48022,50,57
3644,48022,50,57
3645,48022,50,57
3646,48022,50,57
3647,48022,50,57
3648,48022,50,57
3649,48022,50,57
3650,48022,50,57
3651,48022,50,57
3652,48022,50,57
3653,48022,50,57
3654,48022,50,57
3655,48022,50,57
3656,48022,50,57
3657,48022,50,57
3658,48022,50,57
3659,48022,50,57
3660,48022,50,57
3661,48022,50,57
3662,48024,50,54
3663,48024,50,54
3664,48024,50,54
3665,48024,50,60
3666,48024,50,50
3667,48024,50,54
3668,48024,50,50
3669,48024,50,54
3670,48024,50,54
3671,48024,50,60
3672,48024,50,60
3673,48024,50,60
3674,48024,50,54
3675,48024,50,54
3676,48024,50,50
3677,48024,50,50
3678,48024,50,60
3679,48024,50,60
3680,48024,50,50
3681,48024,50,54
3682,48024,50,54
3683,48024,50,54
3684,48024,50,54
3685,48024,50,54
3686,48024,50,54
3687,48024,50,54
3688,48024,50,60
3689,48024,50,54
3690,48024,50,50
3691,48024,50,60
3692,48024,50,54
3693,48024,50,54
3694,48024,50,54
3695,48024,50,50
3696,48024,50,60
3697,48024,50,54
3698,48024,50,60
3699,48024,50,60
3700,48024,50,54
3701,48025,50,57
3702,48025,50,57
3703,48027,50,64
3704,48027,50,64
3705,48028,50,64
3706,48028,50,64
3707,48028,50,64
3708,48028,50,64
3709,48028,50,64
3710,48028,50,64
3711,48028,50,64
3712,48028,50,64
3713,48028,50,64
3714,48028,50,64
3715,48028,50,64
3716,48028,50,64
3717,48028,50,64
3718,48028,50,64
3719,48028,50,64
3720,48028,50,64
3721,48028,50,64
3722,48028,50,64
3723,48028,50,64
3724,48028,50,64
3725,48028,50,64
3726,48028,50,64
3727,48028,50,64
3728,48028,50,64
3729,48030,50,64
3730,48030,50,64
3731,48030,50,64
3732,48030,50,64
3733,48030,50,64
3734,48030,50,64
3735,48030,50,64
3736,48030,50,64
3737,48030,50,64
3738,48030,50,64
3739,48030,50,64
3740,48030,50,64
3741,48030,50,64
3742,48030,50,64
3743,48030,50,64
3744,48030,50,64
3745,48030,50,64
3746,48032,50,70
3747,48032,50,70
3748,48032,50,70
3749,48032,50,70
3750,48032,50,70
3751,48032,50,70
3752,48032,50,70
3753,48032,50,70
3754,48032,50,70
3755,48032,50,70
3756,48032,50,70
3757,48032,50,70
3758,48033,50,57
3759,48033,50,57
3760,48033,50,57
3761,48033,50,57
3762,48033,50,57
3763,48033,50,57
3764,48033,50,57
3765,48033,50,57
3766,48033,50,57
3767,48033,50,57
3768,48033,50,57
3769,48033,50,57
3770,48033,50,57
3771,48033,50,57
3772,48033,50,57
3773,48033,50,57
3774,48033,50,57
3775,48033,50,57
3776,48033,50,57
3777,48033,50,57
3778,48033,50,57
3779,48033,50,57
3780,48033,50,57
3781,48033,50,57
3782,48033,50,57
3783,48033,50,57
3784,48033,50,57
3785,48033,50,57
3786,48033,50,57
3787,48033,50,57
3788,48033,50,57
3789,48033,50,57
3790,48033,50,57
3791,48033,50,57
3792,48033,50,57
3793,48033,50,57
3794,48033,50,57
3795,48035,50,70
3796,48035,50,70
3797,48035,50,70
3798,48035,50,70
3799,48035,50,70
3800,48035,50,70
3801,48035,50,70
3802,48035,50,70
3803,48035,50,70
3804,48035,50,70
3805,48035,50,70
3806,48035,50,70
3807,48035,50,70
3808,48035,50,70
3809,48035,50,70
3810,48035,50,70
3811,48035,50,70
3812,48035,50,70
3813,48035,50,70
3814,48035,50,70
3815,48036,50,70
3816,48036,50,70
3817,48036,50,70
3818,48036,50,70
3819,48036,50,70
3820,48036,50,70
3821,48036,50,70
3822,48036,50,70
3823,48036,50,70
3824,48036,50,70
3825,48037,50,57
3826,48037,50,57
3827,48037,50,57
3828,48037,50,57
3829,48037,50,57
3830,48037,50,57
3831,48037,50,57
3832,48037,50,57
3833,48037,50,57
3834,48037,50,57
3835,48037,50,57
3836,48037,50,57
3837,48037,50,57
3838,48037,50,57
3839,48037,50,57
3840,48037,50,57
3841,48037,50,57
3842,48037,50,57
3843,48038,50,57
3844,48038,50,57
3845,48038,50,57
3846,48038,50,57
3847,48038,50,57
3848,48038,50,57
3849,48038,50,57
3850,48038,50,57
3851,48038,50,57
3852,48038,50,57
3853,48038,50,57
3854,48038,50,57
3855,48038,50,57
3856,48038,50,57
3857,48038,50,57
3858,48038,50,57
3859,48038,50,57
3860,48038,50,57
3861,48038,50,57
3862,48038,50,57
3863,48038,50,57
3864,48038,50,57
3865,48038,50,57
3866,48038,50,57
3867,48038,50,57
3868,48041,50,60
3869,48041,50,54
3870,48041,50,54
3871,48041,50,50
3872,48041,50,50
3873,48041,50,50
3874,48041,50,60
3875,48041,50,60
3876,48041,50,50
3877,48041,50,54
3878,48041,50,50
3879,48041,50,60
3880,48041,50,50
3881,48041,50,54
3882,48041,50,54
3883,48041,50,50
3884,48041,50,54
3885,48041,50,54
3886,48041,50,50
3887,48041,50,60
3888,48041,50,60
3889,48041,50,54
3890,48041,50,50
3891,48041,50,60
3892,48041,50,60
3893,48041,50,54
3894,48041,50,54
3895,48041,50,54
3896,48041,50,50
3897,48041,50,50
3898,48041,50,60
3899,48041,50,50
3900,48041,50,50
3901,48041,50,60
3902,48041,50,60
3903,48041,50,54
3904,48041,50,50
3905,48041,50,50
3906,48041,50,50
3907,48041,50,54
3908,48041,50,54
3909,48041,50,54
3910,48041,50,50
3911,48041,50,60
3912,48041,50,50
3913,48041,50,50
3914,48041,50,54
3915,48041,50,60
3916,48041,50,50
3917,48041,50,60
3918,48041,50,54
3919,48041,50,54
3920,48041,50,54
3921,48041,50,54
3922,48041,50,50
3923,48041,50,60
3924,48041,50,60
3925,48041,50,50
3926,48041,50,60
3927,48041,50,54
3928,48041,50,50
3929,48041,50,54
3930,48041,50,60
3931,48043,50,50
3932,48043,50,50
3933,48043,50,54
3934,48043,50,61
3935,48043,50,50
3936,48043,50,54
3937,48043,50,61
3938,48043,50,60
3939,48043,50,54
3940,48043,50,54
3941,48043,50,50
3942,48043,50,50
3943,48043,50,61
3944,48043,50,50
3945,48043,50,61
3946,48043,50,60
3947,48043,50,50
3948,48043,50,54
3949,48043,50,61
3950,48043,50,60
3951,48043,50,60
3952,48043,50,54
3953,48043,50,61
3954,48043,50,54
3955,48043,50,54
3956,48043,50,60
3957,48043,50,54
3958,48043,50,60
3959,48043,50,50
3960,48043,50,54
3961,48043,50,54
3962,48043,50,61
3963,48043,50,60
3964,48043,50,50
3965,48043,50,60
3966,48043,50,60
3967,48043,50,50
3968,48043,50,50
3969,48043,50,60
3970,48043,50,54
3971,48043,50,50
3972,48043,50,60
3973,48043,50,54
3974,48043,50,54
3975,48043,50,54
3976,48043,50,54
3977,48043,50,54
3978,48043,50,50
3979,48043,50,50
3980,48043,50,54
3981,48043,50,50
3982,48043,50,54
3983,48043,50,60
3984,48043,50,60
3985,48043,50,61
3986,48043,50,50
3987,48043,50,54
3988,48043,50,50
3989,48043,50,60
3990,48043,50,60
3991,48043,50,54
3992,48043,50,61
3993,48043,50,60
3994,48043,50,61
3995,48043,50,61
3996,48043,50,50
3997,48043,50,50
3998,48043,50,60
3999,48043,50,50
4000,48043,50,61
4001,48043,50,50
4002,48043,50,54
4003,48043,50,61
4004,48043,50,54
4005,48043,50,50
4006,48043,50,54
4007,48043,50,54
4008,48043,50,61
4009,48043,50,54
4010,48043,50,61
4011,48043,50,60
4012,48043,50,54
4013,48043,50,50
4014,48043,50,54
4015,48043,50,60
4016,48043,50,60
4017,48043,50,50
4018,48043,50,60
4019,48043,50,60
4020,48043,50,61
4021,48043,50,61
4022,48043,50,60
4023,48043,50,60
4024,48043,50,50
4025,48043,50,54
4026,48043,50,61
4027,48043,50,54
4028,48043,50,60
4029,48043,50,50
4030,48043,50,61
4031,48043,50,54
4032,48043,50,61
4033,48043,50,50
4034,48043,50,54
4035,48043,50,54
4036,48043,50,60
4037,48043,50,60
4038,48043,50,60
4039,48043,50,60
4040,48043,50,60
4041,48043,50,60
4042,48043,50,50
4043,48043,50,50
4044,48043,50,50
4045,48043,50,60
4046,48043,50,50
4047,48043,50,50
4048,48043,50,61
4049,48043,50,61
4050,48043,50,61
4051,48043,50,54
4052,48043,50,60
4053,48043,50,50
4054,48043,50,60
4055,48043,50,54
4056,48043,50,50
4057,48043,50,61
4058,48043,50,60
4059,48043,50,50
4060,48043,50,61
4061,48043,50,50
4062,48043,50,61
4063,48043,50,50
4064,48043,50,60
4065,48043,50,54
4066,48043,50,54
4067,48043,50,61
4068,48043,50,54
4069,48043,50,60
4070,48043,50,50
4071,48043,50,50
4072,48043,50,60
4073,48043,50,50
4074,48043,50,61
4075,48043,50,61
4076,48043,50,61
4077,48043,50,60
4078,48043,50,61
4079,48043,50,50
4080,48043,50,61
4081,48043,50,50
4082,48043,50,60
4083,48043,50,61
4084,48043,50,61
4085,48043,50,61
4086,48043,50,60
4087,48043,50,50
4088,48043,50,60
4089,48043,50,60
4090,48043,50,60
4091,48043,50,61
4092,48043,50,54
4093,48043,50,54
4094,48043,50,50
4095,48043,50,61
4096,48043,50,54
4097,48043,50,54
4098,48043,50,54
4099,48043,50,60
4100,48043,50,50
4101,48043,50,60
4102,48043,50,60
4103,48043,50,50
4104,48043,50,54
4105,48043,50,61
4106,48043,50,54
4107,48043,50,60
4108,48043,50,54
4109,48043,50,60
4110,48043,50,60
4111,48043,50,54
4112,48043,50,60
4113,48043,50,54
4114,48043,50,54
4115,48043,50,60
4116,48043,50,54
4117,48043,50,61
4118,48043,50,50
4119,48043,50,60
4120,48043,50,50
4121,48043,50,61
4122,48043,50,61
4123,48043,50,61
4124,48043,50,61
4125,48043,50,61
4126,48043,50,61
4127,48043,50,60
4128,48043,50,60
4129,48043,50,61
4130,48043,50,50
4131,48043,50,50
4132,48043,50,54
4133,48043,50,60
4134,48043,50,50
4135,48043,50,61
4136,48043,50,61
4137,48043,50,61
4138,48043,50,60
4139,48043,50,54
4140,48043,50,54
4141,48043,50,54
4142,48043,50,60
4143,48043,50,61
4144,48043,50,60
4145,48043,50,60
4146,48043,50,50
4147,48043,50,54
4148,48043,50,60
4149,48043,50,60
4150,48043,50,50
4151,48043,50,60
4152,48043,50,50
4153,48043,50,54
4154,48043,50,61
4155,48043,50,61
4156,48043,50,60
4157,48043,50,50
4158,48043,50,61
4159,48043,50,50
4160,48043,50,61
4161,48043,50,54
4162,48043,50,61
4163,48043,50,54
4164,48043,50,60
4165,48043,50,50
4166,48043,50,60
4167,48043,50,60
4168,48043,50,54
4169,48043,50,61
4170,48043,50,54
4171,48043,50,54
4172,48043,50,54
4173,48043,50,54
4174,48043,50,60
4175,48043,50,60
4176,48043,50,61
4177,48043,50,60
4178,48043,50,50
4179,48043,50,60
4180,48043,50,60
4181,48043,50,50
4182,48043,50,61
4183,48043,50,50
4184,48043,50,60
4185,48043,50,54
4186,48043,50,61
4187,48043,50,50
4188,48044,50,50
4189,48044,50,54
4190,48044,50,50
4191,48044,50,60
4192,48044,50,54
4193,48044,50,60
4194,48044,50,50
4195,48044,50,60
4196,48044,50,60
4197,48044,50,60
4198,48044,50,54
4199,48044,50,54
4200,48044,50,60
4201,48044,50,60
4202,48044,50,50
4203,48044,50,60
4204,48044,50,50
4205,48044,50,50
4206,48044,50,50
4207,48044,50,54
4208,48044,50,50
4209,48044,50,50
4210,48044,50,50
4211,48044,50,54
4212,48044,50,54
4213,48044,50,54
4214,48044,50,60
4215,48044,50,50
4216,48044,50,60
4217,48044,50,50
4218,48044,50,50
4219,48044,50,54
4220,48044,50,60
4221,48044,50,50
4222,48044,50,50
4223,48044,50,54
4224,48044,50,60
4225,48044,50,54
4226,48044,50,54
4227,48044,50,60
4228,48044,50,54
4229,48044,50,54
4230,48044,50,54
4231,48044,50,54
4232,48044,50,54
4233,48044,50,60
4234,48044,50,60
4235,48044,50,54
4236,48044,50,50
4237,48044,50,50
4238,48044,50,60
4239,48044,50,50
4240,48044,50,60
4241,48044,50,60
4242,48044,50,60
4243,48044,50,54
4244,48044,50,50
4245,48044,50,60
4246,48044,50,54
4247,48044,50,54
4248,48044,50,54
4249,48046,50,54
4250,48046,50,54
4251,48046,50,54
4252,48046,50,50
4253,48046,50,50
4254,48046,50,54
4255,48046,50,50
4256,48046,50,50
4257,48046,50,50
4258,48046,50,50
4259,48046,50,54
4260,48046,50,50
4261,48046,50,54
4262,48046,50,54
4263,48046,50,60
4264,48046,50,60
4265,48046,50,60
4266,48046,50,50
4267,48046,50,54
4268,48049,50,70
4269,48049,50,70
4270,48049,50,70
4271,48049,50,70
4272,48049,50,70
4273,48049,50,70
4274,48050,50,64
4275,48050,50,64
4276,48050,50,64
4277,48050,50,64
4278,48050,50,64
4279,48050,50,64
4280,48050,50,64
4281,48050,50,64
4282,48050,50,64
4283,48050,50,64
4284,48050,50,64
4285,48050,50,64
4286,48050,50,64
4287,48050,50,64
4288,48050,50,64
4289,48050,50,64
4290,48050,50,64
4291,48052,50,70
4292,48052,50,70
4293,48052,50,70
4294,48052,50,70
4295,48052,50,70
4296,48052,50,70
4297,48052,50,70
4298,48052,50,70
4299,48052,50,70
4300,48052,50,70
4301,48052,50,70
4302,48052,50,70
4303,48052,50,70
4304,48052,50,70
4305,48052,50,70
4306,48052,50,70
4307,48052,50,70
4308,48052,50,70
4309,48052,50,70
4310,48052,50,70
4311,48052,50,70
4312,48052,50,70
4313,48052,50,70
4314,48052,50,70
4315,48052,50,70
4316,48052,50,70
4317,48052,50,70
4318,48052,50,70
4319,48052,50,70
4320,48052,50,70
4321,48052,50,70
4322,48052,50,70
4323,48052,50,70
4324,48052,50,70
4325,48052,50,70
4326,48052,50,70
4327,48052,50,70
4328,48052,50,70
4329,48052,50,70
4330,48053,50,54
4331,48053,50,60
4332,48053,50,54
4333,48053,50,54
4334,48053,50,50
4335,48053,50,60
4336,48053,50,54
4337,48053,50,54
4338,48053,50,54
4339,48053,50,50
4340,48054,50,55
4341,48054,50,55
4342,48054,50,55
4343,48054,50,55
4344,48054,50,55
4345,48054,50,55
4346,48054,50,55
4347,48054,50,55
4348,48054,50,55
4349,48054,50,55
4350,48054,50,55
4351,48054,50,55
4352,48054,50,55
4353,48054,50,55
4354,53004,50,53
4355,53006,50,53
4356,53007,50,53
4357,53009,50,53
4358,53011,50,53
4359,53011,50,53
4360,53011,50,53
4361,53011,50,53
4362,53011,50,53
4363,53011,50,53
4364,53016,50,53
4365,53022,50,53
4366,49007,50,62
4367,49007,50,59
4368,49007,50,62
4369,49009,50,62
4370,49009,50,62
4371,49009,50,59
4372,49009,50,59
4373,49009,50,62
4374,49009,50,59
4375,49009,50,59
4376,49009,50,62
4377,49009,50,59
4378,49009,50,62
4379,49009,50,62
4380,49012,50,68
4381,49012,50,68
4382,49014,50,68
4383,49014,50,68
4384,49014,50,68
4385,49017,50,62
4386,49017,50,62
4387,49017,50,59
4388,49020,50,53
4389,49021,50,68
4390,46001,50,69
4391,46003,50,71
4392,46004,50,71
4393,46005,50,66
4394,46005,50,66
4395,46006,50,71
4396,46007,50,69
4397,46007,50,69
4398,46007,50,69
4399,46017,50,69
4400,46017,50,69
4401,46017,50,69
4402,46017,50,69
4403,46017,50,69
4404,46017,50,69
4405,46020,50,71
4406,46033,50,66
4407,46033,50,66
4408,46033,50,66
4409,45003,50,56
4410,45003,50,56
4411,45003,50,56
4412,45003,50,56
4413,45004,50,56
4414,50004,50,65
4415,50004,50,65
4416,50008,50,65
4417,50009,50,65
4418,50009,50,65
4419,50009,50,65
4420,50022,50,65
4421,50024,50,65
4422,50024,50,65
4423,50025,50,65
4424,50025,50,65
4425,50026,50,67
4426,50026,50,58
4427,50026,50,58
4428,50026,50,58
4429,50026,50,58
4430,50026,50,58
4431,50029,50,65
4432,50032,50,64
4433,50032,50,64
4434,50032,50,64
4435,50032,50,64
4436,50032,50,64
4437,50032,50,64
4438,50032,50,64
4439,50032,50,64
4440,50032,50,64
4441,50032,50,64
4442,50032,50,64
4443,50032,50,64
4444,50032,50,64
4445,50032,50,64
4446,50032,50,64
4447,50033,50,65
4448,50033,50,65
4449,50033,50,65
4450,50033,50,65
4451,50033,50,65
4452,50035,50,65
4453,50035,50,65
4454,50037,50,67
4455,50040,50,65
4456,100001,50,61
4457,100002,50,61
4458,100002,50,61
4459,100002,50,61
4460,100002,50,61
4461,100002,50,61
4462,100002,50,61
4463,100002,50,61
4464,100002,50,61
4465,100002,50,61
4466,100002,50,61
4467,100002,50,61
4468,100002,50,61
4469,100002,50,61
4470,100003,50,63
4471,100003,50,63
4472,100003,50,63
4473,100003,50,63
4474,100003,50,63
4475,100003,50,63
4476,100003,50,63
4477,100004,50,61
4478,100004,50,61
4479,100004,50,61
4480,100004,50,61
4481,100004,50,61
4482,100004,50,61
4483,100004,50,61
4484,100004,50,61
4485,100004,50,61
4486,100004,50,61
4487,100004,50,61
4488,100004,50,61
4489,100004,50,61
4490,100005,50,61
4491,100005,50,61
4492,100005,50,61
4493,100005,50,61
4494,100005,50,61
4495,100005,50,61
4496,100005,50,61
4497,100005,50,61
4498,100005,50,61
4499,100005,50,61
4500,100005,50,61
4501,100005,50,61
4502,100005,50,61
4503,100005,50,61
4504,100005,50,61
4505,100005,50,61
4506,100005,50,61
4507,100005,50,61
4508,100005,50,61
4509,100005,50,61
4510,100005,50,61
4511,100005,50,61
4512,100005,50,61
4513,100005,50,61
4514,100005,50,61
4515,100005,50,61
4516,100005,50,61
4517,100005,50,61
4518,100005,50,61
4519,100005,50,61
4520,100005,50,61
4521,100005,50,61
4522,100005,50,61
4523,100005,50,61
4524,100005,50,61
4525,100005,50,61
4526,100005,50,61
4527,100005,50,61
4528,100005,50,61
4529,100005,50,61
4530,100005,50,61
4531,100005,50,61
4532,100005,50,61
4533,100005,50,61
4534,100005,50,61
4535,100005,50,61
4536,100005,50,61
4537,100005,50,61
4538,100005,50,61
4539,100005,50,61
4540,100005,50,61
4541,100005,50,61
4542,100005,50,61
4543,100005,50,61
4544,100005,50,61
4545,100005,50,61
4546,100005,50,61
4547,100005,50,61
4548,100005,50,61
4549,100005,50,61
4550,100005,50,61
4551,100005,50,61
4552,100005,50,61
4553,100005,50,61
4554,100005,50,61
4555,100005,50,61
4556,100005,50,61
4557,100005,50,61
4558,100005,50,61
4559,100005,50,61
4560,100006,50,61
4561,100006,50,61
4562,100006,50,61
4563,100006,50,61
4564,100007,50,61
4565,47002,50,61
4566,47002,50,61
4567,47002,50,61
4568,47002,50,61
4569,47002,50,61
4570,47002,50,61
4571,47003,50,69
4572,47003,50,69
4573,47005,50,64
4574,47005,50,64
4575,47005,50,64
4576,47005,50,64
4577,47006,50,64
4578,47009,50,63
4579,47009,50,63
4580,47009,50,63
4581,47009,50,63
4582,47009,50,63
4583,47009,50,63
4584,47009,50,63
4585,47009,50,63
4586,47009,50,63
4587,47009,50,63
4588,47010,50,63
4589,47010,50,63
4590,47010,50,63
4591,47010,50,63
4592,47010,50,63
4593,47010,50,63
4594,47010,50,63
4595,47011,50,63
4596,47011,50,63
4597,47011,50,63
4598,47011,50,63
4599,47011,50,63
4600,47011,50,63
4601,47011,50,63
4602,47011,50,63
4603,47011,50,63
4604,47011,50,63
4605,47011,50,63
4606,47011,50,63
4607,47011,50,63
4608,47011,50,63
4609,47011,50,63
4610,47012,50,69
4611,47012,50,69
4612,47012,50,69
4613,47012,50,69
4614,47012,50,69
4615,47013,50,63
4616,47013,50,63
4617,47014,50,63
4618,47014,50,63
4619,47014,50,63
4620,47014,50,63
4621,47014,50,63
4622,47014,50,63
4623,47014,50,63
4624,47014,50,63
4625,47014,50,63
4626,47014,50,63
4627,47014,50,63
4628,47014,50,63
4629,47014,50,63
4630,47014,50,63
4631,47014,50,63
4632,47014,50,63
4633,47014,50,63
4634,47014,50,63
4635,47014,50,63
4636,47014,50,63
4637,47014,50,63
4638,47014,50,63
4639,47014,50,63
4640,47016,50,69
4641,47016,50,69
4642,47016,50,69
4643,47017,50,61
4644,47017,50,63
4645,47017,50,61
4646,47017,50,61
4647,47017,50,63
4648,47017,50,63
4649,47017,50,63
4650,47017,50,63
4651,47017,50,61
4652,47017,50,63
4653,47017,50,63
4654,47017,50,63
4655,47017,50,61
4656,47017,50,63
4657,47017,50,63
4658,47020,50,63
4659,47020,50,63
4660,47020,50,63
4661,47020,50,63
4662,47020,50,63
4663,47021,50,69
4664,47021,50,69
4665,47021,50,69
4666,47021,50,69
4667,47021,50,69
4668,47022,50,69
4669,47022,50,69
4670,47022,50,69
4671,47022,50,69
4672,47023,50,63
4673,52001,50,51
4674,52004,50,55
4675,52004,50,55
4676,52009,50,48
4677,52011,50,48
4678,52012,50,55
4679,52016,50,55
4680,52017,50,52
4681,52022,50,55
4682,52022,50,55
4683,52022,50,55
4684,52022,50,55
4685,52022,50,55
4686,52022,50,55
4687,52022,50,55
4688,52022,50,55
4689,52022,50,55
4690,52022,50,55
4691,52022,50,55
4692,52022,50,55
4693,52023,50,49
4694,52026,50,52
4695,52028,50,55
4696,52028,50,55
4697,52031,50,48
4698,52032,50,52
4699,52032,50,52
4700,52032,50,52
4701,52033,50,48
4702,52034,50,51
4703,52035,50,48
4704,52037,50,51
4705,51002,51,48
4706,51002,51,48
4707,51002,51,48
4708,51002,51,48
4709,51005,51,49
4710,51005,51,49
4711,51005,51,49
4712,51005,51,49
4713,51005,51,49
4714,51005,51,49
4715,51016,51,48
4716,51017,51,48
4717,51017,51,48
4718,51017,51,48
4719,51017,51,48
4720,51017,51,48
4721,51017,51,48
4722,51018,51,48
4723,51018,51,48
4724,51021,51,48
4725,51021,51,48
4726,51022,51,48
4727,51026,51,49
4728,51026,51,49
4729,51027,51,48
4730,51034,51,48
4731,48010,51,64
4732,48010,51,64
4733,48010,51,64
4734,48010,51,64
4735,48010,51,64
4736,48010,51,64
4737,48012,51,55
4738,48012,51,55
4739,48012,51,55
4740,48012,51,55
4741,48012,51,55
4742,48012,51,55
4743,48012,51,55
4744,48012,51,55
4745,48012,51,55
4746,48012,51,55
4747,48012,51,55
4748,48012,51,55
4749,48012,51,55
4750,48012,51,55
4751,48020,51,55
4752,48020,51,55
4753,48038,51,57
4754,48054,51,55
4755,48054,51,55
4756,48054,51,55
4757,53001,51,53
4758,53005,51,53
4759,53006,51,53
4760,53006,51,53
4761,53008,51,53
4762,53008,51,53
4763,53008,51,53
4764,53009,51,53
4765,53009,51,53
4766,53009,51,53
4767,53010,51,53
4768,53010,51,53
4769,53010,51,53
4770,53011,51,53
4771,53011,51,53
4772,53011,51,53
4773,53011,51,53
4774,53011,51,53
4775,53011,51,53
4776,53011,51,53
4777,53011,51,53
4778,53011,51,53
4779,53014,51,53
4780,53015,51,53
4781,53015,51,53
4782,53016,51,53
4783,53016,51,53
4784,53018,51,53
4785,53018,51,53
4786,53018,51,53
4787,53021,51,53
4788,53021,51,53
4789,53026,51,53
4790,49009,51,62
4791,49014,51,68
4792,46001,51,69
4793,50011,51,55
4794,50026,51,67
4795,50032,51,64
4796,50032,51,64
4797,50039,51,55
4798,50039,51,55
4799,50039,51,55
4800,50039,51,55
4801,50039,51,55
4802,50039,51,55
4803,50039,51,55
4804,50039,51,55
4805,50039,51,55
4806,47006,51,64
4807,52001,51,51
4808,52001,51,51
4809,52001,51,52
4810,52001,51,52
4811,52001,51,52
4812,52001,51,51
4813,52001,51,51
4814,52002,51,51
4815,52002,51,52
4816,52002,51,51
4817,52002,51,51
4818,52002,51,52
4819,52002,51,52
4820,52002,51,52
4821,52002,51,51
4822,52002,51,51
4823,52002,51,51
4824,52002,51,51
4825,52002,51,52
4826,52002,51,52
4827,52002,51,51
4828,52002,51,51
4829,52002,51,52
4830,52002,51,51
4831,52002,51,52
4832,52002,51,51
4833,52002,51,51
4834,52002,51,52
4835,52002,51,52
4836,52002,51,52
4837,52002,51,51
4838,52002,51,52
4839,52002,51,52
4840,52002,51,52
4841,52002,51,52
4842,52002,51,52
4843,52002,51,51
4844,52002,51,52
4845,52002,51,52
4846,52002,51,51
4847,52002,51,51
4848,52003,51,52
4849,52003,51,51
4850,52003,51,52
4851,52003,51,52
4852,52003,51,51
4853,52003,51,52
4854,52003,51,52
4855,52003,51,51
4856,52003,51,51
4857,52003,51,52
4858,52003,51,52
4859,52003,51,52
4860,52003,51,52
4861,52003,51,52
4862,52003,51,51
4863,52003,51,52
4864,52003,51,51
4865,52004,51,55
4866,52004,51,55
4867,52004,51,55
4868,52004,51,55
4869,52004,51,55
4870,52004,51,55
4871,52004,51,55
4872,52005,51,55
4873,52005,51,55
4874,52005,51,55
4875,52005,51,55
4876,52005,51,55
4877,52005,51,55
4878,52005,51,55
4879,52005,51,55
4880,52005,51,55
4881,52005,51,55
4882,52005,51,55
4883,52005,51,55
4884,52005,51,55
4885,52006,51,51
4886,52006,51,51
4887,52006,51,51
4888,52006,51,52
4889,52006,51,51
4890,52006,51,51
4891,52006,51,51
4892,52006,51,51
4893,52006,51,51
4894,52006,51,51
4895,52006,51,52
4896,52006,51,51
4897,52006,51,52
4898,52006,51,51
4899,52006,51,52
4900,52006,51,51
4901,52006,51,52
4902,52006,51,52
4903,52006,51,51
4904,52006,51,51
4905,52006,51,52
4906,52006,51,52
4907,52006,51,52
4908,52006,51,52
4909,52006,51,52
4910,52006,51,51
4911,52006,51,52
4912,52006,51,51
4913,52006,51,51
4914,52006,51,52
4915,52006,51,52
4916,52006,51,52
4917,52006,51,51
4918,52006,51,51
4919,52006,51,51
4920,52006,51,52
4921,52006,51,52
4922,52006,51,52
4923,52006,51,51
4924,52006,51,52
4925,52006,51,52
4926,52006,51,52
4927,52006,51,52
4928,52007,51,51
4929,52008,51,48
4930,52009,51,48
4931,52009,51,48
4932,52010,51,52
4933,52010,51,51
4934,52010,51,52
4935,52010,51,52
4936,52010,51,52
4937,52010,51,52
4938,52010,51,52
4939,52010,51,51
4940,52011,51,48
4941,52011,51,48
4942,52011,51,48
4943,52011,51,48
4944,52011,51,48
4945,52012,51,55
4946,52012,51,55
4947,52012,51,55
4948,52012,51,55
4949,52012,51,55
4950,52012,51,55
4951,52012,51,55
4952,52012,51,55
4953,52012,51,55
4954,52012,51,55
4955,52012,51,55
4956,52012,51,55
4957,52012,51,55
4958,52012,51,55
4959,52012,51,55
4960,52012,51,55
4961,52012,51,55
4962,52012,51,55
4963,52012,51,55
4964,52012,51,55
4965,52012,51,55
4966,52012,51,55
4967,52012,51,55
4968,52012,51,55
4969,52012,51,55
4970,52012,51,55
4971,52013,51,49
4972,52013,51,49
4973,52013,51,49
4974,52013,51,49
4975,52013,51,49
4976,52013,51,49
4977,52013,51,49
4978,52013,51,49
4979,52015,51,48
4980,52015,51,48
4981,52015,51,48
4982,52015,51,48
4983,52015,51,48
4984,52015,51,48
4985,52015,51,48
4986,52016,51,55
4987,52016,51,55
4988,52016,51,55
4989,52016,51,55
4990,52016,51,55
4991,52016,51,55
4992,52016,51,55
4993,52016,51,55
4994,52016,51,55
4995,52016,51,55
4996,52016,51,55
4997,52016,51,55
4998,52016,51,55
4999,52016,51,55
5000,52016,51,55
5001,52016,51,55
5002,52016,51,55
5003,52016,51,55
5004,52016,51,55
5005,52016,51,55
5006,52016,51,55
5007,52016,51,55
5008,52016,51,55
5009,52016,51,55
5010,52016,51,55
5011,52016,51,55
5012,52016,51,55
5013,52016,51,55
5014,52016,51,55
5015,52016,51,55
5016,52016,51,55
5017,52016,51,55
5018,52016,51,55
5019,52016,51,55
5020,52016,51,55
5021,52016,51,55
5022,52016,51,55
5023,52016,51,55
5024,52016,51,55
5025,52016,51,55
5026,52016,51,55
5027,52016,51,55
5028,52016,51,55
5029,52016,51,55
5030,52016,51,55
5031,52016,51,55
5032,52016,51,55
5033,52016,51,55
5034,52016,51,55
5035,52016,51,55
5036,52016,51,55
5037,52016,51,55
5038,52017,51,52
5039,52017,51,51
5040,52017,51,51
5041,52017,51,51
5042,52017,51,52
5043,52017,51,52
5044,52017,51,52
5045,52017,51,51
5046,52017,51,52
5047,52017,51,52
5048,52017,51,51
5049,52017,51,51
5050,52017,51,51
5051,52017,51,51
5052,52017,51,52
5053,52017,51,52
5054,52017,51,52
5055,52017,51,52
5056,52017,51,51
5057,52017,51,51
5058,52017,51,52
5059,52017,51,52
5060,52017,51,51
5061,52017,51,52
5062,52017,51,52
5063,52017,51,52
5064,52017,51,52
5065,52017,51,52
5066,52017,51,52
5067,52017,51,52
5068,52017,51,51
5069,52017,51,52
5070,52017,51,51
5071,52017,51,51
5072,52017,51,52
5073,52017,51,52
5074,52017,51,52
5075,52017,51,51
5076,52017,51,52
5077,52017,51,51
5078,52017,51,52
5079,52017,51,51
5080,52017,51,52
5081,52017,51,51
5082,52017,51,51
5083,52017,51,51
5084,52017,51,51
5085,52017,51,52
5086,52017,51,52
5087,52017,51,51
5088,52017,51,52
5089,52017,51,52
5090,52017,51,51
5091,52017,51,51
5092,52017,51,52
5093,52017,51,52
5094,52017,51,51
5095,52017,51,51
5096,52017,51,52
5097,52017,51,51
5098,52017,51,51
5099,52018,51,51
5100,52018,51,51
5101,52018,51,51
5102,52019,51,52
5103,52019,51,51
5104,52019,51,52
5105,52019,51,52
5106,52019,51,51
5107,52019,51,52
5108,52019,51,51
5109,52019,51,51
5110,52019,51,52
5111,52019,51,51
5112,52019,51,51
5113,52019,51,51
5114,52019,51,51
5115,52019,51,51
5116,52019,51,52
5117,52019,51,51
5118,52019,51,52
5119,52019,51,52
5120,52020,51,53
5121,52021,51,48
5122,52022,51,55
5123,52022,51,55
5124,52022,51,55
5125,52022,51,55
5126,52022,51,55
5127,52022,51,55
5128,52022,51,55
5129,52022,51,55
5130,52022,51,55
5131,52022,51,55
5132,52022,51,55
5133,52022,51,55
5134,52022,51,55
5135,52022,51,55
5136,52022,51,55
5137,52022,51,55
5138,52022,51,55
5139,52022,51,55
5140,52022,51,55
5141,52022,51,55
5142,52022,51,55
5143,52022,51,55
5144,52023,51,49
5145,52023,51,49
5146,52023,51,49
5147,52023,51,49
5148,52023,51,49
5149,52024,51,48
5150,52024,51,48
5151,52026,51,52
5152,52026,51,51
5153,52026,51,52
5154,52026,51,51
5155,52026,51,51
5156,52026,51,52
5157,52026,51,52
5158,52026,51,51
5159,52026,51,51
5160,52026,51,51
5161,52026,51,51
5162,52026,51,51
5163,52026,51,52
5164,52026,51,51
5165,52026,51,52
5166,52026,51,51
5167,52026,51,51
5168,52026,51,51
5169,52026,51,51
5170,52026,51,52
5171,52026,51,52
5172,52026,51,51
5173,52026,51,52
5174,52026,51,51
5175,52026,51,52
5176,52026,51,52
5177,52026,51,52
5178,52026,51,52
5179,52026,51,52
5180,52026,51,51
5181,52028,51,55
5182,52028,51,55
5183,52028,51,55
5184,52030,51,52
5185,52030,51,51
5186,52030,51,52
5187,52030,51,52
5188,52030,51,51
5189,52030,51,52
5190,52030,51,52
5191,52030,51,52
5192,52030,51,51
5193,52031,51,48
5194,52031,51,48
5195,52031,51,48
5196,52032,51,51
5197,52032,51,51
5198,52032,51,51
5199,52032,51,51
5200,52032,51,52
5201,52032,51,52
5202,52032,51,52
5203,52032,51,52
5204,52032,51,52
5205,52032,51,52
5206,52032,51,52
5207,52032,51,52
5208,52032,51,51
5209,52032,51,51
5210,52032,51,51
5211,52032,51,51
5212,52032,51,51
5213,52032,51,52
5214,52032,51,51
5215,52032,51,52
5216,52032,51,52
5217,52032,51,52
5218,52032,51,52
5219,52032,51,52
5220,52032,51,52
5221,52032,51,52
5222,52032,51,52
5223,52032,51,51
5224,52032,51,52
5225,52032,51,52
5226,52032,51,51
5227,52032,51,52
5228,52032,51,51
5229,52032,51,52
5230,52032,51,51
5231,52032,51,52
5232,52032,51,52
5233,52032,51,51
5234,52032,51,52
5235,52032,51,52
5236,52032,51,52
5237,52032,51,51
5238,52032,51,51
5239,52032,51,52
5240,52032,51,51
5241,52032,51,52
5242,52032,51,52
5243,52032,51,51
5244,52032,51,52
5245,52032,51,52
5246,52032,51,51
5247,52032,51,52
5248,52032,51,51
5249,52032,51,51
5250,52032,51,52
5251,52032,51,52
5252,52032,51,52
5253,52032,51,52
5254,52032,51,51
5255,52032,51,52
5256,52032,51,52
5257,52032,51,52
5258,52032,51,52
5259,52032,51,52
5260,52032,51,52
5261,52032,51,51
5262,52032,51,52
5263,52032,51,51
5264,52032,51,51
5265,52032,51,51
5266,52032,51,51
5267,52032,51,52
5268,52032,51,51
5269,52032,51,51
5270,52032,51,51
5271,52032,51,51
5272,52032,51,51
5273,52032,51,52
5274,52032,51,51
5275,52032,51,51
5276,52032,51,52
5277,52032,51,51
5278,52032,51,51
5279,52032,51,52
5280,52032,51,51
5281,52032,51,51
5282,52032,51,52
5283,52032,51,52
5284,52032,51,51
5285,52032,51,51
5286,52032,51,51
5287,52032,51,52
5288,52032,51,52
5289,52032,51,52
5290,52032,51,52
5291,52032,51,52
5292,52032,51,51
5293,52032,51,52
5294,52032,51,52
5295,52032,51,52
5296,52032,51,52
5297,52032,51,52
5298,52032,51,51
5299,52032,51,51
5300,52032,51,52
5301,52032,51,52
5302,52032,51,52
5303,52032,51,52
5304,52032,51,52
5305,52032,51,52
5306,52032,51,51
5307,52032,51,51
5308,52032,51,51
5309,52032,51,52
5310,52032,51,51
5311,52032,51,52
5312,52032,51,52
5313,52032,51,51
5314,52032,51,52
5315,52032,51,52
5316,52032,51,52
5317,52032,51,51
5318,52032,51,51
5319,52032,51,52
5320,52032,51,52
5321,52032,51,52
5322,52032,51,51
5323,52032,51,52
5324,52032,51,52
5325,52032,51,52
5326,52032,51,52
5327,52032,51,51
5328,52032,51,52
5329,52032,51,52
5330,52032,51,51
5331,52032,51,52
5332,52032,51,51
5333,52032,51,51
5334,52032,51,52
5335,52032,51,51
5336,52032,51,51
5337,52032,51,52
5338,52032,51,52
5339,52032,51,52
5340,52032,51,51
5341,52032,51,52
5342,52032,51,52
5343,52032,51,51
5344,52032,51,52
5345,52032,51,51
5346,52032,51,52
5347,52032,51,52
5348,52032,51,52
5349,52032,51,52
5350,52032,51,51
5351,52032,51,52
5352,52032,51,51
5353,52032,51,51
5354,52032,51,51
5355,52032,51,51
5356,52032,51,52
5357,52032,51,52
5358,52032,51,51
5359,52032,51,51
5360,52032,51,51
5361,52032,51,51
5362,52032,51,52
5363,52032,51,52
5364,52032,51,52
5365,52032,51,52
5366,52032,51,52
5367,52032,51,52
5368,52032,51,51
5369,52032,51,52
5370,52032,51,51
5371,52032,51,51
5372,52032,51,52
5373,52032,51,52
5374,52032,51,52
5375,52032,51,51
5376,52032,51,52
5377,52032,51,52
5378,52032,51,52
5379,52032,51,51
5380,52032,51,52
5381,52032,51,52
5382,52032,51,51
5383,52032,51,51
5384,52032,51,51
5385,52032,51,51
5386,52032,51,51
5387,52032,51,51
5388,52032,51,51
5389,52032,51,51
5390,52032,51,52
5391,52032,51,51
5392,52032,51,51
5393,52032,51,51
5394,52032,51,51
5395,52032,51,52
5396,52032,51,51
5397,52032,51,52
5398,52032,51,52
5399,52032,51,52
5400,52032,51,51
5401,52032,51,52
5402,52032,51,51
5403,52032,51,51
5404,52032,51,51
5405,52032,51,51
5406,52032,51,51
5407,52032,51,51
5408,52032,51,52
5409,52032,51,51
5410,52032,51,52
5411,52032,51,51
5412,52032,51,52
5413,52032,51,51
5414,52032,51,52
5415,52032,51,52
5416,52032,51,51
5417,52032,51,52
5418,52032,51,52
5419,52032,51,52
5420,52032,51,51
5421,52032,51,51
5422,52032,51,52
5423,52032,51,52
5424,52032,51,52
5425,52032,51,52
5426,52032,51,51
5427,52032,51,51
5428,52032,51,51
5429,52032,51,52
5430,52032,51,51
5431,52032,51,51
5432,52033,51,48
5433,52033,51,48
5434,52033,51,48
5435,52033,51,48
5436,52033,51,48
5437,52033,51,48
5438,52033,51,48
5439,52033,51,48
5440,52033,51,48
5441,52033,51,48
5442,52033,51,48
5443,52033,51,48
5444,52033,51,48
5445,52033,51,48
5446,52033,51,48
5447,52034,51,52
5448,52034,51,52
5449,52034,51,51
5450,52034,51,51
5451,52034,51,51
5452,52034,51,51
5453,52034,51,52
5454,52034,51,51
5455,52034,51,51
5456,52034,51,52
5457,52034,51,51
5458,52034,51,52
5459,52034,51,52
5460,52034,51,52
5461,52034,51,52
5462,52034,51,51
5463,52034,51,51
5464,52034,51,51
5465,52034,51,52
5466,52034,51,52
5467,52034,51,51
5468,52034,51,52
5469,52034,51,51
5470,52034,51,52
5471,52034,51,51
5472,52034,51,52
5473,52034,51,51
5474,52034,51,51
5475,52034,51,51
5476,52034,51,51
5477,52034,51,51
5478,52034,51,52
5479,52034,51,51
5480,52034,51,51
5481,52034,51,52
5482,52034,51,52
5483,52034,51,51
5484,52034,51,51
5485,52034,51,51
5486,52034,51,51
5487,52034,51,51
5488,52034,51,52
5489,52034,51,51
5490,52034,51,51
5491,52034,51,52
5492,52034,51,52
5493,52034,51,52
5494,52034,51,52
5495,52034,51,52
5496,52034,51,51
5497,52034,51,52
5498,52034,51,51
5499,52034,51,51
5500,52034,51,51
5501,52034,51,51
5502,52034,51,51
5503,52034,51,52
5504,52034,51,51
5505,52034,51,51
5506,52034,51,51
5507,52034,51,51
5508,52034,51,52
5509,52034,51,51
5510,52034,51,52
5511,52034,51,51
5512,52034,51,51
5513,52034,51,51
5514,52034,51,52
5515,52034,51,52
5516,52034,51,52
5517,52034,51,52
5518,52035,51,48
5519,52035,51,48
5520,52035,51,48
5521,52035,51,48
5522,52036,51,48
5523,52037,51,52
5524,52037,51,52
5525,52037,51,51
5526,52037,51,51
5527,52037,51,52
5528,52037,51,52
5529,52037,51,51
5530,52037,51,51
5531,52037,51,52
5532,52037,51,51
5533,52037,51,51
5534,52037,51,51
5535,52037,51,51
5536,52037,51,51
5537,52037,51,51
5538,52037,51,51
5539,51002,52,48
5540,51002,52,48
5541,51011,52,48
5542,51012,52,48
5543,51012,52,48
5544,51012,52,48
5545,51012,52,48
5546,51017,52,48
5547,51017,52,48
5548,51017,52,48
5549,51017,52,48
5550,51017,52,48
5551,51017,52,48
5552,51017,52,48
5553,51017,52,48
5554,51017,52,48
5555,51017,52,48
5556,51017,52,48
5557,51017,52,48
5558,51017,52,48
5559,51017,52,48
5560,51017,52,48
5561,51017,52,48
5562,51018,52,48
5563,51018,52,48
5564,51018,52,48
5565,51018,52,48
5566,51018,52,48
5567,51018,52,48
5568,51018,52,48
5569,51018,52,48
5570,51018,52,48
5571,51018,52,48
5572,51018,52,48
5573,51021,52,48
5574,51021,52,48
5575,51021,52,48
5576,51021,52,48
5577,51021,52,48
5578,51025,52,48
5579,51025,52,48
5580,53001,52,53
5581,53001,52,53
5582,53001,52,53
5583,53004,52,53
5584,53004,52,53
5585,53004,52,53
5586,53007,52,53
5587,53011,52,53
5588,53014,52,53
5589,53014,52,53
5590,53019,52,53
5591,53019,52,53
5592,53022,52,53
5593,53025,52,53
5594,52001,52,51
5595,52001,52,51
5596,52001,52,51
5597,52001,52,51
5598,52001,52,51
5599,52001,52,52
5600,52001,52,52
5601,52001,52,52
5602,52001,52,52
5603,52001,52,51
5604,52001,52,51
5605,52001,52,51
5606,52001,52,52
5607,52001,52,52
5608,52001,52,51
5609,52001,52,51
5610,52001,52,52
5611,52002,52,52
5612,52002,52,52
5613,52007,52,52
5614,52007,52,52
5615,52007,52,52
5616,52007,52,51
5617,52007,52,52
5618,52007,52,52
5619,52007,52,52
5620,52008,52,48
5621,52008,52,48
5622,52008,52,48
5623,52008,52,48
5624,52008,52,48
5625,52008,52,48
5626,52009,52,48
5627,52009,52,48
5628,52009,52,48
5629,52009,52,48
5630,52009,52,48
5631,52009,52,48
5632,52009,52,48
5633,52009,52,48
5634,52009,52,48
5635,52009,52,48
5636,52009,52,48
5637,52009,52,48
5638,52009,52,48
5639,52009,52,48
5640,52009,52,48
5641,52009,52,48
5642,52009,52,48
5643,52009,52,48
5644,52009,52,48
5645,52009,52,48
5646,52009,52,48
5647,52009,52,48
5648,52009,52,48
5649,52009,52,48
5650,52009,52,48
5651,52011,52,48
5652,52011,52,48
5653,52011,52,48
5654,52011,52,48
5655,52011,52,48
5656,52011,52,48
5657,52011,52,48
5658,52011,52,48
5659,52011,52,48
5660,52011,52,48
5661,52011,52,48
5662,52011,52,48
5663,52011,52,48
5664,52011,52,48
5665,52011,52,48
5666,52011,52,48
5667,52011,52,48
5668,52011,52,48
5669,52011,52,48
5670,52011,52,48
5671,52011,52,48
5672,52011,52,48
5673,52011,52,48
5674,52011,52,48
5675,52011,52,48
5676,52011,52,48
5677,52011,52,48
5678,52011,52,48
5679,52011,52,48
5680,52011,52,48
5681,52011,52,48
5682,52011,52,48
5683,52011,52,48
5684,52011,52,48
5685,52011,52,48
5686,52011,52,48
5687,52011,52,48
5688,52011,52,48
5689,52011,52,48
5690,52011,52,48
5691,52011,52,48
5692,52012,52,55
5693,52015,52,48
5694,52015,52,48
5695,52015,52,48
5696,52015,52,48
5697,52015,52,48
5698,52015,52,48
5699,52015,52,48
5700,52015,52,48
5701,52015,52,48
5702,52015,52,48
5703,52015,52,48
5704,52015,52,48
5705,52015,52,48
5706,52015,52,48
5707,52015,52,48
5708,52015,52,48
5709,52015,52,48
5710,52015,52,48
5711,52015,52,48
5712,52015,52,48
5713,52015,52,48
5714,52015,52,48
5715,52015,52,48
5716,52015,52,48
5717,52015,52,48
5718,52015,52,48
5719,52015,52,48
5720,52015,52,48
5721,52015,52,48
5722,52015,52,48
5723,52015,52,48
5724,52015,52,48
5725,52015,52,48
5726,52015,52,48
5727,52015,52,48
5728,52015,52,48
5729,52015,52,48
5730,52015,52,48
5731,52015,52,48
5732,52015,52,48
5733,52015,52,48
5734,52015,52,48
5735,52015,52,48
5736,52015,52,48
5737,52015,52,48
5738,52015,52,48
5739,52015,52,48
5740,52015,52,48
5741,52015,52,48
5742,52015,52,48
5743,52015,52,48
5744,52015,52,48
5745,52015,52,48
5746,52015,52,48
5747,52015,52,48
5748,52015,52,48
5749,52017,52,52
5750,52020,52,53
5751,52020,52,53
5752,52020,52,53
5753,52020,52,53
5754,52020,52,53
5755,52020,52,53
5756,52020,52,53
5757,52020,52,53
5758,52020,52,53
5759,52020,52,53
5760,52020,52,53
5761,52020,52,53
5762,52020,52,53
5763,52020,52,53
5764,52020,52,53
5765,52020,52,53
5766,52020,52,53
5767,52020,52,53
5768,52021,52,48
5769,52021,52,48
5770,52021,52,48
5771,52021,52,48
5772,52021,52,48
5773,52021,52,48
5774,52021,52,48
5775,52021,52,48
5776,52021,52,48
5777,52021,52,48
5778,52021,52,48
5779,52022,52,55
5780,52022,52,55
5781,52024,52,48
5782,52024,52,48
5783,52026,52,51
5784,52026,52,51
5785,52026,52,51
5786,52026,52,51
5787,52026,52,51
5788,52027,52,48
5789,52027,52,48
5790,52027,52,48
5791,52030,52,51
5792,52030,52,52
5793,52030,52,51
5794,52030,52,52
5795,52030,52,52
5796,52030,52,52
5797,52030,52,51
5798,52030,52,52
5799,52030,52,52
5800,52030,52,51
5801,52030,52,52
5802,52030,52,52
5803,52030,52,52
5804,52031,52,48
5805,52031,52,48
5806,52031,52,48
5807,52031,52,48
5808,52031,52,48
5809,52031,52,48
5810,52031,52,48
5811,52031,52,48
5812,52031,52,48
5813,52031,52,48
5814,52031,52,48
5815,52031,52,48
5816,52031,52,48
5817,52033,52,48
5818,52033,52,48
5819,52033,52,48
5820,52033,52,48
5821,52033,52,48
5822,52033,52,48
5823,52033,52,48
5824,52033,52,48
5825,52033,52,48
5826,52033,52,48
5827,52033,52,48
5828,52033,52,48
5829,52033,52,48
5830,52033,52,48
5831,52033,52,48
5832,52033,52,48
5833,52033,52,48
5834,52033,52,48
5835,52033,52,48
5836,52033,52,48
5837,52033,52,48
5838,52033,52,48
5839,52033,52,48
5840,52033,52,48
5841,52033,52,48
5842,52033,52,48
5843,52033,52,48
5844,52033,52,48
5845,52033,52,48
5846,52033,52,48
5847,52033,52,48
5848,52033,52,48
5849,52033,52,48
5850,52033,52,48
5851,52033,52,48
5852,52033,52,48
5853,52033,52,48
5854,52033,52,48
5855,52033,52,48
5856,52033,52,48
5857,52033,52,48
5858,52033,52,48
5859,52033,52,48
5860,52033,52,48
5861,52033,52,48
5862,52035,52,48
5863,52035,52,48
5864,52035,52,48
5865,52035,52,48
5866,52035,52,48
5867,52035,52,48
5868,52035,52,48
5869,52035,52,48
5870,52035,52,48
5871,52035,52,48
5872,52035,52,48
5873,52035,52,48
5874,52035,52,48
5875,52035,52,48
5876,52035,52,48
5877,52036,52,48
5878,52036,52,48
5879,52037,52,51
5880,52037,52,52
5881,52037,52,51
5882,52037,52,52
5883,51002,53,48
5884,48017,53,54
5885,48017,53,60
5886,48022,53,57
5887,53001,53,53
5888,53001,53,53
5889,53001,53,53
5890,53001,53,53
5891,53001,53,53
5892,53001,53,53
5893,53001,53,53
5894,53001,53,53
5895,53001,53,53
5896,53001,53,53
5897,53001,53,53
5898,53001,53,53
5899,53001,53,53
5900,53001,53,53
5901,53001,53,53
5902,53001,53,53
5903,53001,53,53
5904,53001,53,53
5905,53002,53,53
5906,53002,53,53
5907,53002,53,53
5908,53002,53,53
5909,53002,53,53
5910,53002,53,53
5911,53002,53,53
5912,53002,53,53
5913,53002,53,53
5914,53003,53,53
5915,53003,53,53
5916,53003,53,53
5917,53003,53,53
5918,53003,53,53
5919,53003,53,53
5920,53003,53,53
5921,53003,53,53
5922,53004,53,53
5923,53004,53,53
5924,53004,53,53
5925,53004,53,53
5926,53004,53,53
5927,53004,53,53
5928,53004,53,53
5929,53004,53,53
5930,53004,53,53
5931,53004,53,53
5932,53004,53,53
5933,53004,53,53
5934,53004,53,53
5935,53004,53,53
5936,53004,53,53
5937,53004,53,53
5938,53005,53,53
5939,53005,53,53
5940,53005,53,53
5941,53006,53,53
5942,53006,53,53
5943,53006,53,53
5944,53006,53,53
5945,53006,53,53
5946,53006,53,53
5947,53006,53,53
5948,53006,53,53
5949,53006,53,53
5950,53006,53,53
5951,53006,53,53
5952,53006,53,53
5953,53006,53,53
5954,53006,53,53
5955,53006,53,53
5956,53006,53,53
5957,53006,53,53
5958,53006,53,53
5959,53006,53,53
5960,53006,53,53
5961,53006,53,53
5962,53006,53,53
5963,53006,53,53
5964,53006,53,53
5965,53006,53,53
5966,53006,53,53
5967,53006,53,53
5968,53006,53,53
5969,53006,53,53
5970,53007,53,53
5971,53007,53,53
5972,53007,53,53
5973,53007,53,53
5974,53007,53,53
5975,53007,53,53
5976,53007,53,53
5977,53007,53,53
5978,53007,53,53
5979,53007,53,53
5980,53007,53,53
5981,53007,53,53
5982,53007,53,53
5983,53007,53,53
5984,53007,53,53
5985,53007,53,53
5986,53008,53,53
5987,53008,53,53
5988,53008,53,53
5989,53008,53,53
5990,53008,53,53
5991,53008,53,53
5992,53008,53,53
5993,53008,53,53
5994,53008,53,53
5995,53008,53,53
5996,53008,53,53
5997,53008,53,53
5998,53008,53,53
5999,53009,53,53
6000,53009,53,53
6001,53009,53,53
6002,53009,53,53
6003,53009,53,53
6004,53009,53,53
6005,53009,53,53
6006,53009,53,53
6007,53009,53,53
6008,53009,53,53
6009,53009,53,53
6010,53009,53,53
6011,53009,53,53
6012,53009,53,53
6013,53009,53,53
6014,53009,53,53
6015,53009,53,53
6016,53009,53,53
6017,53009,53,53
6018,53009,53,53
6019,53009,53,53
6020,53009,53,53
6021,53009,53,53
6022,53009,53,53
6023,53009,53,53
6024,53009,53,53
6025,53009,53,53
6026,53009,53,53
6027,53009,53,53
6028,53009,53,53
6029,53009,53,53
6030,53009,53,53
6031,53009,53,53
6032,53009,53,53
6033,53009,53,53
6034,53009,53,53
6035,53009,53,53
6036,53009,53,53
6037,53009,53,53
6038,53009,53,53
6039,53009,53,53
6040,53009,53,53
6041,53009,53,53
6042,53009,53,53
6043,53009,53,53
6044,53009,53,53
6045,53009,53,53
6046,53009,53,53
6047,53009,53,53
6048,53009,53,53
6049,53009,53,53
6050,53009,53,53
6051,53009,53,53
6052,53009,53,53
6053,53009,53,53
6054,53009,53,53
6055,53009,53,53
6056,53009,53,53
6057,53009,53,53
6058,53009,53,53
6059,53009,53,53
6060,53009,53,53
6061,53009,53,53
6062,53009,53,53
6063,53009,53,53
6064,53009,53,53
6065,53009,53,53
6066,53009,53,53
6067,53009,53,53
6068,53009,53,53
6069,53009,53,53
6070,53010,53,53
6071,53010,53,53
6072,53010,53,53
6073,53010,53,53
6074,53010,53,53
6075,53010,53,53
6076,53010,53,53
6077,53010,53,53
6078,53010,53,53
6079,53010,53,53
6080,53010,53,53
6081,53010,53,53
6082,53010,53,53
6083,53010,53,53
6084,53010,53,53
6085,53010,53,53
6086,53010,53,53
6087,53010,53,53
6088,53010,53,53
6089,53010,53,53
6090,53010,53,53
6091,53010,53,53
6092,53010,53,53
6093,53010,53,53
6094,53010,53,53
6095,53010,53,53
6096,53010,53,53
6097,53010,53,53
6098,53010,53,53
6099,53010,53,53
6100,53010,53,53
6101,53010,53,53
6102,53010,53,53
6103,53010,53,53
6104,53010,53,53
6105,53010,53,53
6106,53010,53,53
6107,53010,53,53
6108,53010,53,53
6109,53010,53,53
6110,53010,53,53
6111,53011,53,53
6112,53011,53,53
6113,53011,53,53
6114,53011,53,53
6115,53011,53,53
6116,53011,53,53
6117,53011,53,53
6118,53011,53,53
6119,53011,53,53
6120,53011,53,53
6121,53011,53,53
6122,53011,53,53
6123,53011,53,53
6124,53011,53,53
6125,53011,53,53
6126,53011,53,53
6127,53011,53,53
6128,53011,53,53
6129,53011,53,53
6130,53011,53,53
6131,53011,53,53
6132,53011,53,53
6133,53011,53,53
6134,53011,53,53
6135,53011,53,53
6136,53011,53,53
6137,53011,53,53
6138,53011,53,53
6139,53011,53,53
6140,53011,53,53
6141,53011,53,53
6142,53011,53,53
6143,53011,53,53
6144,53011,53,53
6145,53011,53,53
6146,53011,53,53
6147,53011,53,53
6148,53011,53,53
6149,53011,53,53
6150,53011,53,53
6151,53011,53,53
6152,53011,53,53
6153,53011,53,53
6154,53011,53,53
6155,53011,53,53
6156,53011,53,53
6157,53011,53,53
6158,53011,53,53
6159,53011,53,53
6160,53011,53,53
6161,53011,53,53
6162,53011,53,53
6163,53011,53,53
6164,53011,53,53
6165,53011,53,53
6166,53011,53,53
6167,53011,53,53
6168,53011,53,53
6169,53011,53,53
6170,53011,53,53
6171,53011,53,53
6172,53011,53,53
6173,53011,53,53
6174,53011,53,53
6175,53011,53,53
6176,53011,53,53
6177,53011,53,53
6178,53011,53,53
6179,53011,53,53
6180,53011,53,53
6181,53011,53,53
6182,53011,53,53
6183,53011,53,53
6184,53011,53,53
6185,53011,53,53
6186,53011,53,53
6187,53011,53,53
6188,53011,53,53
6189,53011,53,53
6190,53011,53,53
6191,53011,53,53
6192,53011,53,53
6193,53011,53,53
6194,53011,53,53
6195,53011,53,53
6196,53011,53,53
6197,53011,53,53
6198,53011,53,53
6199,53011,53,53
6200,53011,53,53
6201,53011,53,53
6202,53011,53,53
6203,53011,53,53
6204,53011,53,53
6205,53011,53,53
6206,53011,53,53
6207,53011,53,53
6208,53011,53,53
6209,53011,53,53
6210,53011,53,53
6211,53011,53,53
6212,53011,53,53
6213,53011,53,53
6214,53011,53,53
6215,53011,53,53
6216,53011,53,53
6217,53011,53,53
6218,53011,53,53
6219,53011,53,53
6220,53011,53,53
6221,53011,53,53
6222,53011,53,53
6223,53011,53,53
6224,53011,53,53
6225,53011,53,53
6226,53011,53,53
6227,53011,53,53
6228,53011,53,53
6229,53011,53,53
6230,53011,53,53
6231,53011,53,53
6232,53011,53,53
6233,53011,53,53
6234,53011,53,53
6235,53011,53,53
6236,53011,53,53
6237,53011,53,53
6238,53011,53,53
6239,53011,53,53
6240,53011,53,53
6241,53011,53,53
6242,53011,53,53
6243,53011,53,53
6244,53011,53,53
6245,53011,53,53
6246,53011,53,53
6247,53011,53,53
6248,53011,53,53
6249,53011,53,53
6250,53011,53,53
6251,53011,53,53
6252,53011,53,53
6253,53011,53,53
6254,53011,53,53
6255,53011,53,53
6256,53011,53,53
6257,53011,53,53
6258,53011,53,53
6259,53011,53,53
6260,53011,53,53
6261,53011,53,53
6262,53011,53,53
6263,53011,53,53
6264,53011,53,53
6265,53011,53,53
6266,53011,53,53
6267,53011,53,53
6268,53011,53,53
6269,53011,53,53
6270,53011,53,53
6271,53011,53,53
6272,53011,53,53
6273,53011,53,53
6274,53011,53,53
6275,53011,53,53
6276,53011,53,53
6277,53011,53,53
6278,53011,53,53
6279,53011,53,53
6280,53011,53,53
6281,53011,53,53
6282,53011,53,53
6283,53011,53,53
6284,53011,53,53
6285,53011,53,53
6286,53011,53,53
6287,53011,53,53
6288,53011,53,53
6289,53011,53,53
6290,53011,53,53
6291,53011,53,53
6292,53011,53,53
6293,53011,53,53
6294,53011,53,53
6295,53011,53,53
6296,53011,53,53
6297,53011,53,53
6298,53011,53,53
6299,53011,53,53
6300,53011,53,53
6301,53011,53,53
6302,53011,53,53
6303,53011,53,53
6304,53011,53,53
6305,53011,53,53
6306,53011,53,53
6307,53011,53,53
6308,53011,53,53
6309,53011,53,53
6310,53011,53,53
6311,53011,53,53
6312,53011,53,53
6313,53011,53,53
6314,53011,53,53
6315,53011,53,53
6316,53011,53,53
6317,53011,53,53
6318,53011,53,53
6319,53011,53,53
6320,53011,53,53
6321,53011,53,53
6322,53011,53,53
6323,53011,53,53
6324,53011,53,53
6325,53011,53,53
6326,53011,53,53
6327,53011,53,53
6328,53011,53,53
6329,53011,53,53
6330,53011,53,53
6331,53011,53,53
6332,53011,53,53
6333,53011,53,53
6334,53011,53,53
6335,53011,53,53
6336,53011,53,53
6337,53011,53,53
6338,53011,53,53
6339,53011,53,53
6340,53011,53,53
6341,53011,53,53
6342,53011,53,53
6343,53011,53,53
6344,53011,53,53
6345,53011,53,53
6346,53011,53,53
6347,53011,53,53
6348,53011,53,53
6349,53011,53,53
6350,53011,53,53
6351,53011,53,53
6352,53011,53,53
6353,53011,53,53
6354,53011,53,53
6355,53011,53,53
6356,53011,53,53
6357,53011,53,53
6358,53011,53,53
6359,53011,53,53
6360,53011,53,53
6361,53011,53,53
6362,53011,53,53
6363,53011,53,53
6364,53011,53,53
6365,53011,53,53
6366,53011,53,53
6367,53011,53,53
6368,53011,53,53
6369,53011,53,53
6370,53011,53,53
6371,53011,53,53
6372,53011,53,53
6373,53011,53,53
6374,53011,53,53
6375,53011,53,53
6376,53011,53,53
6377,53011,53,53
6378,53011,53,53
6379,53011,53,53
6380,53011,53,53
6381,53011,53,53
6382,53011,53,53
6383,53011,53,53
6384,53011,53,53
6385,53011,53,53
6386,53011,53,53
6387,53011,53,53
6388,53011,53,53
6389,53011,53,53
6390,53011,53,53
6391,53011,53,53
6392,53011,53,53
6393,53011,53,53
6394,53011,53,53
6395,53011,53,53
6396,53011,53,53
6397,53011,53,53
6398,53011,53,53
6399,53011,53,53
6400,53011,53,53
6401,53011,53,53
6402,53011,53,53
6403,53011,53,53
6404,53011,53,53
6405,53011,53,53
6406,53011,53,53
6407,53011,53,53
6408,53011,53,53
6409,53011,53,53
6410,53011,53,53
6411,53011,53,53
6412,53011,53,53
6413,53011,53,53
6414,53011,53,53
6415,53011,53,53
6416,53011,53,53
6417,53011,53,53
6418,53011,53,53
6419,53011,53,53
6420,53011,53,53
6421,53011,53,53
6422,53011,53,53
6423,53011,53,53
6424,53011,53,53
6425,53011,53,53
6426,53011,53,53
6427,53011,53,53
6428,53011,53,53
6429,53011,53,53
6430,53011,53,53
6431,53011,53,53
6432,53011,53,53
6433,53011,53,53
6434,53011,53,53
6435,53011,53,53
6436,53011,53,53
6437,53011,53,53
6438,53011,53,53
6439,53011,53,53
6440,53011,53,53
6441,53011,53,53
6442,53011,53,53
6443,53011,53,53
6444,53011,53,53
6445,53011,53,53
6446,53011,53,53
6447,53011,53,53
6448,53011,53,53
6449,53011,53,53
6450,53011,53,53
6451,53011,53,53
6452,53011,53,53
6453,53011,53,53
6454,53011,53,53
6455,53011,53,53
6456,53011,53,53
6457,53011,53,53
6458,53011,53,53
6459,53011,53,53
6460,53011,53,53
6461,53011,53,53
6462,53011,53,53
6463,53011,53,53
6464,53011,53,53
6465,53011,53,53
6466,53011,53,53
6467,53011,53,53
6468,53011,53,53
6469,53011,53,53
6470,53011,53,53
6471,53011,53,53
6472,53011,53,53
6473,53011,53,53
6474,53011,53,53
6475,53011,53,53
6476,53011,53,53
6477,53011,53,53
6478,53011,53,53
6479,53011,53,53
6480,53011,53,53
6481,53011,53,53
6482,53011,53,53
6483,53011,53,53
6484,53011,53,53
6485,53011,53,53
6486,53011,53,53
6487,53011,53,53
6488,53011,53,53
6489,53011,53,53
6490,53011,53,53
6491,53011,53,53
6492,53011,53,53
6493,53011,53,53
6494,53012,53,53
6495,53012,53,53
6496,53013,53,53
6497,53013,53,53
6498,53013,53,53
6499,53013,53,53
6500,53013,53,53
6501,53013,53,53
6502,53013,53,53
6503,53013,53,53
6504,53013,53,53
6505,53013,53,53
6506,53013,53,53
6507,53013,53,53
6508,53014,53,53
6509,53014,53,53
6510,53014,53,53
6511,53014,53,53
6512,53014,53,53
6513,53014,53,53
6514,53014,53,53
6515,53014,53,53
6516,53014,53,53
6517,53014,53,53
6518,53014,53,53
6519,53014,53,53
6520,53014,53,53
6521,53014,53,53
6522,53014,53,53
6523,53014,53,53
6524,53014,53,53
6525,53014,53,53
6526,53014,53,53
6527,53014,53,53
6528,53014,53,53
6529,53014,53,53
6530,53014,53,53
6531,53014,53,53
6532,53015,53,53
6533,53015,53,53
6534,53015,53,53
6535,53015,53,53
6536,53015,53,53
6537,53015,53,53
6538,53015,53,53
6539,53015,53,53
6540,53015,53,53
6541,53015,53,53
6542,53015,53,53
6543,53015,53,53
6544,53015,53,53
6545,53015,53,53
6546,53015,53,53
6547,53015,53,53
6548,53015,53,53
6549,53015,53,53
6550,53015,53,53
6551,53015,53,53
6552,53015,53,53
6553,53015,53,53
6554,53015,53,53
6555,53015,53,53
6556,53015,53,53
6557,53015,53,53
6558,53015,53,53
6559,53015,53,53
6560,53015,53,53
6561,53015,53,53
6562,53015,53,53
6563,53015,53,53
6564,53015,53,53
6565,53015,53,53
6566,53015,53,53
6567,53016,53,53
6568,53016,53,53
6569,53016,53,53
6570,53016,53,53
6571,53016,53,53
6572,53016,53,53
6573,53016,53,53
6574,53016,53,53
6575,53016,53,53
6576,53016,53,53
6577,53016,53,53
6578,53016,53,53
6579,53016,53,53
6580,53016,53,53
6581,53016,53,53
6582,53016,53,53
6583,53016,53,53
6584,53016,53,53
6585,53016,53,53
6586,53016,53,53
6587,53016,53,53
6588,53016,53,53
6589,53016,53,53
6590,53016,53,53
6591,53016,53,53
6592,53016,53,53
6593,53016,53,53
6594,53016,53,53
6595,53016,53,53
6596,53016,53,53
6597,53016,53,53
6598,53016,53,53
6599,53016,53,53
6600,53016,53,53
6601,53016,53,53
6602,53016,53,53
6603,53016,53,53
6604,53016,53,53
6605,53016,53,53
6606,53016,53,53
6607,53016,53,53
6608,53016,53,53
6609,53016,53,53
6610,53016,53,53
6611,53016,53,53
6612,53016,53,53
6613,53016,53,53
6614,53016,53,53
6615,53016,53,53
6616,53016,53,53
6617,53016,53,53
6618,53017,53,55
6619,53017,53,55
6620,53017,53,55
6621,53017,53,55
6622,53018,53,53
6623,53018,53,53
6624,53018,53,53
6625,53018,53,53
6626,53018,53,53
6627,53018,53,53
6628,53018,53,53
6629,53018,53,53
6630,53018,53,53
6631,53018,53,53
6632,53018,53,53
6633,53018,53,53
6634,53018,53,53
6635,53018,53,53
6636,53018,53,53
6637,53018,53,53
6638,53018,53,53
6639,53018,53,53
6640,53018,53,53
6641,53018,53,53
6642,53018,53,53
6643,53018,53,53
6644,53018,53,53
6645,53018,53,53
6646,53018,53,53
6647,53018,53,53
6648,53018,53,53
6649,53018,53,53
6650,53018,53,53
6651,53018,53,53
6652,53018,53,53
6653,53018,53,53
6654,53018,53,53
6655,53018,53,53
6656,53018,53,53
6657,53018,53,53
6658,53018,53,53
6659,53018,53,53
6660,53018,53,53
6661,53018,53,53
6662,53018,53,53
6663,53018,53,53
6664,53018,53,53
6665,53018,53,53
6666,53018,53,53
6667,53018,53,53
6668,53018,53,53
6669,53018,53,53
6670,53018,53,53
6671,53018,53,53
6672,53018,53,53
6673,53018,53,53
6674,53018,53,53
6675,53018,53,53
6676,53018,53,53
6677,53018,53,53
6678,53018,53,53
6679,53018,53,53
6680,53018,53,53
6681,53018,53,53
6682,53018,53,53
6683,53018,53,53
6684,53018,53,53
6685,53018,53,53
6686,53018,53,53
6687,53019,53,53
6688,53019,53,53
6689,53019,53,53
6690,53019,53,53
6691,53019,53,53
6692,53019,53,53
6693,53019,53,53
6694,53019,53,53
6695,53019,53,53
6696,53019,53,53
6697,53020,53,53
6698,53020,53,53
6699,53020,53,53
6700,53021,53,53
6701,53021,53,53
6702,53021,53,53
6703,53021,53,53
6704,53021,53,53
6705,53021,53,53
6706,53021,53,53
6707,53021,53,53
6708,53021,53,53
6709,53021,53,53
6710,53021,53,53
6711,53021,53,53
6712,53021,53,53
6713,53021,53,53
6714,53021,53,53
6715,53021,53,53
6716,53021,53,53
6717,53021,53,53
6718,53021,53,53
6719,53021,53,53
6720,53021,53,53
6721,53021,53,53
6722,53021,53,53
6723,53021,53,53
6724,53021,53,53
6725,53021,53,53
6726,53021,53,53
6727,53021,53,53
6728,53021,53,53
6729,53021,53,53
6730,53021,53,53
6731,53021,53,53
6732,53021,53,53
6733,53021,53,53
6734,53021,53,53
6735,53021,53,53
6736,53021,53,53
6737,53021,53,53
6738,53021,53,53
6739,53021,53,53
6740,53021,53,53
6741,53021,53,53
6742,53021,53,53
6743,53022,53,53
6744,53022,53,53
6745,53022,53,53
6746,53023,53,53
6747,53023,53,53
6748,53023,53,53
6749,53023,53,53
6750,53023,53,53
6751,53023,53,53
6752,53023,53,53
6753,53023,53,53
6754,53023,53,53
6755,53023,53,53
6756,53023,53,53
6757,53023,53,53
6758,53024,53,53
6759,53024,53,53
6760,53024,53,53
6761,53024,53,53
6762,53024,53,53
6763,53024,53,53
6764,53024,53,53
6765,53024,53,53
6766,53024,53,53
6767,53024,53,53
6768,53024,53,53
6769,53024,53,53
6770,53024,53,53
6771,53024,53,53
6772,53026,53,53
6773,53026,53,53
6774,53026,53,53
6775,53026,53,53
6776,53026,53,53
6777,53027,53,53
6778,53027,53,53
6779,53027,53,53
6780,53027,53,53
6781,53027,53,53
6782,53027,53,53
6783,53027,53,53
6784,53027,53,53
6785,53027,53,53
6786,53028,53,53
6787,53028,53,53
6788,53028,53,53
6789,53028,53,53
6790,49002,53,53
6791,49002,53,53
6792,49002,53,53
6793,49002,53,53
6794,49002,53,53
6795,49002,53,53
6796,49002,53,53
6797,49002,53,53
6798,49002,53,53
6799,49002,53,53
6800,49002,53,53
6801,49002,53,53
6802,49007,53,59
6803,49009,53,59
6804,49012,53,68
6805,49012,53,68
6806,49012,53,68
6807,49012,53,68
6808,49012,53,68
6809,49012,53,68
6810,49012,53,68
6811,49012,53,68
6812,49012,53,68
6813,49012,53,68
6814,49012,53,68
6815,49012,53,68
6816,49012,53,68
6817,49012,53,68
6818,49012,53,68
6819,49012,53,68
6820,49012,53,68
6821,49012,53,68
6822,49012,53,68
6823,49012,53,68
6824,49012,53,68
6825,49012,53,68
6826,49012,53,68
6827,49012,53,68
6828,49012,53,68
6829,49012,53,68
6830,49012,53,68
6831,49012,53,68
6832,49012,53,68
6833,49012,53,68
6834,49012,53,68
6835,49012,53,68
6836,49012,53,68
6837,49014,53,68
6838,49014,53,68
6839,49018,53,62
6840,49018,53,62
6841,49018,53,62
6842,49020,53,53
6843,49020,53,53
6844,49020,53,53
6845,49020,53,53
6846,49020,53,53
6847,50011,53,55
6848,50027,53,55
6849,50027,53,55
6850,47011,53,63
6851,52001,53,52
6852,52001,53,52
6853,52001,53,51
6854,52017,53,52
6855,52020,53,53
6856,52020,53,53
6857,52023,53,49
6858,52030,53,52
6859,52032,53,51
6860,52037,53,52
6861,51002,54,48
6862,48001,54,57
6863,48001,54,57
6864,48002,54,61
6865,48002,54,61
6866,48002,54,61
6867,48002,54,61
6868,48002,54,61
6869,48002,54,61
6870,48002,54,61
6871,48002,54,61
6872,48002,54,61
6873,48002,54,61
6874,48002,54,61
6875,48002,54,61
6876,48002,54,61
6877,48002,54,61
6878,48002,54,61
6879,48002,54,61
6880,48002,54,61
6881,48002,54,61
6882,48002,54,61
6883,48002,54,61
6884,48002,54,61
6885,48002,54,61
6886,48002,54,61
6887,48002,54,61
6888,48002,54,61
6889,48002,54,61
6890,48002,54,61
6891,48002,54,61
6892,48002,54,61
6893,48002,54,61
6894,48002,54,61
6895,48002,54,61
6896,48002,54,61
6897,48002,54,61
6898,48002,54,61
6899,48002,54,61
6900,48002,54,61
6901,48002,54,61
6902,48002,54,61
6903,48002,54,61
6904,48002,54,61
6905,48002,54,61
6906,48002,54,61
6907,48002,54,61
6908,48002,54,61
6909,48002,54,61
6910,48002,54,61
6911,48002,54,61
6912,48002,54,61
6913,48002,54,61
6914,48002,54,61
6915,48002,54,61
6916,48002,54,61
6917,48002,54,61
6918,48004,54,54
6919,48004,54,50
6920,48004,54,50
6921,48004,54,60
6922,48004,54,54
6923,48004,54,54
6924,48004,54,60
6925,48004,54,60
6926,48004,54,54
6927,48004,54,60
6928,48004,54,60
6929,48004,54,50
6930,48004,54,54
6931,48004,54,50
6932,48004,54,50
6933,48004,54,60
6934,48004,54,50
6935,48004,54,60
6936,48004,54,50
6937,48004,54,60
6938,48004,54,60
6939,48004,54,54
6940,48004,54,60
6941,48004,54,50
6942,48004,54,54
6943,48004,54,50
6944,48004,54,60
6945,48004,54,54
6946,48004,54,50
6947,48004,54,50
6948,48004,54,54
6949,48004,54,50
6950,48004,54,54
6951,48004,54,50
6952,48004,54,50
6953,48004,54,50
6954,48004,54,60
6955,48004,54,60
6956,48004,54,60
6957,48004,54,54
6958,48004,54,60
6959,48004,54,54
6960,48004,54,60
6961,48004,54,60
6962,48004,54,60
6963,48004,54,54
6964,48004,54,54
6965,48004,54,60
6966,48004,54,54
6967,48004,54,54
6968,48004,54,54
6969,48004,54,50
6970,48004,54,60
6971,48004,54,60
6972,48004,54,60
6973,48004,54,54
6974,48004,54,54
6975,48004,54,54
6976,48004,54,50
6977,48004,54,60
6978,48004,54,60
6979,48004,54,50
6980,48004,54,50
6981,48004,54,60
6982,48004,54,60
6983,48004,54,54
6984,48004,54,54
6985,48004,54,60
6986,48004,54,60
6987,48004,54,60
6988,48004,54,60
6989,48004,54,60
6990,48004,54,50
6991,48004,54,54
6992,48004,54,54
6993,48004,54,54
6994,48004,54,60
6995,48004,54,60
6996,48004,54,60
6997,48004,54,60
6998,48004,54,50
6999,48004,54,60
7000,48004,54,54
7001,48004,54,54
7002,48004,54,54
7003,48005,54,61
7004,48013,54,70
7005,48013,54,70
7006,48013,54,70
7007,48013,54,70
7008,48013,54,70
7009,48013,54,70
7010,48013,54,70
7011,48013,54,70
7012,48013,54,70
7013,48013,54,70
7014,48013,54,70
7015,48013,54,70
7016,48013,54,70
7017,48013,54,70
7018,48013,54,70
7019,48013,54,70
7020,48013,54,70
7021,48015,54,57
7022,48015,54,57
7023,48015,54,57
7024,48015,54,57
7025,48017,54,54
7026,48017,54,60
7027,48017,54,60
7028,48017,54,54
7029,48018,54,61
7030,48018,54,61
7031,48018,54,61
7032,48018,54,61
7033,48018,54,61
7034,48018,54,61
7035,48018,54,61
7036,48018,54,61
7037,48018,54,61
7038,48018,54,61
7039,48025,54,57
7040,48025,54,57
7041,48025,54,57
7042,48025,54,57
7043,48025,54,57
7044,48025,54,57
7045,48025,54,57
7046,48026,54,60
7047,48026,54,54
7048,48026,54,50
7049,48026,54,54
7050,48026,54,60
7051,48031,54,60
7052,48031,54,50
7053,48032,54,70
7054,48033,54,57
7055,48033,54,57
7056,48033,54,57
7057,48033,54,57
7058,48035,54,70
7059,48037,54,57
7060,48037,54,57
7061,48037,54,57
7062,48037,54,57
7063,48037,54,57
7064,48037,54,57
7065,48037,54,57
7066,48039,54,70
7067,48041,54,54
7068,48046,54,60
7069,48046,54,54
7070,48046,54,60
7071,48049,54,70
7072,48049,54,70
7073,48049,54,70
7074,48049,54,70
7075,48049,54,70
7076,48049,54,70
7077,48049,54,70
7078,48049,54,70
7079,48049,54,70
7080,48049,54,70
7081,48049,54,70
7082,48049,54,70
7083,48049,54,70
7084,48049,54,70
7085,48049,54,70
7086,48049,54,70
7087,48049,54,70
7088,48049,54,70
7089,48049,54,70
7090,48049,54,70
7091,48049,54,70
7092,48049,54,70
7093,48049,54,70
7094,48049,54,70
7095,48049,54,70
7096,48049,54,70
7097,48049,54,70
7098,48049,54,70
7099,48049,54,70
7100,48049,54,70
7101,48049,54,70
7102,48049,54,70
7103,48049,54,70
7104,48049,54,70
7105,48049,54,70
7106,48049,54,70
7107,48053,54,60
7108,48053,54,54
7109,48053,54,60
7110,48053,54,54
7111,48053,54,54
7112,48053,54,54
7113,48053,54,60
7114,48053,54,54
7115,48053,54,50
7116,48053,54,60
7117,48053,54,50
7118,48053,54,50
7119,48053,54,50
7120,48053,54,50
7121,48053,54,50
7122,48053,54,50
7123,48053,54,50
7124,48053,54,54
7125,48053,54,50
7126,48053,54,54
7127,48053,54,60
7128,48053,54,50
7129,48053,54,60
7130,48053,54,54
7131,48053,54,54
7132,48053,54,54
7133,48053,54,54
7134,48053,54,60
7135,48053,54,50
7136,48053,54,54
7137,48053,54,50
7138,48053,54,54
7139,48053,54,60
7140,48053,54,60
7141,48053,54,60
7142,48053,54,50
7143,48053,54,60
7144,48053,54,54
7145,48053,54,60
7146,48053,54,50
7147,48053,54,50
7148,48053,54,60
7149,48053,54,54
7150,48053,54,60
7151,48053,54,50
7152,48053,54,50
7153,48053,54,50
7154,48053,54,54
7155,48053,54,60
7156,48053,54,54
7157,48053,54,60
7158,48053,54,50
7159,48053,54,50
7160,53011,54,53
7161,100005,54,61
7162,47011,54,63
7163,52009,54,48
7164,51002,55,48
7165,51015,55,48
7166,51018,55,48
7167,48006,55,61
7168,48010,55,64
7169,48010,55,64
7170,48010,55,64
7171,48010,55,64
7172,48010,55,64
7173,48010,55,64
7174,48010,55,64
7175,48010,55,64
7176,48010,55,64
7177,48010,55,64
7178,48010,55,64
7179,48010,55,64
7180,48010,55,64
7181,48010,55,64
7182,48010,55,64
7183,48010,55,64
7184,48010,55,64
7185,48010,55,64
7186,48010,55,64
7187,48010,55,64
7188,48011,55,64
7189,48011,55,64
7190,48012,55,55
7191,48012,55,55
7192,48012,55,55
7193,48012,55,55
7194,48012,55,55
7195,48012,55,55
7196,48012,55,55
7197,48012,55,55
7198,48012,55,55
7199,48012,55,55
7200,48012,55,55
7201,48012,55,55
7202,48012,55,55
7203,48012,55,55
7204,48012,55,55
7205,48012,55,55
7206,48012,55,55
7207,48012,55,55
7208,48012,55,55
7209,48012,55,55
7210,48012,55,55
7211,48012,55,55
7212,48012,55,55
7213,48012,55,55
7214,48012,55,55
7215,48012,55,55
7216,48012,55,55
7217,48012,55,55
7218,48012,55,55
7219,48012,55,55
7220,48012,55,55
7221,48012,55,55
7222,48012,55,55
7223,48012,55,55
7224,48012,55,55
7225,48012,55,55
7226,48012,55,55
7227,48012,55,55
7228,48012,55,55
7229,48012,55,55
7230,48012,55,55
7231,48012,55,55
7232,48012,55,55
7233,48012,55,55
7234,48012,55,55
7235,48012,55,55
7236,48012,55,55
7237,48012,55,55
7238,48012,55,55
7239,48012,55,55
7240,48012,55,55
7241,48014,55,64
7242,48014,55,64
7243,48014,55,64
7244,48017,55,60
7245,48019,55,64
7246,48019,55,64
7247,48019,55,64
7248,48019,55,64
7249,48019,55,64
7250,48020,55,55
7251,48020,55,55
7252,48020,55,55
7253,48020,55,55
7254,48020,55,55
7255,48020,55,55
7256,48020,55,55
7257,48020,55,55
7258,48020,55,55
7259,48020,55,55
7260,48021,55,70
7261,48021,55,70
7262,48024,55,60
7263,48025,55,57
7264,48027,55,64
7265,48027,55,64
7266,48027,55,64
7267,48027,55,64
7268,48027,55,64
7269,48027,55,64
7270,48027,55,64
7271,48027,55,64
7272,48027,55,64
7273,48027,55,64
7274,48028,55,64
7275,48028,55,64
7276,48030,55,64
7277,48030,55,64
7278,48030,55,64
7279,48030,55,64
7280,48030,55,64
7281,48030,55,64
7282,48030,55,64
7283,48030,55,64
7284,48030,55,64
7285,48030,55,64
7286,48038,55,57
7287,48038,55,57
7288,48050,55,64
7289,48054,55,55
7290,48054,55,55
7291,48054,55,55
7292,48054,55,55
7293,48054,55,55
7294,48054,55,55
7295,48054,55,55
7296,48054,55,55
7297,48054,55,55
7298,48054,55,55
7299,48054,55,55
7300,48054,55,55
7301,48054,55,55
7302,48054,55,55
7303,48054,55,55
7304,48054,55,55
7305,48054,55,55
7306,48054,55,55
7307,48054,55,55
7308,48054,55,55
7309,48054,55,55
7310,48054,55,55
7311,48054,55,55
7312,48054,55,55
7313,48054,55,55
7314,48054,55,55
7315,48054,55,55
7316,48054,55,55
7317,48054,55,55
7318,48054,55,55
7319,53006,55,53
7320,53006,55,53
7321,53008,55,53
7322,53008,55,53
7323,53011,55,53
7324,53011,55,53
7325,53011,55,53
7326,53017,55,55
7327,53018,55,53
7328,53023,55,53
7329,49009,55,59
7330,49009,55,59
7331,49012,55,68
7332,50004,55,65
7333,50019,55,65
7334,50022,55,65
7335,50022,55,65
7336,50022,55,65
7337,50022,55,65
7338,50026,55,58
7339,50027,55,55
7340,50027,55,55
7341,50032,55,64
7342,50032,55,64
7343,50032,55,64
7344,50032,55,64
7345,50032,55,64
7346,50032,55,64
7347,50032,55,64
7348,50032,55,64
7349,50032,55,64
7350,50032,55,64
7351,50032,55,64
7352,50032,55,64
7353,50032,55,64
7354,50032,55,64
7355,50032,55,64
7356,50032,55,64
7357,50032,55,64
7358,50032,55,64
7359,50032,55,64
7360,50032,55,64
7361,50032,55,64
7362,50033,55,65
7363,50033,55,65
7364,50033,55,65
7365,50039,55,55
7366,50039,55,55
7367,50039,55,55
7368,50039,55,55
7369,50039,55,55
7370,50039,55,55
7371,50039,55,55
7372,47005,55,64
7373,47012,55,69
7374,52002,55,52
7375,52004,55,55
7376,52004,55,55
7377,52004,55,55
7378,52004,55,55
7379,52004,55,55
7380,52004,55,55
7381,52004,55,55
7382,52004,55,55
7383,52004,55,55
7384,52004,55,55
7385,52004,55,55
7386,52004,55,55
7387,52004,55,55
7388,52005,55,55
7389,52005,55,55
7390,52005,55,55
7391,52006,55,52
7392,52006,55,51
7393,52006,55,51
7394,52010,55,52
7395,52010,55,52
7396,52012,55,55
7397,52012,55,55
7398,52012,55,55
7399,52012,55,55
7400,52012,55,55
7401,52012,55,55
7402,52012,55,55
7403,52012,55,55
7404,52012,55,55
7405,52012,55,55
7406,52012,55,55
7407,52012,55,55
7408,52012,55,55
7409,52012,55,55
7410,52012,55,55
7411,52012,55,55
7412,52012,55,55
7413,52012,55,55
7414,52012,55,55
7415,52012,55,55
7416,52012,55,55
7417,52012,55,55
7418,52012,55,55
7419,52012,55,55
7420,52012,55,55
7421,52012,55,55
7422,52012,55,55
7423,52012,55,55
7424,52012,55,55
7425,52012,55,55
7426,52012,55,55
7427,52012,55,55
7428,52012,55,55
7429,52012,55,55
7430,52012,55,55
7431,52012,55,55
7432,52012,55,55
7433,52012,55,55
7434,52012,55,55
7435,52012,55,55
7436,52012,55,55
7437,52012,55,55
7438,52012,55,55
7439,52012,55,55
7440,52012,55,55
7441,52012,55,55
7442,52012,55,55
7443,52012,55,55
7444,52012,55,55
7445,52012,55,55
7446,52012,55,55
7447,52012,55,55
7448,52012,55,55
7449,52012,55,55
7450,52012,55,55
7451,52012,55,55
7452,52012,55,55
7453,52012,55,55
7454,52012,55,55
7455,52012,55,55
7456,52012,55,55
7457,52012,55,55
7458,52012,55,55
7459,52012,55,55
7460,52012,55,55
7461,52012,55,55
7462,52012,55,55
7463,52012,55,55
7464,52012,55,55
7465,52012,55,55
7466,52012,55,55
7467,52012,55,55
7468,52012,55,55
7469,52012,55,55
7470,52012,55,55
7471,52012,55,55
7472,52012,55,55
7473,52012,55,55
7474,52012,55,55
7475,52012,55,55
7476,52012,55,55
7477,52012,55,55
7478,52012,55,55
7479,52012,55,55
7480,52012,55,55
7481,52012,55,55
7482,52012,55,55
7483,52012,55,55
7484,52012,55,55
7485,52012,55,55
7486,52012,55,55
7487,52012,55,55
7488,52012,55,55
7489,52012,55,55
7490,52012,55,55
7491,52012,55,55
7492,52012,55,55
7493,52012,55,55
7494,52012,55,55
7495,52012,55,55
7496,52012,55,55
7497,52012,55,55
7498,52012,55,55
7499,52012,55,55
7500,52012,55,55
7501,52012,55,55
7502,52012,55,55
7503,52012,55,55
7504,52012,55,55
7505,52012,55,55
7506,52012,55,55
7507,52012,55,55
7508,52012,55,55
7509,52012,55,55
7510,52012,55,55
7511,52013,55,49
7512,52013,55,49
7513,52016,55,55
7514,52016,55,55
7515,52016,55,55
7516,52016,55,55
7517,52016,55,55
7518,52016,55,55
7519,52016,55,55
7520,52016,55,55
7521,52016,55,55
7522,52016,55,55
7523,52016,55,55
7524,52017,55,51
7525,52017,55,52
7526,52018,55,51
7527,52018,55,51
7528,52018,55,52
7529,52019,55,52
7530,52022,55,55
7531,52022,55,55
7532,52022,55,55
7533,52022,55,55
7534,52022,55,55
7535,52022,55,55
7536,52022,55,55
7537,52022,55,55
7538,52022,55,55
7539,52022,55,55
7540,52022,55,55
7541,52022,55,55
7542,52022,55,55
7543,52022,55,55
7544,52022,55,55
7545,52022,55,55
7546,52022,55,55
7547,52022,55,55
7548,52022,55,55
7549,52022,55,55
7550,52022,55,55
7551,52022,55,55
7552,52022,55,55
7553,52022,55,55
7554,52022,55,55
7555,52022,55,55
7556,52022,55,55
7557,52022,55,55
7558,52022,55,55
7559,52022,55,55
7560,52022,55,55
7561,52022,55,55
7562,52022,55,55
7563,52022,55,55
7564,52022,55,55
7565,52022,55,55
7566,52022,55,55
7567,52022,55,55
7568,52022,55,55
7569,52022,55,55
7570,52022,55,55
7571,52022,55,55
7572,52022,55,55
7573,52022,55,55
7574,52022,55,55
7575,52022,55,55
7576,52022,55,55
7577,52022,55,55
7578,52022,55,55
7579,52022,55,55
7580,52022,55,55
7581,52022,55,55
7582,52022,55,55
7583,52022,55,55
7584,52022,55,55
7585,52022,55,55
7586,52022,55,55
7587,52022,55,55
7588,52022,55,55
7589,52022,55,55
7590,52022,55,55
7591,52022,55,55
7592,52022,55,55
7593,52022,55,55
7594,52022,55,55
7595,52022,55,55
7596,52022,55,55
7597,52022,55,55
7598,52022,55,55
7599,52022,55,55
7600,52022,55,55
7601,52022,55,55
7602,52022,55,55
7603,52022,55,55
7604,52022,55,55
7605,52022,55,55
7606,52022,55,55
7607,52022,55,55
7608,52022,55,55
7609,52022,55,55
7610,52022,55,55
7611,52022,55,55
7612,52022,55,55
7613,52022,55,55
7614,52022,55,55
7615,52022,55,55
7616,52022,55,55
7617,52022,55,55
7618,52022,55,55
7619,52022,55,55
7620,52022,55,55
7621,52022,55,55
7622,52022,55,55
7623,52022,55,55
7624,52022,55,55
7625,52022,55,55
7626,52022,55,55
7627,52022,55,55
7628,52022,55,55
7629,52022,55,55
7630,52022,55,55
7631,52022,55,55
7632,52022,55,55
7633,52022,55,55
7634,52022,55,55
7635,52022,55,55
7636,52022,55,55
7637,52022,55,55
7638,52022,55,55
7639,52022,55,55
7640,52022,55,55
7641,52022,55,55
7642,52022,55,55
7643,52022,55,55
7644,52022,55,55
7645,52022,55,55
7646,52022,55,55
7647,52022,55,55
7648,52022,55,55
7649,52022,55,55
7650,52022,55,55
7651,52022,55,55
7652,52022,55,55
7653,52022,55,55
7654,52022,55,55
7655,52022,55,55
7656,52022,55,55
7657,52022,55,55
7658,52022,55,55
7659,52022,55,55
7660,52022,55,55
7661,52022,55,55
7662,52022,55,55
7663,52023,55,49
7664,52025,55,55
7665,52025,55,55
7666,52025,55,55
7667,52025,55,55
7668,52028,55,55
7669,52028,55,55
7670,52028,55,55
7671,52028,55,55
7672,52028,55,55
7673,52028,55,55
7674,52028,55,55
7675,52028,55,55
7676,52028,55,55
7677,52028,55,55
7678,52028,55,55
7679,52028,55,55
7680,52028,55,55
7681,52028,55,55
7682,52028,55,55
7683,52028,55,55
7684,52028,55,55
7685,52028,55,55
7686,52028,55,55
7687,52028,55,55
7688,52028,55,55
7689,52028,55,55
7690,52028,55,55
7691,52028,55,55
7692,52028,55,55
7693,52028,55,55
7694,52028,55,55
7695,52028,55,55
7696,52028,55,55
7697,52028,55,55
7698,52028,55,55
7699,52028,55,55
7700,52028,55,55
7701,52028,55,55
7702,52032,55,51
7703,52032,55,52
7704,52032,55,51
7705,52032,55,51
7706,52032,55,52
7707,52032,55,51
7708,52032,55,51
7709,52032,55,52
7710,52032,55,52
7711,52032,55,51
7712,52032,55,51
7713,52032,55,52
7714,52033,55,48
7715,52034,55,52
7716,52034,55,51
7717,52034,55,51
7718,52034,55,51
7719,51002,56,48
7720,51004,56,48
7721,51013,56,49
7722,51022,56,48
7723,48006,56,50
7724,48014,56,64
7725,48017,56,54
7726,48017,56,50
7727,48017,56,50
7728,48017,56,60
7729,48017,56,50
7730,48017,56,50
7731,48017,56,60
7732,48018,56,61
7733,48019,56,64
7734,48019,56,64
7735,48021,56,70
7736,53009,56,53
7737,49004,56,68
7738,49007,56,59
7739,49009,56,59
7740,49009,56,59
7741,49014,56,68
7742,49014,56,68
7743,49017,56,62
7744,46001,56,69
7745,46001,56,69
7746,46001,56,69
7747,46005,56,66
7748,46005,56,66
7749,46005,56,66
7750,46005,56,66
7751,46005,56,66
7752,46005,56,66
7753,46005,56,66
7754,46005,56,66
7755,46005,56,66
7756,46005,56,66
7757,46007,56,69
7758,46007,56,69
7759,46007,56,69
7760,46007,56,69
7761,46009,56,71
7762,46011,56,71
7763,46013,56,56
7764,46013,56,56
7765,46013,56,56
7766,46013,56,56
7767,46015,56,71
7768,46017,56,69
7769,46017,56,69
7770,46017,56,69
7771,46017,56,69
7772,46017,56,69
7773,46018,56,69
7774,46018,56,69
7775,46018,56,69
7776,46018,56,69
7777,46022,56,69
7778,46023,56,71
7779,46024,56,66
7780,46024,56,66
7781,46024,56,66
7782,46024,56,66
7783,46024,56,66
7784,46024,56,66
7785,46024,56,66
7786,46024,56,66
7787,46024,56,66
7788,46028,56,56
7789,46028,56,56
7790,46028,56,56
7791,46028,56,56
7792,46028,56,56
7793,46028,56,56
7794,46030,56,56
7795,46030,56,56
7796,46033,56,66
7797,45001,56,56
7798,45001,56,56
7799,45001,56,56
7800,45001,56,56
7801,45001,56,56
7802,45001,56,56
7803,45001,56,56
7804,45001,56,56
7805,45001,56,56
7806,45001,56,56
7807,45001,56,56
7808,45001,56,56
7809,45001,56,56
7810,45001,56,56
7811,45001,56,56
7812,45001,56,56
7813,45001,56,56
7814,45001,56,56
7815,45001,56,56
7816,45001,56,56
7817,45001,56,56
7818,45001,56,56
7819,45001,56,56
7820,45001,56,56
7821,45001,56,56
7822,45001,56,56
7823,45001,56,56
7824,45001,56,56
7825,45001,56,56
7826,45001,56,56
7827,45001,56,56
7828,45001,56,56
7829,45001,56,56
7830,45001,56,56
7831,45001,56,56
7832,45001,56,56
7833,45001,56,56
7834,45001,56,56
7835,45001,56,56
7836,45001,56,56
7837,45001,56,56
7838,45001,56,56
7839,45001,56,56
7840,45001,56,56
7841,45001,56,56
7842,45001,56,56
7843,45001,56,56
7844,45001,56,56
7845,45001,56,56
7846,45001,56,56
7847,45001,56,56
7848,45001,56,56
7849,45002,56,56
7850,45002,56,56
7851,45002,56,56
7852,45002,56,56
7853,45002,56,56
7854,45003,56,56
7855,45003,56,56
7856,45003,56,56
7857,45003,56,56
7858,45003,56,56
7859,45003,56,56
7860,45003,56,56
7861,45003,56,56
7862,45003,56,56
7863,45003,56,56
7864,45003,56,56
7865,45003,56,56
7866,45003,56,56
7867,45003,56,56
7868,45003,56,56
7869,45003,56,56
7870,45003,56,56
7871,45003,56,56
7872,45003,56,56
7873,45003,56,56
7874,45003,56,56
7875,45003,56,56
7876,45003,56,56
7877,45003,56,56
7878,45003,56,56
7879,45003,56,56
7880,45003,56,56
7881,45003,56,56
7882,45003,56,56
7883,45003,56,56
7884,45003,56,56
7885,45003,56,56
7886,45003,56,56
7887,45003,56,56
7888,45003,56,56
7889,45003,56,56
7890,45003,56,56
7891,45003,56,56
7892,45003,56,56
7893,45003,56,56
7894,45003,56,56
7895,45003,56,56
7896,45003,56,56
7897,45003,56,56
7898,45003,56,56
7899,45003,56,56
7900,45003,56,56
7901,45003,56,56
7902,45003,56,56
7903,45003,56,56
7904,45003,56,56
7905,45003,56,56
7906,45003,56,56
7907,45003,56,56
7908,45003,56,56
7909,45003,56,56
7910,45003,56,56
7911,45003,56,56
7912,45003,56,56
7913,45003,56,56
7914,45003,56,56
7915,45003,56,56
7916,45003,56,56
7917,45003,56,56
7918,45003,56,56
7919,45003,56,56
7920,45003,56,56
7921,45003,56,56
7922,45003,56,56
7923,45003,56,56
7924,45003,56,56
7925,45003,56,56
7926,45003,56,56
7927,45003,56,56
7928,45003,56,56
7929,45003,56,56
7930,45003,56,56
7931,45003,56,56
7932,45003,56,56
7933,45003,56,56
7934,45003,56,56
7935,45003,56,56
7936,45003,56,56
7937,45003,56,56
7938,45003,56,56
7939,45003,56,56
7940,45003,56,56
7941,45003,56,56
7942,45003,56,56
7943,45003,56,56
7944,45003,56,56
7945,45003,56,56
7946,45003,56,56
7947,45003,56,56
7948,45003,56,56
7949,45003,56,56
7950,45003,56,56
7951,45003,56,56
7952,45003,56,56
7953,45003,56,56
7954,45003,56,56
7955,45003,56,56
7956,45003,56,56
7957,45003,56,56
7958,45003,56,56
7959,45003,56,56
7960,45003,56,56
7961,45003,56,56
7962,45003,56,56
7963,45003,56,56
7964,45003,56,56
7965,45003,56,56
7966,45003,56,56
7967,45003,56,56
7968,45003,56,56
7969,45003,56,56
7970,45003,56,56
7971,45003,56,56
7972,45003,56,56
7973,45003,56,56
7974,45003,56,56
7975,45003,56,56
7976,45003,56,56
7977,45003,56,56
7978,45003,56,56
7979,45003,56,56
7980,45003,56,56
7981,45003,56,56
7982,45003,56,56
7983,45003,56,56
7984,45003,56,56
7985,45003,56,56
7986,45003,56,56
7987,45003,56,56
7988,45003,56,56
7989,45003,56,56
7990,45003,56,56
7991,45003,56,56
7992,45003,56,56
7993,45003,56,56
7994,45003,56,56
7995,45003,56,56
7996,45003,56,56
7997,45003,56,56
7998,45003,56,56
7999,45003,56,56
8000,45003,56,56
8001,45003,56,56
8002,45003,56,56
8003,45003,56,56
8004,45003,56,56
8005,45003,56,56
8006,45003,56,56
8007,45003,56,56
8008,45003,56,56
8009,45003,56,56
8010,45003,56,56
8011,45003,56,56
8012,45003,56,56
8013,45003,56,56
8014,45003,56,56
8015,45003,56,56
8016,45003,56,56
8017,45003,56,56
8018,45003,56,56
8019,45003,56,56
8020,45003,56,56
8021,45003,56,56
8022,45003,56,56
8023,45003,56,56
8024,45003,56,56
8025,45003,56,56
8026,45003,56,56
8027,45003,56,56
8028,45003,56,56
8029,45003,56,56
8030,45003,56,56
8031,45003,56,56
8032,45003,56,56
8033,45003,56,56
8034,45003,56,56
8035,45003,56,56
8036,45003,56,56
8037,45003,56,56
8038,45003,56,56
8039,45003,56,56
8040,45003,56,56
8041,45003,56,56
8042,45003,56,56
8043,45003,56,56
8044,45003,56,56
8045,45003,56,56
8046,45003,56,56
8047,45003,56,56
8048,45003,56,56
8049,45003,56,56
8050,45003,56,56
8051,45003,56,56
8052,45003,56,56
8053,45003,56,56
8054,45003,56,56
8055,45003,56,56
8056,45003,56,56
8057,45003,56,56
8058,45003,56,56
8059,45003,56,56
8060,45003,56,56
8061,45003,56,56
8062,45003,56,56
8063,45003,56,56
8064,45003,56,56
8065,45003,56,56
8066,45003,56,56
8067,45003,56,56
8068,45003,56,56
8069,45003,56,56
8070,45003,56,56
8071,45003,56,56
8072,45003,56,56
8073,45003,56,56
8074,45003,56,56
8075,45003,56,56
8076,45003,56,56
8077,45003,56,56
8078,45003,56,56
8079,45003,56,56
8080,45003,56,56
8081,45003,56,56
8082,45003,56,56
8083,45003,56,56
8084,45003,56,56
8085,45003,56,56
8086,45003,56,56
8087,45003,56,56
8088,45003,56,56
8089,45003,56,56
8090,45003,56,56
8091,45004,56,56
8092,45004,56,56
8093,45005,56,56
8094,45005,56,56
8095,45005,56,56
8096,45005,56,56
8097,45006,56,56
8098,45006,56,56
8099,45006,56,56
8100,45006,56,56
8101,45006,56,56
8102,45006,56,56
8103,45006,56,56
8104,45007,56,56
8105,45007,56,56
8106,45007,56,56
8107,45007,56,56
8108,45007,56,56
8109,45007,56,56
8110,45007,56,56
8111,45007,56,56
8112,45007,56,56
8113,45007,56,56
8114,45007,56,56
8115,45007,56,56
8116,45007,56,56
8117,45007,56,56
8118,45007,56,56
8119,45007,56,56
8120,45008,56,56
8121,45008,56,56
8122,45008,56,56
8123,45008,56,56
8124,45008,56,56
8125,45008,56,56
8126,45008,56,56
8127,45008,56,56
8128,45008,56,56
8129,45008,56,56
8130,45008,56,56
8131,45008,56,56
8132,45008,56,56
8133,45008,56,56
8134,45008,56,56
8135,45008,56,56
8136,45008,56,56
8137,45008,56,56
8138,45008,56,56
8139,45008,56,56
8140,45008,56,56
8141,45008,56,56
8142,45008,56,56
8143,45009,56,56
8144,45009,56,56
8145,45009,56,56
8146,45009,56,56
8147,45009,56,56
8148,45009,56,56
8149,45009,56,56
8150,45009,56,56
8151,45009,56,56
8152,45009,56,56
8153,45009,56,56
8154,45009,56,56
8155,45009,56,56
8156,45009,56,56
8157,45010,56,56
8158,45010,56,56
8159,45010,56,56
8160,45010,56,56
8161,45010,56,56
8162,45010,56,56
8163,45010,56,56
8164,45010,56,56
8165,45010,56,56
8166,45010,56,56
8167,45010,56,56
8168,45010,56,56
8169,45010,56,56
8170,45010,56,56
8171,45010,56,56
8172,45010,56,56
8173,45010,56,56
8174,45010,56,56
8175,45010,56,56
8176,45010,56,56
8177,45010,56,56
8178,45010,56,56
8179,45010,56,56
8180,45010,56,56
8181,45010,56,56
8182,45010,56,56
8183,45010,56,56
8184,45010,56,56
8185,45010,56,56
8186,45010,56,56
8187,45010,56,56
8188,45010,56,56
8189,45010,56,56
8190,45010,56,56
8191,45010,56,56
8192,45010,56,56
8193,45010,56,56
8194,45010,56,56
8195,45010,56,56
8196,45010,56,56
8197,45010,56,56
8198,45010,56,56
8199,45010,56,56
8200,45010,56,56
8201,45010,56,56
8202,45010,56,56
8203,45010,56,56
8204,45010,56,56
8205,45010,56,56
8206,45010,56,56
8207,45010,56,56
8208,45010,56,56
8209,45010,56,56
8210,45010,56,56
8211,45010,56,56
8212,45010,56,56
8213,45010,56,56
8214,45010,56,56
8215,45010,56,56
8216,45010,56,56
8217,45010,56,56
8218,45010,56,56
8219,45010,56,56
8220,45010,56,56
8221,45010,56,56
8222,45010,56,56
8223,45010,56,56
8224,45010,56,56
8225,45010,56,56
8226,45010,56,56
8227,45010,56,56
8228,45010,56,56
8229,45010,56,56
8230,45010,56,56
8231,45010,56,56
8232,45010,56,56
8233,45010,56,56
8234,45010,56,56
8235,45010,56,56
8236,45010,56,56
8237,45010,56,56
8238,45010,56,56
8239,45010,56,56
8240,45010,56,56
8241,45010,56,56
8242,45010,56,56
8243,45010,56,56
8244,45010,56,56
8245,45010,56,56
8246,45010,56,56
8247,45010,56,56
8248,45010,56,56
8249,45010,56,56
8250,45010,56,56
8251,45010,56,56
8252,45010,56,56
8253,45010,56,56
8254,45010,56,56
8255,45010,56,56
8256,45010,56,56
8257,45010,56,56
8258,45010,56,56
8259,45010,56,56
8260,45010,56,56
8261,45010,56,56
8262,45010,56,56
8263,45010,56,56
8264,45010,56,56
8265,45010,56,56
8266,45010,56,56
8267,45010,56,56
8268,45010,56,56
8269,45010,56,56
8270,45010,56,56
8271,45010,56,56
8272,45010,56,56
8273,45010,56,56
8274,45010,56,56
8275,45010,56,56
8276,45010,56,56
8277,45010,56,56
8278,45010,56,56
8279,45010,56,56
8280,45010,56,56
8281,45010,56,56
8282,45010,56,56
8283,45010,56,56
8284,45010,56,56
8285,45010,56,56
8286,45010,56,56
8287,45010,56,56
8288,45010,56,56
8289,45010,56,56
8290,45010,56,56
8291,45010,56,56
8292,45010,56,56
8293,45010,56,56
8294,45010,56,56
8295,45010,56,56
8296,45010,56,56
8297,45010,56,56
8298,45010,56,56
8299,45010,56,56
8300,45010,56,56
8301,45010,56,56
8302,45010,56,56
8303,45010,56,56
8304,45010,56,56
8305,45010,56,56
8306,45010,56,56
8307,45010,56,56
8308,45010,56,56
8309,45010,56,56
8310,45010,56,56
8311,45010,56,56
8312,45010,56,56
8313,45010,56,56
8314,45010,56,56
8315,45010,56,56
8316,45010,56,56
8317,45010,56,56
8318,45010,56,56
8319,45010,56,56
8320,45010,56,56
8321,45010,56,56
8322,45010,56,56
8323,45010,56,56
8324,45010,56,56
8325,45010,56,56
8326,45010,56,56
8327,45010,56,56
8328,45010,56,56
8329,45010,56,56
8330,45010,56,56
8331,45010,56,56
8332,45010,56,56
8333,45010,56,56
8334,45010,56,56
8335,45010,56,56
8336,45010,56,56
8337,45010,56,56
8338,45010,56,56
8339,45010,56,56
8340,45010,56,56
8341,45010,56,56
8342,45010,56,56
8343,45010,56,56
8344,45010,56,56
8345,45010,56,56
8346,45010,56,56
8347,45010,56,56
8348,45010,56,56
8349,45010,56,56
8350,45010,56,56
8351,45010,56,56
8352,45010,56,56
8353,45010,56,56
8354,45010,56,56
8355,45010,56,56
8356,45010,56,56
8357,45010,56,56
8358,45010,56,56
8359,45010,56,56
8360,45010,56,56
8361,45010,56,56
8362,45010,56,56
8363,45010,56,56
8364,45010,56,56
8365,45010,56,56
8366,45010,56,56
8367,45010,56,56
8368,45010,56,56
8369,45010,56,56
8370,45010,56,56
8371,45010,56,56
8372,45010,56,56
8373,45010,56,56
8374,45010,56,56
8375,45010,56,56
8376,45010,56,56
8377,45010,56,56
8378,45010,56,56
8379,45010,56,56
8380,45010,56,56
8381,45010,56,56
8382,45010,56,56
8383,45010,56,56
8384,45010,56,56
8385,45010,56,56
8386,45010,56,56
8387,45010,56,56
8388,45010,56,56
8389,45010,56,56
8390,45010,56,56
8391,45010,56,56
8392,45010,56,56
8393,45010,56,56
8394,45010,56,56
8395,45010,56,56
8396,45010,56,56
8397,45010,56,56
8398,45010,56,56
8399,45010,56,56
8400,45010,56,56
8401,45010,56,56
8402,45010,56,56
8403,45010,56,56
8404,45010,56,56
8405,45010,56,56
8406,45010,56,56
8407,45010,56,56
8408,45010,56,56
8409,45010,56,56
8410,45010,56,56
8411,45010,56,56
8412,45010,56,56
8413,45010,56,56
8414,45010,56,56
8415,45010,56,56
8416,45010,56,56
8417,45010,56,56
8418,45010,56,56
8419,45010,56,56
8420,45010,56,56
8421,45010,56,56
8422,45010,56,56
8423,45010,56,56
8424,45010,56,56
8425,45010,56,56
8426,45010,56,56
8427,45010,56,56
8428,45010,56,56
8429,45010,56,56
8430,45010,56,56
8431,45010,56,56
8432,45010,56,56
8433,45010,56,56
8434,45010,56,56
8435,45010,56,56
8436,45010,56,56
8437,45010,56,56
8438,45010,56,56
8439,45010,56,56
8440,45010,56,56
8441,45010,56,56
8442,45010,56,56
8443,45010,56,56
8444,45011,56,56
8445,45011,56,56
8446,45011,56,56
8447,45011,56,56
8448,45011,56,56
8449,45011,56,56
8450,45011,56,56
8451,45011,56,56
8452,45011,56,56
8453,45011,56,56
8454,45011,56,56
8455,45011,56,56
8456,45011,56,56
8457,45011,56,56
8458,45011,56,56
8459,45011,56,56
8460,45011,56,56
8461,45011,56,56
8462,45011,56,56
8463,45011,56,56
8464,45011,56,56
8465,45011,56,56
8466,45011,56,56
8467,45011,56,56
8468,45011,56,56
8469,45011,56,56
8470,45011,56,56
8471,45011,56,56
8472,45011,56,56
8473,45011,56,56
8474,45011,56,56
8475,45011,56,56
8476,45011,56,56
8477,45011,56,56
8478,45011,56,56
8479,45011,56,56
8480,45011,56,56
8481,45011,56,56
8482,45012,56,56
8483,45012,56,56
8484,45012,56,56
8485,45012,56,56
8486,45012,56,56
8487,45012,56,56
8488,45012,56,56
8489,45012,56,56
8490,45012,56,56
8491,45013,56,56
8492,45013,56,56
8493,45013,56,56
8494,45013,56,56
8495,45014,56,56
8496,45014,56,56
8497,45014,56,56
8498,45014,56,56
8499,45014,56,56
8500,45014,56,56
8501,45014,56,56
8502,45014,56,56
8503,45014,56,56
8504,45014,56,56
8505,45014,56,56
8506,45014,56,56
8507,45014,56,56
8508,45014,56,56
8509,45014,56,56
8510,45014,56,56
8511,45014,56,56
8512,45014,56,56
8513,45014,56,56
8514,45015,56,56
8515,45015,56,56
8516,45015,56,56
8517,45016,56,56
8518,45016,56,56
8519,45016,56,56
8520,45016,56,56
8521,45016,56,56
8522,45016,56,56
8523,45016,56,56
8524,45016,56,56
8525,45016,56,56
8526,45016,56,56
8527,45016,56,56
8528,45016,56,56
8529,45016,56,56
8530,45016,56,56
8531,45016,56,56
8532,45016,56,56
8533,45016,56,56
8534,45016,56,56
8535,45016,56,56
8536,45016,56,56
8537,45017,56,56
8538,45017,56,56
8539,45017,56,56
8540,45017,56,56
8541,50004,56,65
8542,50005,56,65
8543,50005,56,65
8544,50006,56,62
8545,50009,56,65
8546,50010,56,59
8547,50019,56,65
8548,50025,56,65
8549,50026,56,58
8550,50026,56,58
8551,50026,56,67
8552,50026,56,58
8553,50026,56,58
8554,50026,56,67
8555,50028,56,65
8556,50029,56,65
8557,50029,56,65
8558,50031,56,58
8559,50032,56,64
8560,50032,56,64
8561,50037,56,67
8562,100001,56,61
8563,100005,56,61
8564,100005,56,61
8565,100005,56,61
8566,47009,56,63
8567,47014,56,63
8568,47014,56,63
8569,47016,56,69
8570,47017,56,63
8571,47021,56,69
8572,52011,56,48
8573,52033,56,48
8574,51013,57,49
8575,51013,57,49
8576,51020,57,49
8577,51026,57,49
8578,51026,57,49
8579,51031,57,48
8580,51031,57,48
8581,51033,57,49
8582,51033,57,49
8583,51033,57,49
8584,51033,57,49
8585,51034,57,48
8586,51034,57,48
8587,51040,57,70
8588,51040,57,70
8589,51040,57,70
8590,51040,57,70
8591,51040,57,70
8592,51040,57,70
8593,51041,57,70
8594,51041,57,48
8595,48001,57,57
8596,48001,57,57
8597,48001,57,57
8598,48001,57,57
8599,48001,57,57
8600,48001,57,57
8601,48001,57,57
8602,48001,57,57
8603,48001,57,57
8604,48001,57,57
8605,48001,57,57
8606,48001,57,57
8607,48001,57,57
8608,48001,57,57
8609,48001,57,57
8610,48001,57,57
8611,48001,57,57
8612,48001,57,57
8613,48001,57,57
8614,48001,57,57
8615,48001,57,57
8616,48001,57,57
8617,48001,57,57
8618,48001,57,57
8619,48001,57,57
8620,48001,57,57
8621,48001,57,57
8622,48001,57,57
8623,48001,57,57
8624,48001,57,57
8625,48001,57,57
8626,48001,57,57
8627,48001,57,57
8628,48001,57,57
8629,48001,57,57
8630,48001,57,57
8631,48001,57,57
8632,48001,57,57
8633,48001,57,57
8634,48001,57,57
8635,48001,57,57
8636,48001,57,57
8637,48001,57,57
8638,48001,57,57
8639,48001,57,57
8640,48001,57,57
8641,48001,57,57
8642,48001,57,57
8643,48001,57,57
8644,48001,57,57
8645,48001,57,57
8646,48001,57,57
8647,48001,57,57
8648,48001,57,57
8649,48001,57,57
8650,48002,57,61
8651,48004,57,54
8652,48004,57,54
8653,48004,57,60
8654,48005,57,61
8655,48005,57,61
8656,48005,57,61
8657,48006,57,60
8658,48006,57,50
8659,48006,57,54
8660,48006,57,50
8661,48006,57,54
8662,48006,57,61
8663,48013,57,70
8664,48013,57,70
8665,48014,57,64
8666,48014,57,64
8667,48015,57,57
8668,48015,57,57
8669,48015,57,57
8670,48015,57,57
8671,48015,57,57
8672,48015,57,57
8673,48015,57,57
8674,48015,57,57
8675,48015,57,57
8676,48015,57,57
8677,48015,57,57
8678,48017,57,60
8679,48017,57,54
8680,48017,57,54
8681,48017,57,54
8682,48017,57,54
8683,48017,57,54
8684,48017,57,50
8685,48017,57,54
8686,48017,57,54
8687,48017,57,54
8688,48017,57,60
8689,48017,57,54
8690,48017,57,54
8691,48017,57,54
8692,48017,57,60
8693,48017,57,54
8694,48017,57,54
8695,48017,57,60
8696,48017,57,54
8697,48017,57,54
8698,48017,57,50
8699,48017,57,50
8700,48017,57,60
8701,48017,57,60
8702,48017,57,54
8703,48017,57,60
8704,48017,57,60
8705,48017,57,50
8706,48017,57,54
8707,48017,57,60
8708,48017,57,50
8709,48017,57,60
8710,48017,57,50
8711,48017,57,50
8712,48017,57,60
8713,48017,57,54
8714,48017,57,60
8715,48017,57,54
8716,48017,57,60
8717,48017,57,50
8718,48017,57,60
8719,48017,57,60
8720,48017,57,50
8721,48017,57,60
8722,48017,57,60
8723,48017,57,50
8724,48017,57,50
8725,48017,57,60
8726,48017,57,60
8727,48017,57,54
8728,48017,57,60
8729,48017,57,54
8730,48017,57,54
8731,48017,57,50
8732,48017,57,54
8733,48017,57,60
8734,48017,57,50
8735,48017,57,50
8736,48017,57,54
8737,48017,57,50
8738,48017,57,60
8739,48017,57,50
8740,48017,57,50
8741,48017,57,50
8742,48017,57,60
8743,48017,57,60
8744,48017,57,50
8745,48017,57,60
8746,48017,57,54
8747,48017,57,60
8748,48017,57,54
8749,48017,57,54
8750,48017,57,60
8751,48017,57,54
8752,48017,57,54
8753,48017,57,50
8754,48017,57,60
8755,48017,57,60
8756,48017,57,54
8757,48017,57,54
8758,48017,57,60
8759,48017,57,54
8760,48017,57,60
8761,48017,57,50
8762,48017,57,54
8763,48017,57,50
8764,48017,57,54
8765,48017,57,54
8766,48017,57,50
8767,48017,57,50
8768,48017,57,54
8769,48017,57,60
8770,48017,57,54
8771,48017,57,54
8772,48017,57,50
8773,48017,57,50
8774,48017,57,50
8775,48017,57,54
8776,48017,57,50
8777,48017,57,60
8778,48017,57,54
8779,48017,57,60
8780,48017,57,50
8781,48017,57,54
8782,48017,57,54
8783,48017,57,50
8784,48017,57,54
8785,48017,57,60
8786,48017,57,54
8787,48017,57,50
8788,48017,57,50
8789,48017,57,60
8790,48017,57,60
8791,48017,57,50
8792,48017,57,50
8793,48017,57,60
8794,48017,57,54
8795,48017,57,54
8796,48017,57,50
8797,48017,57,54
8798,48017,57,50
8799,48017,57,54
8800,48017,57,54
8801,48017,57,54
8802,48017,57,60
8803,48017,57,60
8804,48017,57,60
8805,48017,57,60
8806,48017,57,60
8807,48017,57,60
8808,48017,57,54
8809,48017,57,54
8810,48017,57,50
8811,48017,57,50
8812,48017,57,54
8813,48017,57,54
8814,48017,57,54
8815,48017,57,54
8816,48017,57,54
8817,48017,57,50
8818,48017,57,54
8819,48017,57,50
8820,48017,57,54
8821,48017,57,50
8822,48017,57,60
8823,48017,57,60
8824,48017,57,54
8825,48017,57,50
8826,48017,57,54
8827,48017,57,54
8828,48017,57,60
8829,48017,57,60
8830,48017,57,54
8831,48017,57,60
8832,48017,57,54
8833,48017,57,50
8834,48017,57,54
8835,48017,57,54
8836,48017,57,50
8837,48017,57,50
8838,48017,57,50
8839,48017,57,60
8840,48017,57,60
8841,48017,57,50
8842,48017,57,54
8843,48017,57,54
8844,48017,57,54
8845,48017,57,54
8846,48017,57,60
8847,48017,57,54
8848,48017,57,60
8849,48017,57,60
8850,48017,57,60
8851,48017,57,50
8852,48017,57,54
8853,48017,57,54
8854,48017,57,50
8855,48017,57,60
8856,48017,57,54
8857,48017,57,60
8858,48017,57,50
8859,48017,57,50
8860,48017,57,60
8861,48017,57,60
8862,48017,57,50
8863,48017,57,50
8864,48017,57,54
8865,48017,57,54
8866,48017,57,60
8867,48017,57,50
8868,48017,57,54
8869,48017,57,50
8870,48017,57,60
8871,48017,57,54
8872,48017,57,54
8873,48017,57,50
8874,48017,57,60
8875,48017,57,60
8876,48017,57,54
8877,48017,57,60
8878,48017,57,50
8879,48017,57,54
8880,48017,57,54
8881,48017,57,60
8882,48017,57,50
8883,48017,57,50
8884,48017,57,54
8885,48017,57,60
8886,48017,57,54
8887,48017,57,50
8888,48017,57,60
8889,48017,57,54
8890,48017,57,60
8891,48017,57,50
8892,48017,57,54
8893,48017,57,50
8894,48017,57,50
8895,48017,57,54
8896,48017,57,50
8897,48017,57,60
8898,48017,57,50
8899,48017,57,60
8900,48017,57,60
8901,48017,57,50
8902,48017,57,50
8903,48017,57,60
8904,48017,57,50
8905,48017,57,54
8906,48017,57,60
8907,48017,57,50
8908,48017,57,54
8909,48017,57,50
8910,48017,57,50
8911,48017,57,50
8912,48017,57,60
8913,48017,57,50
8914,48017,57,50
8915,48017,57,60
8916,48017,57,60
8917,48017,57,50
8918,48017,57,54
8919,48017,57,60
8920,48017,57,54
8921,48017,57,54
8922,48017,57,60
8923,48021,57,70
8924,48021,57,70
8925,48021,57,70
8926,48021,57,70
8927,48021,57,70
8928,48021,57,70
8929,48021,57,70
8930,48021,57,70
8931,48021,57,70
8932,48021,57,70
8933,48021,57,70
8934,48021,57,70
8935,48021,57,70
8936,48021,57,70
8937,48021,57,70
8938,48021,57,70
8939,48021,57,70
8940,48021,57,70
8941,48021,57,70
8942,48021,57,70
8943,48021,57,70
8944,48021,57,70
8945,48021,57,70
8946,48021,57,70
8947,48021,57,70
8948,48021,57,70
8949,48021,57,70
8950,48021,57,70
8951,48021,57,70
8952,48021,57,70
8953,48021,57,70
8954,48021,57,70
8955,48021,57,70
8956,48021,57,70
8957,48021,57,70
8958,48021,57,70
8959,48021,57,70
8960,48021,57,70
8961,48021,57,70
8962,48022,57,57
8963,48022,57,57
8964,48022,57,57
8965,48022,57,57
8966,48022,57,57
8967,48022,57,57
8968,48022,57,57
8969,48022,57,57
8970,48022,57,57
8971,48022,57,57
8972,48022,57,57
8973,48022,57,57
8974,48022,57,57
8975,48022,57,57
8976,48022,57,57
8977,48022,57,57
8978,48022,57,57
8979,48022,57,57
8980,48022,57,57
8981,48022,57,57
8982,48022,57,57
8983,48022,57,57
8984,48022,57,57
8985,48022,57,57
8986,48022,57,57
8987,48024,57,50
8988,48024,57,60
8989,48024,57,54
8990,48024,57,54
8991,48024,57,54
8992,48025,57,57
8993,48025,57,57
8994,48028,57,64
8995,48030,57,64
8996,48032,57,70
8997,48032,57,70
8998,48032,57,70
8999,48032,57,70
9000,48032,57,70
9001,48032,57,70
9002,48032,57,70
9003,48032,57,70
9004,48032,57,70
9005,48032,57,70
9006,48032,57,70
9007,48032,57,70
9008,48032,57,70
9009,48032,57,70
9010,48032,57,70
9011,48032,57,70
9012,48032,57,70
9013,48032,57,70
9014,48032,57,70
9015,48032,57,70
9016,48032,57,70
9017,48032,57,70
9018,48032,57,70
9019,48032,57,70
9020,48032,57,70
9021,48032,57,70
9022,48032,57,70
9023,48032,57,70
9024,48033,57,57
9025,48033,57,57
9026,48033,57,57
9027,48033,57,57
9028,48033,57,57
9029,48033,57,57
9030,48033,57,57
9031,48033,57,57
9032,48033,57,57
9033,48033,57,57
9034,48033,57,57
9035,48033,57,57
9036,48033,57,57
9037,48033,57,57
9038,48033,57,57
9039,48033,57,57
9040,48033,57,57
9041,48033,57,57
9042,48033,57,57
9043,48033,57,57
9044,48033,57,57
9045,48033,57,57
9046,48033,57,57
9047,48033,57,57
9048,48033,57,57
9049,48033,57,57
9050,48033,57,57
9051,48033,57,57
9052,48033,57,57
9053,48033,57,57
9054,48033,57,57
9055,48033,57,57
9056,48033,57,57
9057,48033,57,57
9058,48033,57,57
9059,48033,57,57
9060,48033,57,57
9061,48033,57,57
9062,48033,57,57
9063,48033,57,57
9064,48033,57,57
9065,48033,57,57
9066,48033,57,57
9067,48033,57,57
9068,48033,57,57
9069,48033,57,57
9070,48033,57,57
9071,48033,57,57
9072,48033,57,57
9073,48033,57,57
9074,48033,57,57
9075,48033,57,57
9076,48035,57,70
9077,48035,57,70
9078,48035,57,70
9079,48035,57,70
9080,48035,57,70
9081,48035,57,70
9082,48035,57,70
9083,48035,57,70
9084,48035,57,70
9085,48035,57,70
9086,48035,57,70
9087,48035,57,70
9088,48035,57,70
9089,48035,57,70
9090,48035,57,70
9091,48035,57,70
9092,48035,57,70
9093,48035,57,70
9094,48035,57,70
9095,48035,57,70
9096,48035,57,70
9097,48035,57,70
9098,48035,57,70
9099,48035,57,70
9100,48035,57,70
9101,48035,57,70
9102,48035,57,70
9103,48035,57,70
9104,48035,57,70
9105,48035,57,70
9106,48035,57,70
9107,48035,57,70
9108,48035,57,70
9109,48035,57,70
9110,48035,57,70
9111,48035,57,70
9112,48035,57,70
9113,48035,57,70
9114,48035,57,70
9115,48036,57,70
9116,48036,57,70
9117,48036,57,70
9118,48036,57,70
9119,48036,57,70
9120,48036,57,70
9121,48036,57,70
9122,48036,57,70
9123,48036,57,70
9124,48036,57,70
9125,48036,57,70
9126,48036,57,70
9127,48036,57,70
9128,48036,57,70
9129,48036,57,70
9130,48036,57,70
9131,48036,57,70
9132,48036,57,70
9133,48036,57,70
9134,48036,57,70
9135,48036,57,70
9136,48036,57,70
9137,48036,57,70
9138,48037,57,57
9139,48037,57,57
9140,48037,57,57
9141,48037,57,57
9142,48037,57,57
9143,48037,57,57
9144,48037,57,57
9145,48037,57,57
9146,48038,57,57
9147,48038,57,57
9148,48038,57,57
9149,48038,57,57
9150,48038,57,57
9151,48038,57,57
9152,48038,57,57
9153,48038,57,57
9154,48038,57,57
9155,48038,57,57
9156,48038,57,57
9157,48038,57,57
9158,48038,57,57
9159,48038,57,57
9160,48039,57,70
9161,48041,57,60
9162,48041,57,54
9163,48041,57,60
9164,48041,57,60
9165,48041,57,54
9166,48041,57,54
9167,48041,57,60
9168,48041,57,50
9169,48041,57,54
9170,48041,57,54
9171,48041,57,50
9172,48041,57,54
9173,48043,57,54
9174,48043,57,60
9175,48043,57,54
9176,48043,57,54
9177,48043,57,60
9178,48043,57,54
9179,48043,57,50
9180,48043,57,54
9181,48044,57,54
9182,48044,57,60
9183,48046,57,54
9184,48050,57,64
9185,48050,57,64
9186,48052,57,70
9187,48052,57,70
9188,48052,57,70
9189,48052,57,70
9190,48052,57,70
9191,48052,57,70
9192,48052,57,70
9193,48052,57,70
9194,48052,57,70
9195,48052,57,70
9196,48052,57,70
9197,48052,57,70
9198,48052,57,70
9199,48052,57,70
9200,48052,57,70
9201,48052,57,70
9202,48052,57,70
9203,48052,57,70
9204,48052,57,70
9205,48052,57,70
9206,48052,57,70
9207,48052,57,70
9208,48052,57,70
9209,48052,57,70
9210,48052,57,70
9211,48052,57,70
9212,48052,57,70
9213,48052,57,70
9214,48052,57,70
9215,48052,57,70
9216,48052,57,70
9217,48052,57,70
9218,48052,57,70
9219,48052,57,70
9220,48052,57,70
9221,48052,57,70
9222,48052,57,70
9223,48052,57,70
9224,48052,57,70
9225,48052,57,70
9226,48052,57,70
9227,48052,57,70
9228,48052,57,70
9229,48052,57,70
9230,48052,57,70
9231,48052,57,70
9232,48052,57,70
9233,48052,57,70
9234,48052,57,70
9235,48052,57,70
9236,48052,57,70
9237,48052,57,70
9238,48052,57,70
9239,48052,57,70
9240,48052,57,70
9241,48054,57,55
9242,48054,57,55
9243,48054,57,55
9244,48054,57,55
9245,48054,57,55
9246,48054,57,55
9247,49018,57,62
9248,49021,57,68
9249,46007,57,69
9250,100003,57,63
9251,100005,57,61
9252,100005,57,61
9253,100005,57,61
9254,47002,57,61
9255,47002,57,61
9256,47003,57,69
9257,47011,57,63
9258,47014,57,63
9259,47014,57,63
9260,47016,57,69
9261,52006,57,52
9262,52023,57,49
9263,51016,58,48
9264,51042,58,49
9265,48012,58,55
9266,48012,58,55
9267,48019,58,64
9268,48019,58,64
9269,48019,58,64
9270,48019,58,64
9271,48020,58,55
9272,48050,58,64
9273,53009,58,53
9274,49001,58,62
9275,49002,58,53
9276,49002,58,53
9277,49002,58,53
9278,49002,58,53
9279,49002,58,53
9280,49002,58,53
9281,49003,58,68
9282,49004,58,68
9283,49005,58,59
9284,49006,58,59
9285,49007,58,62
9286,49007,58,59
9287,49007,58,62
9288,49007,58,59
9289,49007,58,62
9290,49007,58,62
9291,49007,58,59
9292,49007,58,59
9293,49007,58,59
9294,49007,58,62
9295,49007,58,59
9296,49007,58,59
9297,49008,58,59
9298,49008,58,62
9299,49008,58,59
9300,49008,58,62
9301,49008,58,59
9302,49008,58,62
9303,49008,58,59
9304,49008,58,59
9305,49008,58,59
9306,49008,58,59
9307,49008,58,59
9308,49008,58,59
9309,49008,58,59
9310,49008,58,59
9311,49008,58,59
9312,49008,58,59
9313,49008,58,62
9314,49008,58,59
9315,49008,58,59
9316,49008,58,59
9317,49008,58,59
9318,49008,58,59
9319,49008,58,59
9320,49008,58,59
9321,49008,58,62
9322,49008,58,62
9323,49008,58,59
9324,49008,58,62
9325,49008,58,59
9326,49008,58,62
9327,49008,58,62
9328,49008,58,62
9329,49009,58,59
9330,49009,58,59
9331,49009,58,62
9332,49009,58,59
9333,49009,58,59
9334,49009,58,59
9335,49009,58,62
9336,49009,58,59
9337,49009,58,62
9338,49009,58,59
9339,49009,58,62
9340,49009,58,59
9341,49009,58,62
9342,49009,58,62
9343,49009,58,59
9344,49009,58,62
9345,49009,58,62
9346,49009,58,62
9347,49009,58,59
9348,49009,58,59
9349,49009,58,62
9350,49009,58,62
9351,49009,58,62
9352,49009,58,62
9353,49009,58,62
9354,49009,58,59
9355,49009,58,62
9356,49009,58,62
9357,49009,58,62
9358,49009,58,59
9359,49009,58,59
9360,49009,58,59
9361,49009,58,59
9362,49009,58,62
9363,49009,58,62
9364,49009,58,62
9365,49009,58,62
9366,49009,58,62
9367,49009,58,62
9368,49009,58,59
9369,49009,58,62
9370,49009,58,59
9371,49009,58,62
9372,49009,58,62
9373,49009,58,59
9374,49009,58,59
9375,49009,58,59
9376,49009,58,59
9377,49009,58,59
9378,49009,58,62
9379,49009,58,62
9380,49009,58,62
9381,49009,58,62
9382,49009,58,62
9383,49009,58,59
9384,49009,58,59
9385,49009,58,59
9386,49009,58,62
9387,49009,58,62
9388,49009,58,62
9389,49009,58,59
9390,49009,58,62
9391,49009,58,59
9392,49009,58,62
9393,49009,58,62
9394,49009,58,59
9395,49009,58,62
9396,49009,58,59
9397,49009,58,62
9398,49009,58,59
9399,49009,58,59
9400,49009,58,59
9401,49009,58,62
9402,49009,58,59
9403,49009,58,62
9404,49009,58,59
9405,49009,58,59
9406,49009,58,62
9407,49009,58,62
9408,49009,58,62
9409,49009,58,59
9410,49009,58,62
9411,49009,58,59
9412,49009,58,62
9413,49009,58,62
9414,49009,58,62
9415,49009,58,59
9416,49009,58,59
9417,49009,58,62
9418,49009,58,59
9419,49009,58,62
9420,49009,58,59
9421,49012,58,68
9422,49012,58,68
9423,49012,58,68
9424,49012,58,68
9425,49012,58,68
9426,49012,58,68
9427,49012,58,68
9428,49012,58,68
9429,49012,58,68
9430,49012,58,68
9431,49012,58,68
9432,49012,58,68
9433,49012,58,68
9434,49012,58,68
9435,49013,58,68
9436,49013,58,68
9437,49014,58,68
9438,49014,58,68
9439,49017,58,62
9440,49017,58,59
9441,49017,58,62
9442,49017,58,59
9443,49017,58,59
9444,49017,58,59
9445,49017,58,62
9446,49017,58,59
9447,49017,58,59
9448,49017,58,59
9449,49017,58,59
9450,49017,58,59
9451,49017,58,59
9452,49017,58,59
9453,49017,58,59
9454,49017,58,59
9455,49017,58,62
9456,49017,58,59
9457,49017,58,62
9458,49017,58,59
9459,49020,58,53
9460,46001,58,69
9461,46001,58,69
9462,46001,58,69
9463,46001,58,69
9464,46001,58,69
9465,46001,58,69
9466,46001,58,69
9467,46001,58,69
9468,46002,58,71
9469,46002,58,71
9470,46002,58,71
9471,46003,58,71
9472,46003,58,71
9473,46003,58,71
9474,46003,58,71
9475,46003,58,71
9476,46004,58,71
9477,46005,58,66
9478,46005,58,66
9479,46005,58,66
9480,46005,58,66
9481,46007,58,69
9482,46007,58,69
9483,46007,58,69
9484,46007,58,69
9485,46007,58,69
9486,46007,58,69
9487,46007,58,69
9488,46007,58,69
9489,46007,58,69
9490,46007,58,69
9491,46007,58,69
9492,46007,58,69
9493,46007,58,69
9494,46007,58,69
9495,46007,58,69
9496,46007,58,69
9497,46007,58,69
9498,46007,58,69
9499,46007,58,69
9500,46007,58,69
9501,46007,58,69
9502,46007,58,69
9503,46007,58,69
9504,46007,58,69
9505,46007,58,69
9506,46007,58,69
9507,46007,58,69
9508,46009,58,71
9509,46009,58,71
9510,46009,58,71
9511,46009,58,71
9512,46009,58,71
9513,46010,58,71
9514,46011,58,71
9515,46011,58,71
9516,46011,58,71
9517,46011,58,71
9518,46011,58,71
9519,46013,58,56
9520,46013,58,56
9521,46015,58,71
9522,46015,58,71
9523,46015,58,71
9524,46017,58,69
9525,46017,58,69
9526,46017,58,69
9527,46017,58,69
9528,46017,58,69
9529,46017,58,69
9530,46017,58,69
9531,46017,58,69
9532,46017,58,69
9533,46017,58,69
9534,46017,58,69
9535,46017,58,69
9536,46017,58,69
9537,46017,58,69
9538,46017,58,69
9539,46017,58,69
9540,46017,58,69
9541,46017,58,69
9542,46017,58,69
9543,46017,58,69
9544,46017,58,69
9545,46017,58,69
9546,46017,58,69
9547,46017,58,69
9548,46017,58,69
9549,46017,58,69
9550,46017,58,69
9551,46017,58,69
9552,46017,58,69
9553,46017,58,69
9554,46017,58,69
9555,46017,58,69
9556,46017,58,69
9557,46017,58,69
9558,46017,58,69
9559,46017,58,69
9560,46017,58,69
9561,46017,58,69
9562,46017,58,69
9563,46017,58,69
9564,46017,58,69
9565,46017,58,69
9566,46017,58,69
9567,46017,58,69
9568,46017,58,69
9569,46017,58,69
9570,46017,58,69
9571,46017,58,69
9572,46017,58,69
9573,46017,58,69
9574,46017,58,69
9575,46017,58,69
9576,46017,58,69
9577,46017,58,69
9578,46017,58,69
9579,46017,58,69
9580,46017,58,69
9581,46017,58,69
9582,46017,58,69
9583,46017,58,69
9584,46017,58,69
9585,46017,58,69
9586,46017,58,69
9587,46017,58,69
9588,46017,58,69
9589,46017,58,69
9590,46017,58,69
9591,46017,58,69
9592,46017,58,69
9593,46017,58,69
9594,46017,58,69
9595,46017,58,69
9596,46017,58,69
9597,46017,58,69
9598,46018,58,69
9599,46018,58,69
9600,46018,58,69
9601,46018,58,69
9602,46018,58,69
9603,46018,58,69
9604,46018,58,69
9605,46018,58,69
9606,46019,58,71
9607,46021,58,69
9608,46022,58,69
9609,46023,58,71
9610,46024,58,66
9611,46024,58,66
9612,46024,58,66
9613,46026,58,69
9614,46026,58,69
9615,46026,58,69
9616,46026,58,69
9617,46026,58,69
9618,46033,58,66
9619,46033,58,66
9620,46033,58,66
9621,46033,58,66
9622,46033,58,66
9623,46033,58,66
9624,46033,58,66
9625,46033,58,66
9626,46033,58,66
9627,46033,58,66
9628,46033,58,66
9629,46033,58,66
9630,46033,58,66
9631,46033,58,66
9632,46033,58,66
9633,46033,58,66
9634,46033,58,66
9635,46033,58,66
9636,46035,58,71
9637,46037,58,71
9638,46037,58,71
9639,45003,58,56
9640,45003,58,56
9641,45003,58,56
9642,45003,58,56
9643,45003,58,56
9644,45003,58,56
9645,45003,58,56
9646,45003,58,56
9647,45008,58,56
9648,45008,58,56
9649,45009,58,56
9650,45010,58,56
9651,45010,58,56
9652,45010,58,56
9653,45010,58,56
9654,45010,58,56
9655,45010,58,56
9656,45010,58,56
9657,45010,58,56
9658,45010,58,56
9659,45010,58,56
9660,45010,58,56
9661,45011,58,56
9662,45012,58,56
9663,50001,58,65
9664,50001,58,65
9665,50001,58,65
9666,50001,58,65
9667,50001,58,65
9668,50001,58,65
9669,50001,58,65
9670,50001,58,65
9671,50001,58,65
9672,50001,58,65
9673,50001,58,65
9674,50001,58,65
9675,50001,58,65
9676,50001,58,65
9677,50001,58,65
9678,50001,58,65
9679,50001,58,65
9680,50001,58,65
9681,50001,58,65
9682,50001,58,65
9683,50002,58,65
9684,50002,58,65
9685,50002,58,65
9686,50002,58,65
9687,50002,58,65
9688,50002,58,65
9689,50002,58,65
9690,50003,58,58
9691,50003,58,58
9692,50003,58,67
9693,50003,58,67
9694,50003,58,58
9695,50003,58,67
9696,50003,58,67
9697,50003,58,58
9698,50003,58,67
9699,50003,58,58
9700,50003,58,58
9701,50003,58,58
9702,50003,58,58
9703,50003,58,67
9704,50003,58,67
9705,50003,58,67
9706,50003,58,67
9707,50003,58,67
9708,50003,58,67
9709,50003,58,58
9710,50003,58,58
9711,50003,58,58
9712,50003,58,58
9713,50003,58,67
9714,50003,58,67
9715,50004,58,65
9716,50004,58,65
9717,50004,58,65
9718,50004,58,65
9719,50004,58,65
9720,50004,58,65
9721,50004,58,65
9722,50004,58,65
9723,50004,58,65
9724,50004,58,65
9725,50004,58,65
9726,50004,58,65
9727,50004,58,65
9728,50004,58,65
9729,50004,58,65
9730,50004,58,65
9731,50004,58,65
9732,50004,58,65
9733,50004,58,65
9734,50004,58,65
9735,50004,58,65
9736,50004,58,65
9737,50004,58,65
9738,50004,58,65
9739,50004,58,65
9740,50004,58,65
9741,50004,58,65
9742,50004,58,65
9743,50004,58,65
9744,50004,58,65
9745,50004,58,65
9746,50004,58,65
9747,50004,58,65
9748,50004,58,65
9749,50004,58,65
9750,50004,58,65
9751,50004,58,65
9752,50004,58,65
9753,50004,58,65
9754,50005,58,65
9755,50005,58,65
9756,50005,58,65
9757,50005,58,65
9758,50005,58,65
9759,50005,58,65
9760,50005,58,65
9761,50008,58,65
9762,50008,58,65
9763,50008,58,65
9764,50008,58,65
9765,50008,58,65
9766,50008,58,65
9767,50008,58,65
9768,50008,58,65
9769,50008,58,65
9770,50008,58,65
9771,50008,58,65
9772,50008,58,65
9773,50008,58,65
9774,50008,58,65
9775,50008,58,65
9776,50008,58,65
9777,50008,58,65
9778,50008,58,65
9779,50008,58,65
9780,50008,58,65
9781,50008,58,65
9782,50008,58,65
9783,50008,58,65
9784,50008,58,65
9785,50008,58,65
9786,50008,58,65
9787,50008,58,65
9788,50008,58,65
9789,50008,58,65
9790,50008,58,65
9791,50008,58,65
9792,50008,58,65
9793,50008,58,65
9794,50008,58,65
9795,50008,58,65
9796,50008,58,65
9797,50008,58,65
9798,50008,58,65
9799,50008,58,65
9800,50008,58,65
9801,50008,58,65
9802,50008,58,65
9803,50008,58,65
9804,50008,58,65
9805,50008,58,65
9806,50008,58,65
9807,50008,58,65
9808,50008,58,65
9809,50008,58,65
9810,50008,58,65
9811,50008,58,65
9812,50008,58,65
9813,50008,58,65
9814,50008,58,65
9815,50008,58,65
9816,50008,58,65
9817,50008,58,65
9818,50008,58,65
9819,50008,58,65
9820,50008,58,65
9821,50008,58,65
9822,50008,58,65
9823,50008,58,65
9824,50008,58,65
9825,50008,58,65
9826,50008,58,65
9827,50008,58,65
9828,50008,58,65
9829,50008,58,65
9830,50008,58,65
9831,50008,58,65
9832,50008,58,65
9833,50008,58,65
9834,50008,58,65
9835,50008,58,65
9836,50008,58,65
9837,50008,58,65
9838,50008,58,65
9839,50008,58,65
9840,50008,58,65
9841,50008,58,65
9842,50008,58,65
9843,50008,58,65
9844,50008,58,65
9845,50008,58,65
9846,50008,58,65
9847,50008,58,65
9848,50008,58,65
9849,50008,58,65
9850,50008,58,65
9851,50008,58,65
9852,50008,58,65
9853,50008,58,65
9854,50008,58,65
9855,50008,58,65
9856,50008,58,65
9857,50008,58,65
9858,50008,58,65
9859,50008,58,65
9860,50008,58,65
9861,50008,58,65
9862,50008,58,65
9863,50008,58,65
9864,50008,58,65
9865,50008,58,65
9866,50008,58,65
9867,50008,58,65
9868,50008,58,65
9869,50008,58,65
9870,50008,58,65
9871,50008,58,65
9872,50008,58,65
9873,50008,58,65
9874,50008,58,65
9875,50008,58,65
9876,50008,58,65
9877,50008,58,65
9878,50008,58,65
9879,50008,58,65
9880,50008,58,65
9881,50008,58,65
9882,50008,58,65
9883,50008,58,65
9884,50008,58,65
9885,50008,58,65
9886,50008,58,65
9887,50008,58,65
9888,50008,58,65
9889,50008,58,65
9890,50008,58,65
9891,50008,58,65
9892,50008,58,65
9893,50008,58,65
9894,50008,58,65
9895,50008,58,65
9896,50008,58,65
9897,50008,58,65
9898,50008,58,65
9899,50008,58,65
9900,50008,58,65
9901,50008,58,65
9902,50008,58,65
9903,50008,58,65
9904,50008,58,65
9905,50008,58,65
9906,50008,58,65
9907,50008,58,65
9908,50008,58,65
9909,50008,58,65
9910,50008,58,65
9911,50008,58,65
9912,50008,58,65
9913,50008,58,65
9914,50008,58,65
9915,50008,58,65
9916,50008,58,65
9917,50008,58,65
9918,50008,58,65
9919,50008,58,65
9920,50008,58,65
9921,50008,58,65
9922,50008,58,65
9923,50008,58,65
9924,50008,58,65
9925,50008,58,65
9926,50008,58,65
9927,50008,58,65
9928,50008,58,65
9929,50008,58,65
9930,50008,58,65
9931,50008,58,65
9932,50008,58,65
9933,50008,58,65
9934,50008,58,65
9935,50008,58,65
9936,50008,58,65
9937,50008,58,65
9938,50008,58,65
9939,50008,58,65
9940,50008,58,65
9941,50008,58,65
9942,50008,58,65
9943,50008,58,65
9944,50008,58,65
9945,50008,58,65
9946,50008,58,65
9947,50008,58,65
9948,50008,58,65
9949,50008,58,65
9950,50008,58,65
9951,50008,58,65
9952,50008,58,65
9953,50008,58,65
9954,50008,58,65
9955,50008,58,65
9956,50008,58,65
9957,50008,58,65
9958,50008,58,65
9959,50008,58,65
9960,50008,58,65
9961,50008,58,65
9962,50008,58,65
9963,50008,58,65
9964,50008,58,65
9965,50008,58,65
9966,50008,58,65
9967,50008,58,65
9968,50008,58,65
9969,50008,58,65
9970,50008,58,65
9971,50008,58,65
9972,50008,58,65
9973,50008,58,65
9974,50008,58,65
9975,50008,58,65
9976,50008,58,65
9977,50008,58,65
9978,50008,58,65
9979,50008,58,65
9980,50008,58,65
9981,50008,58,65
9982,50008,58,65
9983,50009,58,65
9984,50009,58,65
9985,50009,58,65
9986,50009,58,65
9987,50009,58,65
9988,50009,58,65
9989,50009,58,65
9990,50009,58,65
9991,50009,58,65
9992,50009,58,65
9993,50009,58,65
9994,50009,58,65
9995,50009,58,65
9996,50009,58,65
9997,50010,58,59
9998,50010,58,59
9999,50011,58,55
10000,50012,58,65
10001,50012,58,65
10002,50014,58,65
10003,50014,58,65
10004,50014,58,65
10005,50014,58,65
10006,50014,58,65
10007,50014,58,65
10008,50014,58,65
10009,50014,58,65
10010,50014,58,65
10011,50014,58,65
10012,50014,58,65
10013,50014,58,65
10014,50014,58,65
10015,50014,58,65
10016,50014,58,65
10017,50019,58,65
10018,50020,58,62
10019,50022,58,65
10020,50022,58,65
10021,50022,58,65
10022,50022,58,65
10023,50022,58,65
10024,50022,58,65
10025,50022,58,65
10026,50022,58,65
10027,50022,58,65
10028,50022,58,65
10029,50022,58,65
10030,50022,58,65
10031,50023,58,62
10032,50024,58,65
10033,50024,58,65
10034,50024,58,65
10035,50024,58,65
10036,50025,58,65
10037,50025,58,65
10038,50025,58,65
10039,50025,58,65
10040,50025,58,65
10041,50025,58,65
10042,50025,58,65
10043,50025,58,65
10044,50025,58,65
10045,50025,58,65
10046,50026,58,58
10047,50026,58,58
10048,50026,58,58
10049,50026,58,58
10050,50026,58,58
10051,50026,58,58
10052,50026,58,67
10053,50026,58,67
10054,50026,58,58
10055,50026,58,67
10056,50026,58,58
10057,50026,58,67
10058,50026,58,58
10059,50026,58,58
10060,50026,58,58
10061,50026,58,67
10062,50026,58,67
10063,50026,58,58
10064,50026,58,58
10065,50026,58,58
10066,50026,58,67
10067,50026,58,58
10068,50026,58,67
10069,50026,58,58
10070,50026,58,67
10071,50026,58,58
10072,50026,58,58
10073,50026,58,67
10074,50026,58,67
10075,50026,58,58
10076,50026,58,67
10077,50026,58,67
10078,50026,58,58
10079,50026,58,67
10080,50026,58,67
10081,50026,58,58
10082,50026,58,67
10083,50026,58,67
10084,50026,58,58
10085,50026,58,58
10086,50026,58,58
10087,50026,58,58
10088,50026,58,58
10089,50026,58,67
10090,50026,58,58
10091,50026,58,67
10092,50026,58,58
10093,50026,58,58
10094,50026,58,58
10095,50026,58,58
10096,50026,58,58
10097,50026,58,67
10098,50026,58,67
10099,50026,58,58
10100,50026,58,67
10101,50026,58,67
10102,50026,58,67
10103,50026,58,58
10104,50026,58,67
10105,50026,58,58
10106,50026,58,58
10107,50026,58,67
10108,50026,58,67
10109,50026,58,67
10110,50026,58,67
10111,50026,58,58
10112,50026,58,58
10113,50026,58,67
10114,50026,58,67
10115,50026,58,58
10116,50026,58,67
10117,50026,58,58
10118,50026,58,58
10119,50026,58,67
10120,50026,58,58
10121,50026,58,58
10122,50026,58,58
10123,50026,58,58
10124,50026,58,58
10125,50026,58,67
10126,50026,58,58
10127,50026,58,58
10128,50026,58,58
10129,50026,58,58
10130,50026,58,67
10131,50026,58,67
10132,50026,58,58
10133,50026,58,58
10134,50026,58,67
10135,50026,58,58
10136,50026,58,67
10137,50026,58,58
10138,50026,58,58
10139,50026,58,67
10140,50026,58,58
10141,50026,58,58
10142,50026,58,67
10143,50026,58,58
10144,50026,58,67
10145,50026,58,67
10146,50026,58,67
10147,50026,58,67
10148,50026,58,58
10149,50026,58,58
10150,50026,58,58
10151,50026,58,67
10152,50026,58,67
10153,50026,58,58
10154,50026,58,67
10155,50026,58,58
10156,50026,58,58
10157,50026,58,67
10158,50026,58,67
10159,50026,58,67
10160,50026,58,67
10161,50026,58,67
10162,50026,58,58
10163,50026,58,58
10164,50026,58,67
10165,50026,58,67
10166,50026,58,58
10167,50026,58,67
10168,50026,58,67
10169,50026,58,67
10170,50026,58,67
10171,50026,58,67
10172,50026,58,67
10173,50026,58,58
10174,50026,58,58
10175,50026,58,58
10176,50026,58,58
10177,50026,58,58
10178,50026,58,58
10179,50026,58,67
10180,50026,58,58
10181,50026,58,67
10182,50026,58,58
10183,50026,58,67
10184,50026,58,67
10185,50026,58,67
10186,50026,58,67
10187,50026,58,58
10188,50026,58,58
10189,50026,58,58
10190,50026,58,58
10191,50026,58,58
10192,50026,58,58
10193,50026,58,67
10194,50026,58,58
10195,50026,58,67
10196,50026,58,67
10197,50026,58,58
10198,50026,58,67
10199,50026,58,67
10200,50026,58,58
10201,50026,58,58
10202,50026,58,58
10203,50026,58,67
10204,50026,58,67
10205,50026,58,67
10206,50026,58,58
10207,50026,58,58
10208,50026,58,58
10209,50026,58,58
10210,50026,58,67
10211,50026,58,67
10212,50026,58,67
10213,50026,58,67
10214,50026,58,67
10215,50026,58,58
10216,50026,58,67
10217,50026,58,58
10218,50026,58,67
10219,50026,58,58
10220,50026,58,67
10221,50026,58,58
10222,50026,58,67
10223,50026,58,67
10224,50026,58,67
10225,50026,58,58
10226,50026,58,58
10227,50026,58,58
10228,50026,58,58
10229,50026,58,67
10230,50026,58,58
10231,50026,58,58
10232,50026,58,67
10233,50026,58,67
10234,50026,58,58
10235,50026,58,58
10236,50026,58,58
10237,50026,58,67
10238,50026,58,58
10239,50026,58,58
10240,50026,58,67
10241,50026,58,58
10242,50026,58,67
10243,50026,58,58
10244,50026,58,58
10245,50026,58,67
10246,50026,58,58
10247,50026,58,58
10248,50026,58,67
10249,50026,58,67
10250,50026,58,58
10251,50026,58,67
10252,50026,58,58
10253,50026,58,67
10254,50026,58,58
10255,50026,58,67
10256,50026,58,67
10257,50026,58,67
10258,50026,58,67
10259,50026,58,58
10260,50026,58,58
10261,50026,58,58
10262,50026,58,67
10263,50026,58,58
10264,50026,58,67
10265,50026,58,67
10266,50026,58,67
10267,50026,58,67
10268,50026,58,67
10269,50026,58,67
10270,50026,58,58
10271,50026,58,58
10272,50026,58,67
10273,50026,58,67
10274,50026,58,67
10275,50026,58,58
10276,50026,58,58
10277,50026,58,67
10278,50026,58,67
10279,50026,58,67
10280,50026,58,67
10281,50026,58,67
10282,50026,58,67
10283,50026,58,58
10284,50026,58,58
10285,50026,58,67
10286,50026,58,67
10287,50026,58,67
10288,50026,58,67
10289,50026,58,67
10290,50026,58,67
10291,50026,58,58
10292,50026,58,58
10293,50026,58,67
10294,50026,58,58
10295,50026,58,58
10296,50026,58,58
10297,50026,58,67
10298,50026,58,58
10299,50026,58,58
10300,50026,58,67
10301,50026,58,58
10302,50026,58,67
10303,50026,58,67
10304,50026,58,58
10305,50026,58,67
10306,50026,58,58
10307,50026,58,58
10308,50026,58,58
10309,50026,58,67
10310,50026,58,67
10311,50026,58,58
10312,50026,58,67
10313,50026,58,58
10314,50026,58,58
10315,50026,58,67
10316,50026,58,58
10317,50026,58,67
10318,50026,58,67
10319,50026,58,58
10320,50026,58,58
10321,50026,58,67
10322,50026,58,67
10323,50026,58,58
10324,50026,58,67
10325,50026,58,67
10326,50026,58,67
10327,50026,58,58
10328,50026,58,58
10329,50026,58,58
10330,50026,58,67
10331,50026,58,58
10332,50026,58,67
10333,50026,58,67
10334,50026,58,67
10335,50026,58,67
10336,50026,58,58
10337,50026,58,58
10338,50026,58,58
10339,50026,58,58
10340,50026,58,67
10341,50026,58,67
10342,50026,58,58
10343,50026,58,67
10344,50026,58,67
10345,50026,58,67
10346,50026,58,58
10347,50026,58,58
10348,50026,58,67
10349,50026,58,58
10350,50026,58,67
10351,50026,58,58
10352,50026,58,67
10353,50026,58,58
10354,50026,58,58
10355,50026,58,58
10356,50026,58,58
10357,50026,58,67
10358,50026,58,67
10359,50026,58,58
10360,50026,58,58
10361,50026,58,67
10362,50026,58,58
10363,50026,58,67
10364,50026,58,58
10365,50026,58,58
10366,50026,58,58
10367,50026,58,58
10368,50026,58,67
10369,50026,58,58
10370,50026,58,58
10371,50026,58,58
10372,50026,58,67
10373,50026,58,67
10374,50026,58,67
10375,50026,58,58
10376,50026,58,58
10377,50026,58,58
10378,50026,58,67
10379,50026,58,58
10380,50026,58,58
10381,50026,58,58
10382,50026,58,67
10383,50026,58,67
10384,50026,58,58
10385,50026,58,58
10386,50026,58,67
10387,50026,58,67
10388,50026,58,58
10389,50026,58,67
10390,50026,58,67
10391,50026,58,58
10392,50026,58,58
10393,50026,58,58
10394,50026,58,58
10395,50026,58,67
10396,50026,58,58
10397,50026,58,58
10398,50026,58,58
10399,50026,58,67
10400,50026,58,58
10401,50026,58,58
10402,50026,58,58
10403,50026,58,58
10404,50026,58,58
10405,50026,58,58
10406,50026,58,67
10407,50026,58,67
10408,50026,58,67
10409,50026,58,67
10410,50026,58,58
10411,50026,58,58
10412,50026,58,67
10413,50026,58,67
10414,50026,58,58
10415,50026,58,58
10416,50026,58,58
10417,50026,58,58
10418,50026,58,67
10419,50026,58,58
10420,50026,58,67
10421,50026,58,58
10422,50026,58,67
10423,50026,58,67
10424,50026,58,58
10425,50026,58,58
10426,50026,58,58
10427,50026,58,58
10428,50026,58,67
10429,50026,58,67
10430,50026,58,58
10431,50026,58,67
10432,50026,58,67
10433,50026,58,58
10434,50026,58,58
10435,50026,58,58
10436,50026,58,58
10437,50026,58,67
10438,50026,58,67
10439,50026,58,67
10440,50026,58,58
10441,50026,58,58
10442,50026,58,67
10443,50026,58,67
10444,50026,58,58
10445,50026,58,67
10446,50026,58,67
10447,50026,58,67
10448,50026,58,67
10449,50026,58,67
10450,50026,58,58
10451,50026,58,67
10452,50026,58,67
10453,50026,58,67
10454,50026,58,58
10455,50026,58,67
10456,50026,58,58
10457,50026,58,58
10458,50026,58,58
10459,50026,58,67
10460,50026,58,67
10461,50026,58,58
10462,50026,58,58
10463,50026,58,67
10464,50026,58,67
10465,50026,58,67
10466,50026,58,58
10467,50026,58,67
10468,50026,58,58
10469,50026,58,58
10470,50026,58,67
10471,50026,58,67
10472,50026,58,58
10473,50026,58,67
10474,50026,58,67
10475,50026,58,58
10476,50026,58,58
10477,50026,58,58
10478,50026,58,67
10479,50026,58,58
10480,50026,58,67
10481,50026,58,58
10482,50026,58,58
10483,50026,58,67
10484,50026,58,67
10485,50026,58,58
10486,50026,58,67
10487,50026,58,58
10488,50026,58,58
10489,50026,58,58
10490,50026,58,58
10491,50026,58,67
10492,50026,58,67
10493,50026,58,58
10494,50026,58,67
10495,50026,58,58
10496,50026,58,58
10497,50026,58,67
10498,50026,58,67
10499,50026,58,58
10500,50026,58,58
10501,50026,58,58
10502,50026,58,58
10503,50026,58,67
10504,50026,58,67
10505,50026,58,58
10506,50026,58,67
10507,50026,58,67
10508,50026,58,67
10509,50026,58,58
10510,50026,58,67
10511,50026,58,58
10512,50026,58,58
10513,50026,58,58
10514,50026,58,67
10515,50026,58,67
10516,50026,58,58
10517,50026,58,58
10518,50026,58,58
10519,50026,58,67
10520,50026,58,58
10521,50026,58,58
10522,50026,58,67
10523,50026,58,67
10524,50026,58,67
10525,50026,58,67
10526,50026,58,58
10527,50026,58,67
10528,50026,58,58
10529,50026,58,58
10530,50026,58,58
10531,50026,58,67
10532,50026,58,67
10533,50026,58,67
10534,50026,58,58
10535,50026,58,67
10536,50026,58,67
10537,50026,58,67
10538,50026,58,67
10539,50026,58,67
10540,50026,58,67
10541,50027,58,55
10542,50028,58,65
10543,50028,58,65
10544,50028,58,65
10545,50028,58,65
10546,50028,58,65
10547,50028,58,65
10548,50028,58,65
10549,50028,58,65
10550,50028,58,65
10551,50028,58,65
10552,50028,58,65
10553,50028,58,65
10554,50028,58,65
10555,50028,58,65
10556,50028,58,65
10557,50028,58,65
10558,50028,58,65
10559,50028,58,65
10560,50028,58,65
10561,50028,58,65
10562,50028,58,65
10563,50028,58,65
10564,50028,58,65
10565,50028,58,65
10566,50028,58,65
10567,50028,58,65
10568,50028,58,65
10569,50028,58,65
10570,50028,58,65
10571,50029,58,65
10572,50029,58,65
10573,50029,58,65
10574,50029,58,65
10575,50029,58,65
10576,50029,58,65
10577,50029,58,65
10578,50029,58,65
10579,50029,58,65
10580,50029,58,65
10581,50029,58,65
10582,50029,58,65
10583,50029,58,65
10584,50029,58,65
10585,50029,58,65
10586,50029,58,65
10587,50029,58,65
10588,50029,58,65
10589,50029,58,65
10590,50029,58,65
10591,50029,58,65
10592,50029,58,65
10593,50029,58,65
10594,50029,58,65
10595,50029,58,65
10596,50029,58,65
10597,50029,58,65
10598,50029,58,65
10599,50029,58,65
10600,50029,58,65
10601,50029,58,65
10602,50029,58,65
10603,50029,58,65
10604,50029,58,65
10605,50029,58,65
10606,50031,58,69
10607,50031,58,58
10608,50031,58,67
10609,50031,58,69
10610,50031,58,69
10611,50031,58,58
10612,50031,58,69
10613,50031,58,67
10614,50031,58,58
10615,50031,58,69
10616,50031,58,58
10617,50031,58,69
10618,50031,58,69
10619,50031,58,58
10620,50031,58,67
10621,50031,58,67
10622,50031,58,67
10623,50031,58,67
10624,50031,58,58
10625,50031,58,67
10626,50031,58,67
10627,50031,58,69
10628,50031,58,69
10629,50031,58,58
10630,50031,58,58
10631,50031,58,58
10632,50031,58,69
10633,50031,58,67
10634,50031,58,67
10635,50031,58,58
10636,50031,58,58
10637,50031,58,67
10638,50031,58,58
10639,50031,58,69
10640,50031,58,67
10641,50031,58,58
10642,50031,58,67
10643,50031,58,58
10644,50031,58,58
10645,50031,58,58
10646,50031,58,67
10647,50031,58,69
10648,50031,58,69
10649,50031,58,58
10650,50031,58,67
10651,50031,58,67
10652,50031,58,69
10653,50031,58,67
10654,50031,58,69
10655,50031,58,67
10656,50031,58,58
10657,50031,58,69
10658,50031,58,67
10659,50031,58,58
10660,50031,58,69
10661,50031,58,58
10662,50031,58,58
10663,50031,58,58
10664,50031,58,58
10665,50031,58,67
10666,50031,58,67
10667,50031,58,69
10668,50031,58,58
10669,50031,58,58
10670,50031,58,69
10671,50031,58,69
10672,50031,58,58
10673,50031,58,69
10674,50031,58,69
10675,50031,58,67
10676,50031,58,67
10677,50031,58,69
10678,50031,58,69
10679,50031,58,67
10680,50031,58,69
10681,50031,58,58
10682,50031,58,69
10683,50031,58,67
10684,50031,58,58
10685,50031,58,58
10686,50031,58,67
10687,50031,58,58
10688,50031,58,67
10689,50031,58,67
10690,50031,58,67
10691,50031,58,69
10692,50031,58,69
10693,50031,58,67
10694,50031,58,69
10695,50031,58,69
10696,50031,58,58
10697,50031,58,67
10698,50031,58,58
10699,50031,58,67
10700,50031,58,67
10701,50031,58,67
10702,50031,58,69
10703,50031,58,69
10704,50031,58,58
10705,50031,58,58
10706,50031,58,58
10707,50031,58,69
10708,50031,58,69
10709,50031,58,69
10710,50031,58,67
10711,50031,58,69
10712,50031,58,67
10713,50031,58,69
10714,50031,58,67
10715,50031,58,69
10716,50031,58,69
10717,50031,58,69
10718,50031,58,58
10719,50031,58,67
10720,50031,58,58
10721,50031,58,58
10722,50031,58,69
10723,50031,58,58
10724,50031,58,67
10725,50031,58,69
10726,50031,58,58
10727,50031,58,69
10728,50031,58,58
10729,50031,58,67
10730,50031,58,69
10731,50031,58,67
10732,50031,58,58
10733,50031,58,67
10734,50031,58,69
10735,50031,58,69
10736,50031,58,69
10737,50031,58,58
10738,50031,58,67
10739,50031,58,58
10740,50031,58,67
10741,50031,58,67
10742,50031,58,58
10743,50031,58,67
10744,50031,58,69
10745,50031,58,58
10746,50031,58,69
10747,50031,58,58
10748,50031,58,58
10749,50031,58,67
10750,50031,58,67
10751,50031,58,69
10752,50031,58,58
10753,50031,58,58
10754,50031,58,67
10755,50031,58,69
10756,50031,58,69
10757,50031,58,58
10758,50031,58,67
10759,50031,58,67
10760,50031,58,69
10761,50031,58,58
10762,50031,58,58
10763,50031,58,69
10764,50032,58,64
10765,50032,58,64
10766,50032,58,64
10767,50032,58,64
10768,50032,58,64
10769,50032,58,64
10770,50032,58,64
10771,50032,58,64
10772,50032,58,64
10773,50032,58,64
10774,50032,58,64
10775,50032,58,64
10776,50032,58,64
10777,50032,58,64
10778,50032,58,64
10779,50033,58,65
10780,50033,58,65
10781,50033,58,65
10782,50033,58,65
10783,50033,58,65
10784,50034,58,65
10785,50034,58,65
10786,50034,58,65
10787,50035,58,65
10788,50035,58,65
10789,50035,58,65
10790,50035,58,65
10791,50035,58,65
10792,50035,58,65
10793,50035,58,65
10794,50035,58,65
10795,50035,58,65
10796,50035,58,65
10797,50035,58,65
10798,50035,58,65
10799,50035,58,65
10800,50035,58,65
10801,50035,58,65
10802,50035,58,65
10803,50035,58,65
10804,50035,58,65
10805,50035,58,65
10806,50035,58,65
10807,50035,58,65
10808,50035,58,65
10809,50036,58,65
10810,50036,58,65
10811,50036,58,65
10812,50036,58,65
10813,50036,58,65
10814,50036,58,65
10815,50036,58,65
10816,50036,58,65
10817,50036,58,65
10818,50036,58,65
10819,50037,58,58
10820,50037,58,58
10821,50037,58,67
10822,50037,58,67
10823,50037,58,58
10824,50037,58,58
10825,50037,58,58
10826,50037,58,67
10827,50037,58,67
10828,50037,58,58
10829,50037,58,58
10830,50037,58,58
10831,50037,58,58
10832,50037,58,67
10833,50037,58,58
10834,50037,58,58
10835,50037,58,58
10836,50037,58,67
10837,50037,58,58
10838,50037,58,58
10839,50037,58,58
10840,50037,58,58
10841,50037,58,67
10842,50037,58,58
10843,50037,58,58
10844,50037,58,58
10845,50037,58,58
10846,50037,58,58
10847,50037,58,67
10848,50037,58,58
10849,50037,58,67
10850,50037,58,58
10851,50037,58,58
10852,50037,58,67
10853,50037,58,67
10854,50037,58,58
10855,50037,58,58
10856,50037,58,67
10857,50037,58,67
10858,50037,58,58
10859,50037,58,67
10860,50037,58,67
10861,50037,58,58
10862,50037,58,67
10863,50037,58,58
10864,50037,58,58
10865,50037,58,67
10866,50037,58,67
10867,50037,58,58
10868,50037,58,58
10869,50037,58,67
10870,50038,58,65
10871,50038,58,65
10872,50038,58,65
10873,50038,58,65
10874,50038,58,65
10875,50038,58,65
10876,50038,58,65
10877,50038,58,65
10878,50038,58,65
10879,50038,58,65
10880,50038,58,65
10881,50038,58,65
10882,50038,58,65
10883,50038,58,65
10884,50038,58,65
10885,50038,58,65
10886,50038,58,65
10887,50038,58,65
10888,50038,58,65
10889,50038,58,65
10890,50038,58,65
10891,50038,58,65
10892,50038,58,65
10893,50038,58,65
10894,50038,58,65
10895,50038,58,65
10896,50038,58,65
10897,50038,58,65
10898,50038,58,65
10899,50038,58,65
10900,50038,58,65
10901,50038,58,65
10902,50038,58,65
10903,50038,58,65
10904,50038,58,65
10905,50038,58,65
10906,50038,58,65
10907,50038,58,65
10908,50039,58,55
10909,50039,58,55
10910,50039,58,55
10911,50039,58,55
10912,50039,58,55
10913,50040,58,65
10914,50040,58,65
10915,50040,58,65
10916,50040,58,65
10917,50040,58,65
10918,50040,58,65
10919,50040,58,65
10920,50040,58,65
10921,50040,58,65
10922,50040,58,65
10923,50040,58,65
10924,50040,58,65
10925,50040,58,65
10926,50040,58,65
10927,50040,58,65
10928,50040,58,65
10929,50040,58,65
10930,50040,58,65
10931,50041,58,65
10932,50041,58,65
10933,50041,58,65
10934,50041,58,65
10935,50041,58,65
10936,50041,58,65
10937,50041,58,65
10938,50041,58,65
10939,50041,58,65
10940,50041,58,65
10941,50041,58,65
10942,50041,58,65
10943,50041,58,65
10944,50041,58,65
10945,50041,58,65
10946,50041,58,65
10947,50041,58,65
10948,50041,58,65
10949,50041,58,65
10950,47011,58,63
10951,47012,58,69
10952,47012,58,69
10953,47012,58,69
10954,47014,58,63
10955,47014,58,63
10956,47021,58,69
10957,47022,58,69
10958,52028,58,55
10959,48017,58,60
10960,51026,59,49
10961,48011,59,64
10962,49001,59,59
10963,49002,59,53
10964,49004,59,68
10965,49006,59,62
10966,49006,59,62
10967,49007,59,59
10968,49008,59,59
10969,49008,59,59
10970,49008,59,62
10971,49008,59,59
10972,49008,59,59
10973,49008,59,62
10974,49008,59,59
10975,49008,59,59
10976,49008,59,62
10977,49008,59,59
10978,49008,59,62
10979,49008,59,59
10980,49008,59,59
10981,49008,59,59
10982,49008,59,59
10983,49008,59,62
10984,49008,59,59
10985,49008,59,62
10986,49008,59,62
10987,49008,59,59
10988,49008,59,62
10989,49008,59,59
10990,49008,59,62
10991,49008,59,62
10992,49008,59,59
10993,49008,59,62
10994,49008,59,62
10995,49008,59,59
10996,49008,59,62
10997,49008,59,59
10998,49008,59,62
10999,49008,59,62
11000,49008,59,59
11001,49008,59,59
11002,49008,59,62
11003,49008,59,62
11004,49008,59,62
11005,49008,59,62
11006,49008,59,62
11007,49008,59,62
11008,49008,59,62
11009,49008,59,59
11010,49008,59,62
11011,49008,59,59
11012,49008,59,59
11013,49008,59,59
11014,49008,59,62
11015,49008,59,59
11016,49008,59,62
11017,49008,59,59
11018,49008,59,62
11019,49008,59,59
11020,49008,59,62
11021,49008,59,62
11022,49008,59,62
11023,49008,59,62
11024,49008,59,62
11025,49008,59,62
11026,49008,59,59
11027,49008,59,59
11028,49008,59,62
11029,49008,59,59
11030,49008,59,62
11031,49008,59,59
11032,49008,59,62
11033,49009,59,62
11034,49009,59,62
11035,49009,59,62
11036,49009,59,62
11037,49009,59,62
11038,49009,59,59
11039,49009,59,59
11040,49009,59,59
11041,49009,59,62
11042,49009,59,59
11043,49009,59,59
11044,49009,59,59
11045,49009,59,62
11046,49009,59,62
11047,49009,59,59
11048,49009,59,62
11049,49009,59,59
11050,49009,59,59
11051,49009,59,62
11052,49009,59,59
11053,49009,59,62
11054,49009,59,59
11055,49009,59,62
11056,49009,59,59
11057,49009,59,59
11058,49009,59,62
11059,49009,59,59
11060,49009,59,62
11061,49009,59,62
11062,49009,59,59
11063,49009,59,59
11064,49009,59,59
11065,49009,59,62
11066,49009,59,62
11067,49009,59,59
11068,49009,59,62
11069,49009,59,62
11070,49009,59,59
11071,49009,59,59
11072,49009,59,59
11073,49009,59,59
11074,49009,59,59
11075,49009,59,62
11076,49009,59,62
11077,49009,59,59
11078,49009,59,59
11079,49009,59,62
11080,49009,59,62
11081,49009,59,59
11082,49009,59,59
11083,49009,59,59
11084,49009,59,59
11085,49009,59,59
11086,49009,59,62
11087,49009,59,59
11088,49009,59,62
11089,49009,59,59
11090,49009,59,62
11091,49009,59,59
11092,49009,59,59
11093,49009,59,62
11094,49009,59,59
11095,49009,59,59
11096,49009,59,59
11097,49009,59,59
11098,49009,59,62
11099,49009,59,62
11100,49009,59,62
11101,49009,59,62
11102,49009,59,62
11103,49009,59,62
11104,49009,59,59
11105,49009,59,59
11106,49009,59,59
11107,49009,59,59
11108,49009,59,62
11109,49009,59,59
11110,49009,59,62
11111,49009,59,62
11112,49009,59,59
11113,49009,59,62
11114,49009,59,62
11115,49009,59,62
11116,49009,59,62
11117,49009,59,62
11118,49009,59,62
11119,49009,59,62
11120,49009,59,59
11121,49009,59,62
11122,49009,59,59
11123,49009,59,62
11124,49009,59,59
11125,49009,59,62
11126,49009,59,59
11127,49009,59,62
11128,49009,59,62
11129,49009,59,62
11130,49009,59,62
11131,49009,59,62
11132,49009,59,59
11133,49009,59,59
11134,49009,59,62
11135,49009,59,62
11136,49009,59,62
11137,49009,59,62
11138,49009,59,59
11139,49009,59,62
11140,49009,59,62
11141,49009,59,62
11142,49009,59,62
11143,49009,59,59
11144,49009,59,62
11145,49009,59,59
11146,49009,59,59
11147,49009,59,62
11148,49009,59,62
11149,49009,59,59
11150,49009,59,62
11151,49009,59,59
11152,49009,59,59
11153,49009,59,62
11154,49009,59,59
11155,49009,59,62
11156,49009,59,62
11157,49009,59,59
11158,49009,59,59
11159,49009,59,59
11160,49009,59,62
11161,49009,59,59
11162,49009,59,59
11163,49009,59,62
11164,49009,59,62
11165,49009,59,59
11166,49009,59,62
11167,49009,59,59
11168,49009,59,59
11169,49009,59,59
11170,49009,59,62
11171,49009,59,59
11172,49009,59,59
11173,49009,59,59
11174,49009,59,59
11175,49009,59,62
11176,49009,59,59
11177,49009,59,59
11178,49009,59,62
11179,49009,59,59
11180,49009,59,62
11181,49009,59,62
11182,49009,59,62
11183,49009,59,59
11184,49009,59,62
11185,49009,59,62
11186,49009,59,59
11187,49009,59,59
11188,49009,59,59
11189,49009,59,62
11190,49009,59,59
11191,49009,59,59
11192,49009,59,59
11193,49009,59,62
11194,49009,59,62
11195,49009,59,62
11196,49009,59,59
11197,49009,59,59
11198,49009,59,59
11199,49009,59,59
11200,49009,59,62
11201,49009,59,62
11202,49009,59,59
11203,49009,59,59
11204,49009,59,59
11205,49009,59,62
11206,49009,59,59
11207,49009,59,59
11208,49009,59,62
11209,49009,59,59
11210,49009,59,59
11211,49009,59,62
11212,49009,59,62
11213,49009,59,59
11214,49009,59,59
11215,49009,59,59
11216,49009,59,62
11217,49009,59,62
11218,49009,59,62
11219,49009,59,62
11220,49009,59,59
11221,49009,59,59
11222,49009,59,62
11223,49009,59,62
11224,49009,59,59
11225,49009,59,62
11226,49009,59,59
11227,49009,59,62
11228,49009,59,59
11229,49009,59,59
11230,49009,59,59
11231,49009,59,62
11232,49009,59,62
11233,49009,59,62
11234,49009,59,59
11235,49009,59,62
11236,49009,59,59
11237,49009,59,62
11238,49009,59,62
11239,49009,59,59
11240,49009,59,62
11241,49009,59,62
11242,49009,59,62
11243,49009,59,62
11244,49009,59,62
11245,49009,59,62
11246,49009,59,62
11247,49009,59,62
11248,49009,59,59
11249,49009,59,62
11250,49009,59,62
11251,49009,59,62
11252,49009,59,62
11253,49009,59,59
11254,49009,59,62
11255,49009,59,59
11256,49009,59,59
11257,49009,59,62
11258,49009,59,59
11259,49009,59,59
11260,49009,59,62
11261,49009,59,59
11262,49009,59,59
11263,49009,59,62
11264,49009,59,59
11265,49009,59,59
11266,49009,59,59
11267,49009,59,62
11268,49009,59,62
11269,49009,59,62
11270,49009,59,59
11271,49009,59,59
11272,49009,59,62
11273,49009,59,62
11274,49009,59,59
11275,49009,59,59
11276,49009,59,59
11277,49009,59,62
11278,49009,59,59
11279,49009,59,59
11280,49009,59,62
11281,49009,59,59
11282,49009,59,59
11283,49009,59,59
11284,49009,59,62
11285,49009,59,59
11286,49009,59,62
11287,49009,59,62
11288,49009,59,62
11289,49009,59,62
11290,49009,59,62
11291,49009,59,62
11292,49009,59,59
11293,49009,59,59
11294,49009,59,62
11295,49009,59,62
11296,49009,59,59
11297,49009,59,59
11298,49009,59,59
11299,49009,59,59
11300,49009,59,59
11301,49009,59,59
11302,49009,59,59
11303,49009,59,62
11304,49009,59,62
11305,49009,59,59
11306,49009,59,59
11307,49009,59,62
11308,49009,59,62
11309,49009,59,62
11310,49009,59,62
11311,49009,59,59
11312,49009,59,62
11313,49009,59,62
11314,49009,59,59
11315,49009,59,62
11316,49009,59,62
11317,49009,59,62
11318,49009,59,59
11319,49009,59,62
11320,49009,59,62
11321,49009,59,59
11322,49009,59,59
11323,49009,59,59
11324,49009,59,59
11325,49009,59,62
11326,49009,59,62
11327,49009,59,59
11328,49009,59,59
11329,49009,59,59
11330,49009,59,62
11331,49009,59,62
11332,49009,59,59
11333,49009,59,62
11334,49009,59,62
11335,49009,59,62
11336,49009,59,59
11337,49009,59,59
11338,49009,59,59
11339,49009,59,62
11340,49009,59,62
11341,49009,59,62
11342,49009,59,59
11343,49009,59,59
11344,49009,59,62
11345,49009,59,62
11346,49009,59,62
11347,49009,59,62
11348,49009,59,62
11349,49009,59,62
11350,49009,59,59
11351,49009,59,62
11352,49009,59,62
11353,49009,59,62
11354,49009,59,59
11355,49009,59,59
11356,49009,59,59
11357,49009,59,59
11358,49009,59,59
11359,49009,59,59
11360,49009,59,59
11361,49009,59,59
11362,49009,59,62
11363,49009,59,62
11364,49009,59,59
11365,49009,59,62
11366,49009,59,62
11367,49009,59,62
11368,49009,59,62
11369,49009,59,62
11370,49009,59,59
11371,49009,59,59
11372,49009,59,59
11373,49009,59,62
11374,49009,59,62
11375,49009,59,59
11376,49009,59,59
11377,49009,59,59
11378,49009,59,62
11379,49009,59,62
11380,49009,59,59
11381,49009,59,62
11382,49009,59,62
11383,49009,59,62
11384,49009,59,62
11385,49009,59,59
11386,49009,59,59
11387,49009,59,59
11388,49009,59,62
11389,49009,59,59
11390,49009,59,62
11391,49009,59,62
11392,49009,59,62
11393,49009,59,62
11394,49009,59,59
11395,49009,59,62
11396,49009,59,59
11397,49009,59,59
11398,49009,59,62
11399,49009,59,62
11400,49009,59,62
11401,49009,59,59
11402,49009,59,59
11403,49009,59,59
11404,49009,59,62
11405,49009,59,59
11406,49009,59,59
11407,49009,59,59
11408,49009,59,62
11409,49009,59,59
11410,49009,59,59
11411,49009,59,62
11412,49009,59,62
11413,49009,59,62
11414,49009,59,62
11415,49009,59,59
11416,49009,59,62
11417,49009,59,62
11418,49009,59,59
11419,49009,59,62
11420,49009,59,59
11421,49009,59,59
11422,49009,59,62
11423,49009,59,59
11424,49009,59,62
11425,49009,59,62
11426,49009,59,62
11427,49009,59,62
11428,49009,59,59
11429,49009,59,62
11430,49009,59,62
11431,49009,59,62
11432,49009,59,62
11433,49009,59,59
11434,49009,59,62
11435,49009,59,59
11436,49009,59,62
11437,49009,59,62
11438,49009,59,62
11439,49009,59,59
11440,49009,59,62
11441,49009,59,62
11442,49009,59,59
11443,49009,59,62
11444,49009,59,62
11445,49009,59,62
11446,49009,59,62
11447,49009,59,59
11448,49009,59,59
11449,49009,59,62
11450,49009,59,59
11451,49009,59,62
11452,49009,59,59
11453,49009,59,62
11454,49009,59,62
11455,49009,59,59
11456,49009,59,59
11457,49009,59,59
11458,49009,59,62
11459,49009,59,62
11460,49009,59,62
11461,49009,59,59
11462,49009,59,59
11463,49009,59,62
11464,49009,59,62
11465,49009,59,59
11466,49009,59,59
11467,49009,59,62
11468,49009,59,59
11469,49009,59,59
11470,49009,59,62
11471,49009,59,59
11472,49009,59,59
11473,49009,59,59
11474,49009,59,62
11475,49009,59,62
11476,49009,59,59
11477,49009,59,59
11478,49009,59,62
11479,49009,59,59
11480,49009,59,62
11481,49009,59,62
11482,49009,59,62
11483,49009,59,62
11484,49009,59,62
11485,49009,59,59
11486,49009,59,62
11487,49009,59,59
11488,49009,59,62
11489,49009,59,62
11490,49009,59,62
11491,49009,59,62
11492,49009,59,62
11493,49009,59,62
11494,49009,59,62
11495,49009,59,59
11496,49009,59,59
11497,49009,59,59
11498,49009,59,62
11499,49009,59,62
11500,49009,59,62
11501,49009,59,62
11502,49009,59,62
11503,49009,59,62
11504,49009,59,62
11505,49009,59,62
11506,49009,59,59
11507,49009,59,62
11508,49009,59,59
11509,49009,59,59
11510,49009,59,62
11511,49009,59,62
11512,49009,59,62
11513,49009,59,59
11514,49009,59,59
11515,49009,59,59
11516,49009,59,62
11517,49009,59,62
11518,49009,59,62
11519,49009,59,59
11520,49009,59,59
11521,49009,59,62
11522,49009,59,62
11523,49009,59,62
11524,49009,59,62
11525,49009,59,59
11526,49009,59,59
11527,49009,59,62
11528,49009,59,62
11529,49009,59,62
11530,49009,59,59
11531,49009,59,62
11532,49009,59,59
11533,49009,59,62
11534,49009,59,62
11535,49009,59,62
11536,49009,59,62
11537,49009,59,59
11538,49009,59,62
11539,49009,59,62
11540,49009,59,62
11541,49009,59,59
11542,49009,59,62
11543,49009,59,62
11544,49009,59,62
11545,49009,59,59
11546,49009,59,59
11547,49009,59,59
11548,49009,59,59
11549,49009,59,62
11550,49009,59,62
11551,49009,59,59
11552,49009,59,62
11553,49009,59,59
11554,49009,59,62
11555,49009,59,62
11556,49009,59,62
11557,49009,59,62
11558,49009,59,62
11559,49009,59,59
11560,49009,59,62
11561,49009,59,59
11562,49009,59,62
11563,49009,59,59
11564,49009,59,59
11565,49009,59,59
11566,49009,59,62
11567,49009,59,62
11568,49009,59,62
11569,49009,59,59
11570,49009,59,62
11571,49009,59,62
11572,49009,59,59
11573,49009,59,59
11574,49009,59,62
11575,49009,59,62
11576,49009,59,59
11577,49009,59,62
11578,49009,59,62
11579,49009,59,59
11580,49009,59,59
11581,49009,59,59
11582,49009,59,62
11583,49009,59,59
11584,49009,59,62
11585,49009,59,62
11586,49009,59,62
11587,49009,59,62
11588,49009,59,59
11589,49009,59,59
11590,49009,59,62
11591,49009,59,59
11592,49009,59,59
11593,49009,59,62
11594,49009,59,62
11595,49009,59,59
11596,49009,59,59
11597,49009,59,62
11598,49009,59,59
11599,49009,59,62
11600,49009,59,62
11601,49009,59,59
11602,49009,59,59
11603,49009,59,59
11604,49009,59,59
11605,49009,59,62
11606,49009,59,62
11607,49009,59,62
11608,49009,59,62
11609,49009,59,62
11610,49009,59,62
11611,49009,59,59
11612,49009,59,59
11613,49009,59,59
11614,49009,59,62
11615,49009,59,59
11616,49009,59,59
11617,49009,59,62
11618,49009,59,62
11619,49009,59,62
11620,49009,59,62
11621,49009,59,62
11622,49009,59,62
11623,49009,59,59
11624,49009,59,59
11625,49009,59,59
11626,49009,59,59
11627,49009,59,62
11628,49009,59,59
11629,49009,59,59
11630,49009,59,59
11631,49009,59,59
11632,49009,59,62
11633,49009,59,62
11634,49009,59,59
11635,49009,59,59
11636,49009,59,59
11637,49009,59,59
11638,49009,59,59
11639,49009,59,59
11640,49009,59,62
11641,49009,59,59
11642,49009,59,62
11643,49009,59,59
11644,49009,59,62
11645,49009,59,59
11646,49009,59,59
11647,49009,59,59
11648,49009,59,59
11649,49009,59,62
11650,49009,59,59
11651,49009,59,62
11652,49009,59,62
11653,49009,59,62
11654,49009,59,62
11655,49009,59,62
11656,49009,59,62
11657,49009,59,62
11658,49009,59,59
11659,49009,59,62
11660,49009,59,62
11661,49009,59,59
11662,49009,59,62
11663,49009,59,59
11664,49009,59,59
11665,49009,59,59
11666,49009,59,59
11667,49009,59,62
11668,49009,59,59
11669,49009,59,62
11670,49009,59,62
11671,49009,59,59
11672,49009,59,62
11673,49009,59,62
11674,49009,59,59
11675,49009,59,59
11676,49009,59,62
11677,49009,59,59
11678,49009,59,59
11679,49009,59,59
11680,49009,59,62
11681,49009,59,59
11682,49009,59,59
11683,49009,59,62
11684,49009,59,59
11685,49010,59,68
11686,49012,59,68
11687,49012,59,68
11688,49012,59,68
11689,49012,59,68
11690,49012,59,68
11691,49013,59,68
11692,49017,59,59
11693,49017,59,59
11694,49017,59,62
11695,49017,59,62
11696,49017,59,59
11697,49017,59,62
11698,49017,59,59
11699,49017,59,59
11700,49017,59,59
11701,46017,59,69
11702,46017,59,69
11703,50002,59,65
11704,50014,59,65
11705,50014,59,65
11706,50014,59,65
11707,50014,59,65
11708,50021,59,53
11709,50023,59,59
11710,50023,59,62
11711,50026,59,58
11712,50026,59,58
11713,50026,59,67
11714,50026,59,67
11715,50026,59,67
11716,50027,59,55
11717,50029,59,65
11718,50034,59,65
11719,50040,59,65
11720,50040,59,65
11721,47007,59,63
11722,47011,59,63
11723,51033,60,49
11724,51033,60,49
11725,51040,60,70
11726,51040,60,70
11727,48001,60,57
11728,48001,60,57
11729,48001,60,57
11730,48001,60,57
11731,48001,60,57
11732,48001,60,57
11733,48001,60,57
11734,48001,60,57
11735,48001,60,57
11736,48001,60,57
11737,48001,60,57
11738,48001,60,57
11739,48001,60,57
11740,48001,60,57
11741,48001,60,57
11742,48001,60,57
11743,48001,60,57
11744,48001,60,57
11745,48001,60,57
11746,48001,60,57
11747,48002,60,61
11748,48002,60,61
11749,48002,60,61
11750,48004,60,60
11751,48004,60,54
11752,48004,60,50
11753,48004,60,60
11754,48004,60,50
11755,48004,60,54
11756,48005,60,61
11757,48005,60,61
11758,48005,60,61
11759,48005,60,61
11760,48005,60,61
11761,48005,60,61
11762,48005,60,61
11763,48005,60,61
11764,48005,60,61
11765,48005,60,61
11766,48006,60,54
11767,48006,60,61
11768,48006,60,60
11769,48006,60,54
11770,48006,60,60
11771,48006,60,61
11772,48006,60,61
11773,48006,60,61
11774,48006,60,60
11775,48006,60,50
11776,48006,60,50
11777,48006,60,60
11778,48006,60,50
11779,48006,60,61
11780,48006,60,60
11781,48006,60,60
11782,48006,60,50
11783,48006,60,61
11784,48006,60,60
11785,48006,60,54
11786,48006,60,50
11787,48006,60,60
11788,48006,60,61
11789,48006,60,54
11790,48006,60,50
11791,48006,60,61
11792,48006,60,61
11793,48006,60,60
11794,48006,60,54
11795,48006,60,50
11796,48006,60,50
11797,48006,60,50
11798,48006,60,60
11799,48006,60,61
11800,48006,60,61
11801,48006,60,61
11802,48006,60,50
11803,48006,60,61
11804,48006,60,54
11805,48006,60,50
11806,48006,60,54
11807,48006,60,61
11808,48006,60,54
11809,48006,60,50
11810,48006,60,50
11811,48006,60,60
11812,48006,60,54
11813,48006,60,50
11814,48006,60,60
11815,48006,60,60
11816,48006,60,50
11817,48006,60,60
11818,48006,60,54
11819,48006,60,54
11820,48006,60,61
11821,48006,60,54
11822,48006,60,54
11823,48006,60,54
11824,48006,60,54
11825,48008,60,64
11826,48008,60,64
11827,48008,60,64
11828,48008,60,64
11829,48008,60,64
11830,48008,60,64
11831,48008,60,64
11832,48008,60,64
11833,48010,60,64
11834,48010,60,64
11835,48010,60,64
11836,48010,60,64
11837,48010,60,64
11838,48010,60,64
11839,48010,60,64
11840,48011,60,64
11841,48013,60,70
11842,48013,60,70
11843,48014,60,64
11844,48014,60,64
11845,48014,60,64
11846,48014,60,64
11847,48014,60,64
11848,48014,60,64
11849,48014,60,64
11850,48014,60,64
11851,48014,60,64
11852,48014,60,64
11853,48014,60,64
11854,48014,60,64
11855,48014,60,64
11856,48014,60,64
11857,48014,60,64
11858,48014,60,64
11859,48014,60,64
11860,48014,60,64
11861,48014,60,64
11862,48014,60,64
11863,48014,60,64
11864,48014,60,64
11865,48014,60,64
11866,48015,60,57
11867,48015,60,57
11868,48015,60,57
11869,48015,60,57
11870,48015,60,57
11871,48015,60,57
11872,48017,60,60
11873,48017,60,60
11874,48017,60,54
11875,48017,60,50
11876,48017,60,60
11877,48017,60,54
11878,48017,60,60
11879,48017,60,60
11880,48017,60,60
11881,48017,60,50
11882,48017,60,60
11883,48017,60,60
11884,48017,60,54
11885,48017,60,54
11886,48017,60,50
11887,48017,60,50
11888,48017,60,60
11889,48017,60,60
11890,48017,60,50
11891,48017,60,54
11892,48017,60,54
11893,48017,60,50
11894,48017,60,60
11895,48017,60,50
11896,48017,60,50
11897,48017,60,60
11898,48017,60,60
11899,48017,60,54
11900,48017,60,54
11901,48017,60,50
11902,48017,60,54
11903,48017,60,50
11904,48017,60,60
11905,48017,60,50
11906,48017,60,60
11907,48017,60,50
11908,48017,60,60
11909,48017,60,50
11910,48017,60,60
11911,48017,60,50
11912,48017,60,50
11913,48017,60,54
11914,48017,60,60
11915,48017,60,60
11916,48017,60,60
11917,48017,60,60
11918,48017,60,54
11919,48017,60,60
11920,48017,60,54
11921,48017,60,60
11922,48017,60,54
11923,48017,60,54
11924,48017,60,50
11925,48017,60,60
11926,48017,60,54
11927,48017,60,54
11928,48017,60,54
11929,48017,60,50
11930,48017,60,50
11931,48017,60,60
11932,48017,60,50
11933,48017,60,54
11934,48017,60,60
11935,48017,60,60
11936,48017,60,60
11937,48017,60,50
11938,48017,60,60
11939,48017,60,54
11940,48017,60,60
11941,48017,60,60
11942,48017,60,54
11943,48017,60,50
11944,48017,60,60
11945,48017,60,54
11946,48017,60,54
11947,48017,60,60
11948,48017,60,60
11949,48017,60,50
11950,48017,60,54
11951,48017,60,50
11952,48017,60,54
11953,48017,60,54
11954,48017,60,60
11955,48017,60,54
11956,48017,60,54
11957,48017,60,50
11958,48017,60,60
11959,48017,60,54
11960,48017,60,60
11961,48017,60,50
11962,48017,60,50
11963,48017,60,60
11964,48017,60,50
11965,48017,60,50
11966,48017,60,50
11967,48017,60,60
11968,48017,60,54
11969,48017,60,50
11970,48017,60,60
11971,48017,60,60
11972,48017,60,50
11973,48017,60,50
11974,48017,60,54
11975,48017,60,60
11976,48017,60,50
11977,48017,60,54
11978,48017,60,50
11979,48017,60,60
11980,48017,60,50
11981,48017,60,54
11982,48017,60,50
11983,48017,60,54
11984,48017,60,50
11985,48017,60,50
11986,48017,60,60
11987,48017,60,54
11988,48017,60,60
11989,48017,60,50
11990,48017,60,54
11991,48017,60,50
11992,48017,60,54
11993,48017,60,60
11994,48017,60,60
11995,48017,60,50
11996,48017,60,60
11997,48017,60,50
11998,48017,60,54
11999,48017,60,60
12000,48017,60,60
12001,48017,60,50
12002,48017,60,54
12003,48017,60,54
12004,48017,60,54
12005,48017,60,54
12006,48017,60,60
12007,48017,60,50
12008,48017,60,50
12009,48017,60,50
12010,48017,60,54
12011,48017,60,60
12012,48017,60,50
12013,48017,60,54
12014,48017,60,50
12015,48017,60,50
12016,48017,60,54
12017,48017,60,54
12018,48017,60,50
12019,48017,60,60
12020,48017,60,50
12021,48017,60,60
12022,48017,60,60
12023,48017,60,60
12024,48017,60,50
12025,48017,60,54
12026,48017,60,54
12027,48017,60,60
12028,48017,60,54
12029,48017,60,60
12030,48017,60,50
12031,48017,60,60
12032,48017,60,54
12033,48017,60,50
12034,48017,60,50
12035,48017,60,60
12036,48017,60,54
12037,48017,60,60
12038,48017,60,54
12039,48017,60,60
12040,48017,60,54
12041,48017,60,50
12042,48017,60,54
12043,48017,60,54
12044,48017,60,50
12045,48017,60,54
12046,48017,60,50
12047,48017,60,60
12048,48017,60,54
12049,48017,60,54
12050,48017,60,60
12051,48017,60,54
12052,48017,60,50
12053,48017,60,54
12054,48017,60,54
12055,48017,60,50
12056,48017,60,50
12057,48017,60,54
12058,48017,60,50
12059,48017,60,60
12060,48017,60,60
12061,48017,60,54
12062,48017,60,54
12063,48017,60,54
12064,48017,60,54
12065,48017,60,60
12066,48017,60,54
12067,48017,60,60
12068,48017,60,50
12069,48017,60,50
12070,48017,60,60
12071,48017,60,50
12072,48017,60,54
12073,48017,60,60
12074,48017,60,60
12075,48017,60,60
12076,48017,60,60
12077,48017,60,50
12078,48017,60,54
12079,48017,60,54
12080,48017,60,50
12081,48017,60,60
12082,48017,60,54
12083,48017,60,50
12084,48017,60,50
12085,48017,60,50
12086,48017,60,54
12087,48017,60,60
12088,48017,60,54
12089,48017,60,50
12090,48017,60,54
12091,48017,60,54
12092,48017,60,50
12093,48017,60,50
12094,48017,60,54
12095,48017,60,54
12096,48017,60,60
12097,48017,60,60
12098,48017,60,60
12099,48017,60,50
12100,48017,60,54
12101,48017,60,50
12102,48017,60,54
12103,48017,60,54
12104,48017,60,50
12105,48017,60,54
12106,48017,60,54
12107,48017,60,54
12108,48017,60,54
12109,48017,60,50
12110,48017,60,60
12111,48017,60,60
12112,48017,60,50
12113,48017,60,50
12114,48017,60,60
12115,48017,60,50
12116,48017,60,54
12117,48017,60,50
12118,48017,60,60
12119,48017,60,50
12120,48017,60,54
12121,48017,60,60
12122,48017,60,54
12123,48017,60,54
12124,48017,60,60
12125,48017,60,54
12126,48017,60,60
12127,48017,60,50
12128,48017,60,60
12129,48017,60,54
12130,48017,60,50
12131,48017,60,60
12132,48017,60,54
12133,48017,60,60
12134,48017,60,54
12135,48017,60,60
12136,48017,60,54
12137,48017,60,50
12138,48017,60,54
12139,48017,60,54
12140,48017,60,50
12141,48017,60,60
12142,48017,60,50
12143,48017,60,60
12144,48017,60,54
12145,48017,60,54
12146,48017,60,50
12147,48017,60,60
12148,48017,60,60
12149,48017,60,54
12150,48017,60,60
12151,48017,60,50
12152,48017,60,54
12153,48017,60,60
12154,48017,60,54
12155,48017,60,54
12156,48017,60,60
12157,48017,60,54
12158,48017,60,54
12159,48017,60,50
12160,48017,60,60
12161,48017,60,50
12162,48017,60,50
12163,48017,60,60
12164,48017,60,60
12165,48017,60,60
12166,48017,60,60
12167,48017,60,60
12168,48017,60,54
12169,48017,60,60
12170,48017,60,50
12171,48017,60,50
12172,48017,60,54
12173,48017,60,60
12174,48017,60,60
12175,48017,60,60
12176,48017,60,54
12177,48017,60,60
12178,48017,60,50
12179,48017,60,50
12180,48017,60,54
12181,48017,60,54
12182,48017,60,54
12183,48017,60,54
12184,48017,60,60
12185,48017,60,60
12186,48017,60,60
12187,48017,60,60
12188,48017,60,54
12189,48017,60,50
12190,48017,60,60
12191,48017,60,60
12192,48017,60,54
12193,48017,60,54
12194,48017,60,54
12195,48017,60,60
12196,48017,60,54
12197,48017,60,54
12198,48017,60,60
12199,48017,60,60
12200,48017,60,50
12201,48017,60,54
12202,48017,60,50
12203,48017,60,54
12204,48017,60,60
12205,48017,60,50
12206,48017,60,54
12207,48017,60,60
12208,48017,60,50
12209,48017,60,50
12210,48017,60,50
12211,48017,60,54
12212,48017,60,50
12213,48017,60,60
12214,48017,60,60
12215,48017,60,60
12216,48017,60,54
12217,48017,60,54
12218,48017,60,50
12219,48017,60,50
12220,48017,60,54
12221,48017,60,60
12222,48017,60,60
12223,48017,60,54
12224,48017,60,50
12225,48017,60,50
12226,48017,60,60
12227,48017,60,60
12228,48017,60,60
12229,48017,60,50
12230,48017,60,54
12231,48017,60,50
12232,48017,60,60
12233,48017,60,60
12234,48017,60,50
12235,48017,60,54
12236,48017,60,50
12237,48017,60,60
12238,48017,60,60
12239,48017,60,60
12240,48017,60,54
12241,48017,60,60
12242,48017,60,60
12243,48017,60,50
12244,48017,60,60
12245,48017,60,54
12246,48017,60,50
12247,48017,60,50
12248,48017,60,60
12249,48017,60,54
12250,48017,60,54
12251,48017,60,60
12252,48017,60,54
12253,48017,60,50
12254,48017,60,50
12255,48017,60,60
12256,48017,60,54
12257,48017,60,60
12258,48017,60,50
12259,48017,60,50
12260,48017,60,50
12261,48017,60,60
12262,48017,60,60
12263,48017,60,50
12264,48017,60,50
12265,48017,60,50
12266,48017,60,54
12267,48017,60,54
12268,48017,60,54
12269,48017,60,54
12270,48017,60,54
12271,48017,60,50
12272,48017,60,60
12273,48017,60,60
12274,48017,60,54
12275,48017,60,50
12276,48017,60,60
12277,48017,60,50
12278,48017,60,50
12279,48017,60,50
12280,48017,60,50
12281,48017,60,50
12282,48017,60,60
12283,48017,60,60
12284,48017,60,54
12285,48017,60,60
12286,48017,60,54
12287,48017,60,50
12288,48017,60,60
12289,48017,60,54
12290,48017,60,54
12291,48017,60,54
12292,48017,60,60
12293,48017,60,50
12294,48017,60,54
12295,48017,60,50
12296,48017,60,50
12297,48017,60,54
12298,48017,60,54
12299,48017,60,50
12300,48017,60,50
12301,48017,60,54
12302,48017,60,50
12303,48017,60,54
12304,48017,60,60
12305,48017,60,60
12306,48017,60,50
12307,48017,60,60
12308,48017,60,60
12309,48017,60,60
12310,48017,60,54
12311,48017,60,54
12312,48017,60,60
12313,48017,60,50
12314,48017,60,54
12315,48017,60,54
12316,48017,60,60
12317,48017,60,60
12318,48017,60,60
12319,48017,60,60
12320,48017,60,50
12321,48017,60,54
12322,48017,60,54
12323,48017,60,50
12324,48017,60,60
12325,48017,60,54
12326,48017,60,60
12327,48017,60,50
12328,48017,60,54
12329,48017,60,60
12330,48017,60,54
12331,48017,60,60
12332,48017,60,50
12333,48017,60,54
12334,48017,60,60
12335,48017,60,54
12336,48017,60,50
12337,48017,60,60
12338,48017,60,60
12339,48017,60,60
12340,48017,60,54
12341,48017,60,60
12342,48017,60,60
12343,48017,60,54
12344,48017,60,54
12345,48017,60,50
12346,48017,60,50
12347,48017,60,50
12348,48017,60,60
12349,48017,60,50
12350,48017,60,60
12351,48017,60,54
12352,48017,60,50
12353,48017,60,54
12354,48017,60,60
12355,48017,60,60
12356,48017,60,54
12357,48017,60,50
12358,48017,60,54
12359,48017,60,60
12360,48017,60,60
12361,48017,60,50
12362,48017,60,60
12363,48017,60,60
12364,48017,60,50
12365,48017,60,60
12366,48017,60,60
12367,48017,60,50
12368,48017,60,54
12369,48017,60,60
12370,48017,60,54
12371,48017,60,50
12372,48017,60,60
12373,48017,60,50
12374,48017,60,50
12375,48017,60,54
12376,48017,60,50
12377,48017,60,50
12378,48017,60,60
12379,48017,60,60
12380,48017,60,60
12381,48017,60,54
12382,48017,60,54
12383,48017,60,50
12384,48017,60,60
12385,48017,60,60
12386,48017,60,60
12387,48017,60,50
12388,48017,60,50
12389,48017,60,54
12390,48017,60,50
12391,48017,60,60
12392,48017,60,54
12393,48017,60,54
12394,48017,60,50
12395,48017,60,60
12396,48017,60,50
12397,48017,60,54
12398,48017,60,60
12399,48017,60,54
12400,48017,60,54
12401,48017,60,54
12402,48017,60,50
12403,48017,60,50
12404,48017,60,60
12405,48017,60,60
12406,48017,60,54
12407,48017,60,60
12408,48017,60,54
12409,48017,60,60
12410,48017,60,50
12411,48017,60,54
12412,48017,60,50
12413,48017,60,54
12414,48017,60,60
12415,48017,60,50
12416,48017,60,60
12417,48017,60,50
12418,48017,60,60
12419,48017,60,60
12420,48017,60,54
12421,48017,60,60
12422,48017,60,60
12423,48017,60,50
12424,48017,60,60
12425,48017,60,50
12426,48017,60,50
12427,48017,60,60
12428,48017,60,50
12429,48017,60,54
12430,48017,60,50
12431,48017,60,54
12432,48017,60,50
12433,48017,60,54
12434,48017,60,50
12435,48017,60,54
12436,48017,60,60
12437,48018,60,61
12438,48018,60,61
12439,48018,60,61
12440,48018,60,61
12441,48019,60,64
12442,48019,60,64
12443,48019,60,64
12444,48019,60,64
12445,48019,60,64
12446,48019,60,64
12447,48019,60,64
12448,48019,60,64
12449,48019,60,64
12450,48019,60,64
12451,48020,60,55
12452,48020,60,55
12453,48021,60,70
12454,48021,60,70
12455,48021,60,70
12456,48021,60,70
12457,48021,60,70
12458,48021,60,70
12459,48021,60,70
12460,48021,60,70
12461,48021,60,70
12462,48021,60,70
12463,48021,60,70
12464,48022,60,57
12465,48022,60,57
12466,48022,60,57
12467,48022,60,57
12468,48022,60,57
12469,48022,60,57
12470,48022,60,57
12471,48022,60,57
12472,48022,60,57
12473,48022,60,57
12474,48022,60,57
12475,48022,60,57
12476,48022,60,57
12477,48022,60,57
12478,48022,60,57
12479,48022,60,57
12480,48022,60,57
12481,48022,60,57
12482,48022,60,57
12483,48022,60,57
12484,48022,60,57
12485,48022,60,57
12486,48022,60,57
12487,48022,60,57
12488,48022,60,57
12489,48022,60,57
12490,48022,60,57
12491,48022,60,57
12492,48022,60,57
12493,48022,60,57
12494,48022,60,57
12495,48022,60,57
12496,48024,60,50
12497,48024,60,54
12498,48024,60,60
12499,48024,60,60
12500,48024,60,60
12501,48024,60,54
12502,48024,60,60
12503,48024,60,60
12504,48024,60,60
12505,48024,60,50
12506,48024,60,54
12507,48024,60,60
12508,48024,60,54
12509,48024,60,54
12510,48024,60,54
12511,48024,60,50
12512,48024,60,60
12513,48024,60,50
12514,48024,60,60
12515,48024,60,60
12516,48024,60,60
12517,48024,60,54
12518,48024,60,54
12519,48024,60,50
12520,48024,60,60
12521,48024,60,50
12522,48024,60,60
12523,48024,60,54
12524,48024,60,54
12525,48024,60,54
12526,48024,60,50
12527,48024,60,60
12528,48024,60,50
12529,48024,60,54
12530,48024,60,50
12531,48024,60,60
12532,48024,60,54
12533,48024,60,60
12534,48024,60,50
12535,48024,60,54
12536,48024,60,60
12537,48024,60,50
12538,48024,60,54
12539,48024,60,50
12540,48024,60,60
12541,48024,60,54
12542,48024,60,54
12543,48024,60,54
12544,48024,60,50
12545,48024,60,54
12546,48024,60,50
12547,48024,60,60
12548,48024,60,60
12549,48024,60,60
12550,48024,60,60
12551,48024,60,60
12552,48024,60,60
12553,48024,60,54
12554,48024,60,54
12555,48024,60,60
12556,48024,60,60
12557,48024,60,50
12558,48024,60,50
12559,48024,60,54
12560,48024,60,54
12561,48024,60,50
12562,48024,60,50
12563,48024,60,60
12564,48024,60,50
12565,48024,60,60
12566,48024,60,50
12567,48024,60,54
12568,48024,60,54
12569,48024,60,54
12570,48024,60,54
12571,48024,60,54
12572,48024,60,60
12573,48024,60,60
12574,48024,60,60
12575,48024,60,60
12576,48027,60,64
12577,48028,60,64
12578,48028,60,64
12579,48028,60,64
12580,48028,60,64
12581,48028,60,64
12582,48028,60,64
12583,48028,60,64
12584,48028,60,64
12585,48028,60,64
12586,48028,60,64
12587,48028,60,64
12588,48028,60,64
12589,48028,60,64
12590,48028,60,64
12591,48028,60,64
12592,48030,60,64
12593,48030,60,64
12594,48030,60,64
12595,48030,60,64
12596,48030,60,64
12597,48030,60,64
12598,48030,60,64
12599,48030,60,64
12600,48030,60,64
12601,48030,60,64
12602,48030,60,64
12603,48030,60,64
12604,48030,60,64
12605,48030,60,64
12606,48030,60,64
12607,48030,60,64
12608,48030,60,64
12609,48030,60,64
12610,48030,60,64
12611,48030,60,64
12612,48030,60,64
12613,48030,60,64
12614,48030,60,64
12615,48030,60,64
12616,48030,60,64
12617,48030,60,64
12618,48030,60,64
12619,48032,60,70
12620,48032,60,70
12621,48032,60,70
12622,48033,60,57
12623,48033,60,57
12624,48033,60,57
12625,48033,60,57
12626,48033,60,57
12627,48033,60,57
12628,48033,60,57
12629,48033,60,57
12630,48033,60,57
12631,48033,60,57
12632,48033,60,57
12633,48033,60,57
12634,48033,60,57
12635,48033,60,57
12636,48033,60,57
12637,48033,60,57
12638,48035,60,70
12639,48035,60,70
12640,48035,60,70
12641,48035,60,70
12642,48035,60,70
12643,48035,60,70
12644,48036,60,70
12645,48036,60,70
12646,48036,60,70
12647,48036,60,70
12648,48036,60,70
12649,48036,60,70
12650,48037,60,57
12651,48038,60,57
12652,48038,60,57
12653,48038,60,57
12654,48038,60,57
12655,48038,60,57
12656,48038,60,57
12657,48038,60,57
12658,48038,60,57
12659,48038,60,57
12660,48038,60,57
12661,48038,60,57
12662,48038,60,57
12663,48038,60,57
12664,48038,60,57
12665,48038,60,57
12666,48038,60,57
12667,48038,60,57
12668,48038,60,57
12669,48038,60,57
12670,48038,60,57
12671,48038,60,57
12672,48038,60,57
12673,48038,60,57
12674,48038,60,57
12675,48038,60,57
12676,48038,60,57
12677,48038,60,57
12678,48038,60,57
12679,48038,60,57
12680,48038,60,57
12681,48038,60,57
12682,48038,60,57
12683,48038,60,57
12684,48038,60,57
12685,48038,60,57
12686,48038,60,57
12687,48038,60,57
12688,48038,60,57
12689,48038,60,57
12690,48038,60,57
12691,48038,60,57
12692,48038,60,57
12693,48038,60,57
12694,48041,60,54
12695,48041,60,60
12696,48041,60,50
12697,48041,60,60
12698,48041,60,60
12699,48041,60,54
12700,48041,60,50
12701,48041,60,54
12702,48041,60,60
12703,48041,60,60
12704,48041,60,54
12705,48041,60,50
12706,48041,60,50
12707,48041,60,50
12708,48041,60,54
12709,48041,60,50
12710,48041,60,60
12711,48041,60,60
12712,48041,60,50
12713,48041,60,60
12714,48041,60,50
12715,48041,60,60
12716,48041,60,54
12717,48041,60,50
12718,48041,60,54
12719,48041,60,50
12720,48041,60,50
12721,48041,60,60
12722,48041,60,60
12723,48041,60,50
12724,48041,60,54
12725,48041,60,50
12726,48041,60,54
12727,48041,60,60
12728,48041,60,50
12729,48041,60,54
12730,48041,60,50
12731,48041,60,50
12732,48041,60,54
12733,48041,60,60
12734,48041,60,60
12735,48041,60,50
12736,48041,60,50
12737,48041,60,54
12738,48041,60,50
12739,48041,60,60
12740,48041,60,54
12741,48041,60,60
12742,48041,60,54
12743,48041,60,50
12744,48041,60,54
12745,48041,60,54
12746,48041,60,50
12747,48041,60,54
12748,48041,60,60
12749,48041,60,50
12750,48041,60,60
12751,48041,60,60
12752,48041,60,54
12753,48041,60,60
12754,48041,60,50
12755,48041,60,50
12756,48041,60,50
12757,48041,60,50
12758,48041,60,54
12759,48041,60,60
12760,48041,60,60
12761,48041,60,60
12762,48041,60,60
12763,48041,60,54
12764,48041,60,50
12765,48041,60,54
12766,48041,60,60
12767,48041,60,54
12768,48041,60,54
12769,48041,60,50
12770,48041,60,50
12771,48041,60,60
12772,48041,60,54
12773,48041,60,50
12774,48041,60,60
12775,48041,60,60
12776,48041,60,50
12777,48041,60,60
12778,48041,60,50
12779,48041,60,54
12780,48041,60,60
12781,48041,60,54
12782,48041,60,50
12783,48041,60,54
12784,48041,60,50
12785,48041,60,60
12786,48041,60,54
12787,48041,60,50
12788,48041,60,60
12789,48041,60,60
12790,48041,60,50
12791,48041,60,54
12792,48041,60,54
12793,48041,60,50
12794,48041,60,50
12795,48041,60,54
12796,48041,60,50
12797,48041,60,60
12798,48041,60,60
12799,48041,60,54
12800,48041,60,50
12801,48041,60,60
12802,48041,60,60
12803,48041,60,50
12804,48041,60,54
12805,48041,60,60
12806,48041,60,54
12807,48041,60,54
12808,48041,60,50
12809,48041,60,54
12810,48041,60,50
12811,48041,60,50
12812,48041,60,50
12813,48041,60,50
12814,48041,60,54
12815,48041,60,50
12816,48041,60,50
12817,48041,60,60
12818,48041,60,54
12819,48041,60,50
12820,48041,60,60
12821,48041,60,50
12822,48041,60,60
12823,48041,60,50
12824,48041,60,50
12825,48041,60,50
12826,48041,60,50
12827,48041,60,54
12828,48041,60,60
12829,48041,60,54
12830,48041,60,50
12831,48041,60,54
12832,48041,60,50
12833,48041,60,54
12834,48041,60,50
12835,48041,60,50
12836,48041,60,54
12837,48041,60,50
12838,48041,60,60
12839,48041,60,50
12840,48041,60,50
12841,48041,60,50
12842,48041,60,60
12843,48041,60,54
12844,48041,60,60
12845,48041,60,50
12846,48041,60,60
12847,48041,60,50
12848,48041,60,50
12849,48041,60,60
12850,48041,60,60
12851,48041,60,60
12852,48041,60,54
12853,48041,60,50
12854,48041,60,50
12855,48041,60,60
12856,48041,60,54
12857,48041,60,54
12858,48041,60,54
12859,48041,60,54
12860,48041,60,50
12861,48041,60,50
12862,48041,60,50
12863,48041,60,54
12864,48041,60,50
12865,48041,60,60
12866,48041,60,60
12867,48041,60,54
12868,48041,60,54
12869,48041,60,54
12870,48041,60,50
12871,48041,60,60
12872,48041,60,60
12873,48041,60,60
12874,48041,60,60
12875,48041,60,54
12876,48041,60,60
12877,48041,60,54
12878,48041,60,60
12879,48041,60,50
12880,48041,60,60
12881,48041,60,60
12882,48041,60,54
12883,48041,60,54
12884,48041,60,54
12885,48041,60,60
12886,48041,60,60
12887,48041,60,60
12888,48041,60,50
12889,48041,60,54
12890,48041,60,50
12891,48041,60,54
12892,48041,60,54
12893,48041,60,54
12894,48041,60,54
12895,48041,60,60
12896,48043,60,54
12897,48043,60,60
12898,48043,60,60
12899,48043,60,50
12900,48043,60,61
12901,48043,60,50
12902,48043,60,50
12903,48043,60,54
12904,48043,60,54
12905,48043,60,54
12906,48043,60,60
12907,48043,60,61
12908,48043,60,50
12909,48043,60,54
12910,48043,60,61
12911,48043,60,50
12912,48043,60,60
12913,48043,60,61
12914,48043,60,54
12915,48043,60,50
12916,48043,60,50
12917,48043,60,54
12918,48043,60,54
12919,48043,60,50
12920,48043,60,50
12921,48043,60,54
12922,48043,60,50
12923,48043,60,60
12924,48043,60,54
12925,48043,60,60
12926,48043,60,60
12927,48043,60,50
12928,48043,60,50
12929,48044,60,50
12930,48044,60,60
12931,48044,60,50
12932,48044,60,54
12933,48044,60,50
12934,48044,60,50
12935,48044,60,54
12936,48044,60,60
12937,48044,60,60
12938,48044,60,50
12939,48044,60,50
12940,48044,60,50
12941,48044,60,54
12942,48044,60,50
12943,48044,60,50
12944,48044,60,60
12945,48044,60,54
12946,48044,60,54
12947,48044,60,50
12948,48044,60,50
12949,48044,60,50
12950,48044,60,54
12951,48044,60,50
12952,48044,60,60
12953,48044,60,54
12954,48044,60,50
12955,48044,60,54
12956,48044,60,60
12957,48044,60,50
12958,48044,60,50
12959,48044,60,60
12960,48044,60,54
12961,48044,60,54
12962,48044,60,54
12963,48044,60,50
12964,48044,60,54
12965,48044,60,50
12966,48044,60,50
12967,48044,60,54
12968,48044,60,54
12969,48044,60,54
12970,48044,60,60
12971,48046,60,54
12972,48046,60,50
12973,48049,60,70
12974,48049,60,70
12975,48049,60,70
12976,48049,60,70
12977,48049,60,70
12978,48050,60,64
12979,48052,60,70
12980,48052,60,70
12981,48052,60,70
12982,48052,60,70
12983,48052,60,70
12984,48052,60,70
12985,48052,60,70
12986,48052,60,70
12987,48052,60,70
12988,48052,60,70
12989,48052,60,70
12990,48052,60,70
12991,48052,60,70
12992,48052,60,70
12993,48053,60,60
12994,48053,60,50
12995,48053,60,54
12996,48054,60,55
12997,48054,60,55
12998,48054,60,55
12999,48054,60,55
13000,48054,60,55
13001,48054,60,55
13002,48054,60,55
13003,48054,60,55
13004,48054,60,55
13005,48054,60,55
13006,48054,60,55
13007,48054,60,55
13008,48054,60,55
13009,48054,60,55
13010,48054,60,55
13011,48054,60,55
13012,48054,60,55
13013,48054,60,55
13014,48054,60,55
13015,48054,60,55
13016,48054,60,55
13017,53006,60,53
13018,53011,60,53
13019,49002,60,53
13020,49004,60,68
13021,49006,60,62
13022,49009,60,59
13023,49014,60,68
13024,49017,60,62
13025,46017,60,69
13026,45007,60,56
13027,50009,60,65
13028,50009,60,65
13029,50022,60,65
13030,50022,60,65
13031,50022,60,65
13032,50028,60,65
13033,50032,60,64
13034,50032,60,64
13035,50032,60,64
13036,50032,60,64
13037,50032,60,64
13038,50032,60,64
13039,50033,60,65
13040,50033,60,65
13041,50033,60,65
13042,50033,60,65
13043,50033,60,65
13044,50033,60,65
13045,50035,60,65
13046,50035,60,65
13047,100002,60,61
13048,100002,60,61
13049,100002,60,61
13050,100003,60,63
13051,100004,60,61
13052,100004,60,61
13053,100005,60,61
13054,100005,60,61
13055,100005,60,61
13056,100005,60,61
13057,100005,60,61
13058,100005,60,61
13059,100005,60,61
13060,100005,60,61
13061,100005,60,61
13062,100005,60,61
13063,100005,60,61
13064,100005,60,61
13065,100005,60,61
13066,47003,60,69
13067,47006,60,64
13068,47012,60,69
13069,47013,60,63
13070,47013,60,63
13071,47014,60,63
13072,47014,60,63
13073,47014,60,63
13074,47016,60,69
13075,47017,60,63
13076,47017,60,61
13077,47021,60,69
13078,47024,60,63
13079,52001,60,51
13080,52009,60,48
13081,52012,60,55
13082,52013,60,49
13083,52016,60,55
13084,52022,60,55
13085,52022,60,55
13086,52022,60,55
13087,52028,60,55
13088,52028,60,55
13089,52032,60,52
13090,52032,60,52
13091,48005,61,61
13092,48005,61,61
13093,48005,61,61
13094,48005,61,61
13095,48005,61,61
13096,48005,61,61
13097,48005,61,61
13098,48005,61,61
13099,48005,61,61
13100,48005,61,61
13101,48005,61,61
13102,48005,61,61
13103,48005,61,61
13104,48005,61,61
13105,48005,61,61
13106,48005,61,61
13107,48006,61,50
13108,48006,61,54
13109,48006,61,61
13110,48006,61,61
13111,48006,61,61
13112,48006,61,54
13113,48006,61,50
13114,48006,61,61
13115,48006,61,54
13116,48006,61,61
13117,48006,61,50
13118,48006,61,60
13119,48006,61,50
13120,48006,61,60
13121,48006,61,54
13122,48006,61,54
13123,48006,61,50
13124,48006,61,60
13125,48006,61,54
13126,48006,61,60
13127,48006,61,54
13128,48006,61,50
13129,48006,61,54
13130,48006,61,54
13131,48006,61,60
13132,48006,61,61
13133,48006,61,50
13134,48006,61,50
13135,48006,61,54
13136,48006,61,61
13137,48006,61,61
13138,48006,61,50
13139,48006,61,54
13140,48006,61,50
13141,48006,61,61
13142,48006,61,54
13143,48006,61,60
13144,48006,61,50
13145,48006,61,54
13146,48006,61,61
13147,48006,61,50
13148,48006,61,61
13149,48006,61,54
13150,48006,61,60
13151,48006,61,61
13152,48006,61,60
13153,48006,61,61
13154,48006,61,50
13155,48006,61,60
13156,48006,61,54
13157,48006,61,61
13158,48006,61,61
13159,48006,61,61
13160,48006,61,54
13161,48006,61,54
13162,48006,61,61
13163,48006,61,60
13164,48006,61,60
13165,48006,61,60
13166,48008,61,64
13167,48011,61,64
13168,48014,61,64
13169,48017,61,60
13170,48017,61,54
13171,48017,61,60
13172,48017,61,60
13173,48017,61,60
13174,48017,61,54
13175,48017,61,54
13176,48017,61,54
13177,48017,61,54
13178,48017,61,50
13179,48017,61,54
13180,48017,61,54
13181,48017,61,60
13182,48017,61,54
13183,48017,61,50
13184,48017,61,50
13185,48017,61,54
13186,48019,61,64
13187,48024,61,60
13188,48024,61,60
13189,48035,61,70
13190,48041,61,54
13191,48041,61,54
13192,48041,61,50
13193,48041,61,50
13194,48043,61,50
13195,48043,61,61
13196,48043,61,61
13197,48043,61,54
13198,48043,61,50
13199,48043,61,60
13200,48043,61,54
13201,48043,61,50
13202,48043,61,54
13203,48044,61,60
13204,48044,61,54
13205,48044,61,54
13206,48044,61,54
13207,48044,61,54
13208,48044,61,50
13209,48044,61,54
13210,48044,61,50
13211,48046,61,54
13212,48050,61,64
13213,53011,61,53
13214,49012,61,68
13215,49012,61,68
13216,49014,61,68
13217,46001,61,69
13218,46001,61,69
13219,46013,61,56
13220,46017,61,69
13221,46017,61,69
13222,45010,61,56
13223,50009,61,65
13224,100001,61,61
13225,100001,61,61
13226,100001,61,61
13227,100001,61,61
13228,100001,61,61
13229,100001,61,61
13230,100001,61,61
13231,100001,61,61
13232,100001,61,61
13233,100001,61,61
13234,100001,61,61
13235,100002,61,61
13236,100002,61,61
13237,100002,61,61
13238,100002,61,61
13239,100002,61,61
13240,100002,61,61
13241,100002,61,61
13242,100002,61,61
13243,100002,61,61
13244,100002,61,61
13245,100002,61,61
13246,100002,61,61
13247,100002,61,61
13248,100002,61,61
13249,100002,61,61
13250,100002,61,61
13251,100002,61,61
13252,100002,61,61
13253,100002,61,61
13254,100002,61,61
13255,100002,61,61
13256,100002,61,61
13257,100002,61,61
13258,100002,61,61
13259,100002,61,61
13260,100002,61,61
13261,100002,61,61
13262,100002,61,61
13263,100002,61,61
13264,100002,61,61
13265,100002,61,61
13266,100002,61,61
13267,100002,61,61
13268,100002,61,61
13269,100002,61,61
13270,100002,61,61
13271,100002,61,61
13272,100002,61,61
13273,100002,61,61
13274,100002,61,61
13275,100002,61,61
13276,100002,61,61
13277,100002,61,61
13278,100002,61,61
13279,100002,61,61
13280,100002,61,61
13281,100002,61,61
13282,100002,61,61
13283,100002,61,61
13284,100002,61,61
13285,100002,61,61
13286,100002,61,61
13287,100002,61,61
13288,100002,61,61
13289,100002,61,61
13290,100002,61,61
13291,100002,61,61
13292,100002,61,61
13293,100002,61,61
13294,100002,61,61
13295,100002,61,61
13296,100002,61,61
13297,100002,61,61
13298,100002,61,61
13299,100003,61,63
13300,100003,61,63
13301,100003,61,63
13302,100003,61,63
13303,100003,61,63
13304,100003,61,63
13305,100003,61,63
13306,100003,61,63
13307,100003,61,63
13308,100003,61,63
13309,100003,61,63
13310,100003,61,63
13311,100003,61,63
13312,100003,61,63
13313,100003,61,63
13314,100003,61,63
13315,100003,61,63
13316,100003,61,63
13317,100003,61,63
13318,100003,61,63
13319,100003,61,63
13320,100003,61,63
13321,100003,61,63
13322,100003,61,63
13323,100003,61,63
13324,100003,61,63
13325,100003,61,63
13326,100003,61,63
13327,100003,61,63
13328,100003,61,63
13329,100003,61,63
13330,100003,61,63
13331,100003,61,63
13332,100003,61,63
13333,100003,61,63
13334,100003,61,63
13335,100003,61,63
13336,100003,61,63
13337,100003,61,63
13338,100003,61,63
13339,100003,61,63
13340,100003,61,63
13341,100003,61,63
13342,100003,61,63
13343,100003,61,63
13344,100003,61,63
13345,100003,61,63
13346,100003,61,63
13347,100003,61,63
13348,100003,61,63
13349,100003,61,63
13350,100003,61,63
13351,100003,61,63
13352,100003,61,63
13353,100003,61,63
13354,100003,61,63
13355,100003,61,63
13356,100003,61,63
13357,100003,61,63
13358,100003,61,63
13359,100003,61,63
13360,100003,61,63
13361,100003,61,63
13362,100003,61,63
13363,100003,61,63
13364,100003,61,63
13365,100003,61,63
13366,100003,61,63
13367,100003,61,63
13368,100003,61,63
13369,100003,61,63
13370,100003,61,63
13371,100003,61,63
13372,100003,61,63
13373,100003,61,63
13374,100003,61,63
13375,100003,61,63
13376,100003,61,63
13377,100003,61,63
13378,100003,61,63
13379,100003,61,63
13380,100003,61,63
13381,100003,61,63
13382,100003,61,63
13383,100003,61,63
13384,100003,61,63
13385,100003,61,63
13386,100003,61,63
13387,100003,61,63
13388,100003,61,63
13389,100003,61,63
13390,100003,61,63
13391,100003,61,63
13392,100003,61,63
13393,100003,61,63
13394,100003,61,63
13395,100003,61,63
13396,100003,61,63
13397,100003,61,63
13398,100003,61,63
13399,100003,61,63
13400,100003,61,63
13401,100003,61,63
13402,100003,61,63
13403,100004,61,61
13404,100004,61,61
13405,100004,61,61
13406,100004,61,61
13407,100004,61,61
13408,100004,61,61
13409,100004,61,61
13410,100004,61,61
13411,100004,61,61
13412,100004,61,61
13413,100004,61,61
13414,100004,61,61
13415,100004,61,61
13416,100004,61,61
13417,100004,61,61
13418,100004,61,61
13419,100004,61,61
13420,100004,61,61
13421,100004,61,61
13422,100004,61,61
13423,100004,61,61
13424,100004,61,61
13425,100004,61,61
13426,100004,61,61
13427,100004,61,61
13428,100004,61,61
13429,100004,61,61
13430,100004,61,61
13431,100004,61,61
13432,100004,61,61
13433,100004,61,61
13434,100004,61,61
13435,100004,61,61
13436,100004,61,61
13437,100004,61,61
13438,100004,61,61
13439,100004,61,61
13440,100004,61,61
13441,100004,61,61
13442,100005,61,61
13443,100005,61,61
13444,100005,61,61
13445,100005,61,61
13446,100005,61,61
13447,100005,61,61
13448,100005,61,61
13449,100005,61,61
13450,100005,61,61
13451,100005,61,61
13452,100005,61,61
13453,100005,61,61
13454,100005,61,61
13455,100005,61,61
13456,100005,61,61
13457,100005,61,61
13458,100005,61,61
13459,100005,61,61
13460,100005,61,61
13461,100005,61,61
13462,100005,61,61
13463,100005,61,61
13464,100005,61,61
13465,100005,61,61
13466,100005,61,61
13467,100005,61,61
13468,100005,61,61
13469,100005,61,61
13470,100005,61,61
13471,100005,61,61
13472,100005,61,61
13473,100005,61,61
13474,100005,61,61
13475,100005,61,61
13476,100005,61,61
13477,100005,61,61
13478,100005,61,61
13479,100005,61,61
13480,100005,61,61
13481,100005,61,61
13482,100005,61,61
13483,100005,61,61
13484,100005,61,61
13485,100005,61,61
13486,100005,61,61
13487,100005,61,61
13488,100005,61,61
13489,100005,61,61
13490,100005,61,61
13491,100005,61,61
13492,100005,61,61
13493,100005,61,61
13494,100005,61,61
13495,100005,61,61
13496,100005,61,61
13497,100005,61,61
13498,100005,61,61
13499,100005,61,61
13500,100005,61,61
13501,100005,61,61
13502,100005,61,61
13503,100005,61,61
13504,100005,61,61
13505,100005,61,61
13506,100005,61,61
13507,100005,61,61
13508,100005,61,61
13509,100005,61,61
13510,100005,61,61
13511,100005,61,61
13512,100005,61,61
13513,100005,61,61
13514,100005,61,61
13515,100005,61,61
13516,100005,61,61
13517,100005,61,61
13518,100005,61,61
13519,100005,61,61
13520,100005,61,61
13521,100005,61,61
13522,100005,61,61
13523,100005,61,61
13524,100005,61,61
13525,100005,61,61
13526,100005,61,61
13527,100005,61,61
13528,100005,61,61
13529,100005,61,61
13530,100005,61,61
13531,100005,61,61
13532,100005,61,61
13533,100005,61,61
13534,100005,61,61
13535,100005,61,61
13536,100005,61,61
13537,100005,61,61
13538,100005,61,61
13539,100005,61,61
13540,100005,61,61
13541,100005,61,61
13542,100005,61,61
13543,100005,61,61
13544,100005,61,61
13545,100005,61,61
13546,100005,61,61
13547,100005,61,61
13548,100005,61,61
13549,100005,61,61
13550,100005,61,61
13551,100005,61,61
13552,100005,61,61
13553,100005,61,61
13554,100005,61,61
13555,100005,61,61
13556,100005,61,61
13557,100005,61,61
13558,100005,61,61
13559,100005,61,61
13560,100005,61,61
13561,100005,61,61
13562,100005,61,61
13563,100005,61,61
13564,100005,61,61
13565,100005,61,61
13566,100005,61,61
13567,100005,61,61
13568,100005,61,61
13569,100005,61,61
13570,100005,61,61
13571,100005,61,61
13572,100005,61,61
13573,100005,61,61
13574,100005,61,61
13575,100005,61,61
13576,100005,61,61
13577,100005,61,61
13578,100005,61,61
13579,100005,61,61
13580,100005,61,61
13581,100005,61,61
13582,100005,61,61
13583,100005,61,61
13584,100005,61,61
13585,100005,61,61
13586,100005,61,61
13587,100005,61,61
13588,100005,61,61
13589,100005,61,61
13590,100005,61,61
13591,100005,61,61
13592,100005,61,61
13593,100005,61,61
13594,100005,61,61
13595,100005,61,61
13596,100005,61,61
13597,100005,61,61
13598,100005,61,61
13599,100005,61,61
13600,100005,61,61
13601,100005,61,61
13602,100005,61,61
13603,100005,61,61
13604,100005,61,61
13605,100005,61,61
13606,100005,61,61
13607,100005,61,61
13608,100005,61,61
13609,100005,61,61
13610,100005,61,61
13611,100005,61,61
13612,100005,61,61
13613,100005,61,61
13614,100005,61,61
13615,100005,61,61
13616,100005,61,61
13617,100005,61,61
13618,100005,61,61
13619,100005,61,61
13620,100005,61,61
13621,100005,61,61
13622,100005,61,61
13623,100005,61,61
13624,100005,61,61
13625,100005,61,61
13626,100005,61,61
13627,100005,61,61
13628,100005,61,61
13629,100005,61,61
13630,100005,61,61
13631,100005,61,61
13632,100005,61,61
13633,100005,61,61
13634,100005,61,61
13635,100005,61,61
13636,100005,61,61
13637,100005,61,61
13638,100005,61,61
13639,100005,61,61
13640,100005,61,61
13641,100005,61,61
13642,100005,61,61
13643,100005,61,61
13644,100005,61,61
13645,100005,61,61
13646,100005,61,61
13647,100005,61,61
13648,100005,61,61
13649,100005,61,61
13650,100005,61,61
13651,100005,61,61
13652,100005,61,61
13653,100005,61,61
13654,100005,61,61
13655,100005,61,61
13656,100005,61,61
13657,100005,61,61
13658,100005,61,61
13659,100005,61,61
13660,100005,61,61
13661,100005,61,61
13662,100005,61,61
13663,100005,61,61
13664,100005,61,61
13665,100005,61,61
13666,100005,61,61
13667,100005,61,61
13668,100005,61,61
13669,100005,61,61
13670,100005,61,61
13671,100005,61,61
13672,100005,61,61
13673,100005,61,61
13674,100005,61,61
13675,100005,61,61
13676,100005,61,61
13677,100005,61,61
13678,100005,61,61
13679,100005,61,61
13680,100005,61,61
13681,100005,61,61
13682,100005,61,61
13683,100005,61,61
13684,100005,61,61
13685,100005,61,61
13686,100005,61,61
13687,100005,61,61
13688,100005,61,61
13689,100005,61,61
13690,100005,61,61
13691,100005,61,61
13692,100005,61,61
13693,100005,61,61
13694,100005,61,61
13695,100005,61,61
13696,100005,61,61
13697,100005,61,61
13698,100005,61,61
13699,100005,61,61
13700,100005,61,61
13701,100005,61,61
13702,100005,61,61
13703,100005,61,61
13704,100005,61,61
13705,100005,61,61
13706,100005,61,61
13707,100005,61,61
13708,100005,61,61
13709,100005,61,61
13710,100005,61,61
13711,100005,61,61
13712,100005,61,61
13713,100005,61,61
13714,100005,61,61
13715,100005,61,61
13716,100005,61,61
13717,100005,61,61
13718,100005,61,61
13719,100005,61,61
13720,100005,61,61
13721,100005,61,61
13722,100005,61,61
13723,100005,61,61
13724,100005,61,61
13725,100005,61,61
13726,100005,61,61
13727,100005,61,61
13728,100005,61,61
13729,100005,61,61
13730,100005,61,61
13731,100005,61,61
13732,100005,61,61
13733,100005,61,61
13734,100005,61,61
13735,100005,61,61
13736,100005,61,61
13737,100005,61,61
13738,100005,61,61
13739,100005,61,61
13740,100005,61,61
13741,100005,61,61
13742,100005,61,61
13743,100005,61,61
13744,100005,61,61
13745,100005,61,61
13746,100005,61,61
13747,100005,61,61
13748,100005,61,61
13749,100005,61,61
13750,100005,61,61
13751,100005,61,61
13752,100005,61,61
13753,100005,61,61
13754,100005,61,61
13755,100005,61,61
13756,100005,61,61
13757,100005,61,61
13758,100005,61,61
13759,100005,61,61
13760,100005,61,61
13761,100005,61,61
13762,100005,61,61
13763,100005,61,61
13764,100005,61,61
13765,100005,61,61
13766,100005,61,61
13767,100005,61,61
13768,100005,61,61
13769,100005,61,61
13770,100005,61,61
13771,100005,61,61
13772,100005,61,61
13773,100005,61,61
13774,100005,61,61
13775,100005,61,61
13776,100005,61,61
13777,100005,61,61
13778,100005,61,61
13779,100005,61,61
13780,100005,61,61
13781,100005,61,61
13782,100005,61,61
13783,100005,61,61
13784,100005,61,61
13785,100005,61,61
13786,100005,61,61
13787,100005,61,61
13788,100005,61,61
13789,100005,61,61
13790,100005,61,61
13791,100005,61,61
13792,100005,61,61
13793,100005,61,61
13794,100005,61,61
13795,100005,61,61
13796,100005,61,61
13797,100005,61,61
13798,100005,61,61
13799,100005,61,61
13800,100005,61,61
13801,100005,61,61
13802,100005,61,61
13803,100005,61,61
13804,100005,61,61
13805,100005,61,61
13806,100005,61,61
13807,100005,61,61
13808,100005,61,61
13809,100005,61,61
13810,100005,61,61
13811,100005,61,61
13812,100005,61,61
13813,100005,61,61
13814,100005,61,61
13815,100005,61,61
13816,100005,61,61
13817,100005,61,61
13818,100005,61,61
13819,100005,61,61
13820,100005,61,61
13821,100005,61,61
13822,100005,61,61
13823,100005,61,61
13824,100005,61,61
13825,100005,61,61
13826,100005,61,61
13827,100005,61,61
13828,100005,61,61
13829,100005,61,61
13830,100005,61,61
13831,100005,61,61
13832,100005,61,61
13833,100005,61,61
13834,100005,61,61
13835,100005,61,61
13836,100005,61,61
13837,100005,61,61
13838,100005,61,61
13839,100005,61,61
13840,100005,61,61
13841,100005,61,61
13842,100005,61,61
13843,100005,61,61
13844,100005,61,61
13845,100005,61,61
13846,100005,61,61
13847,100005,61,61
13848,100005,61,61
13849,100005,61,61
13850,100005,61,61
13851,100005,61,61
13852,100005,61,61
13853,100005,61,61
13854,100005,61,61
13855,100005,61,61
13856,100005,61,61
13857,100005,61,61
13858,100005,61,61
13859,100005,61,61
13860,100005,61,61
13861,100005,61,61
13862,100005,61,61
13863,100005,61,61
13864,100005,61,61
13865,100005,61,61
13866,100005,61,61
13867,100005,61,61
13868,100005,61,61
13869,100005,61,61
13870,100005,61,61
13871,100005,61,61
13872,100005,61,61
13873,100005,61,61
13874,100005,61,61
13875,100005,61,61
13876,100005,61,61
13877,100005,61,61
13878,100005,61,61
13879,100005,61,61
13880,100005,61,61
13881,100005,61,61
13882,100005,61,61
13883,100005,61,61
13884,100005,61,61
13885,100005,61,61
13886,100005,61,61
13887,100005,61,61
13888,100005,61,61
13889,100005,61,61
13890,100005,61,61
13891,100005,61,61
13892,100005,61,61
13893,100005,61,61
13894,100005,61,61
13895,100005,61,61
13896,100005,61,61
13897,100005,61,61
13898,100005,61,61
13899,100005,61,61
13900,100005,61,61
13901,100005,61,61
13902,100005,61,61
13903,100005,61,61
13904,100005,61,61
13905,100005,61,61
13906,100005,61,61
13907,100005,61,61
13908,100005,61,61
13909,100005,61,61
13910,100005,61,61
13911,100005,61,61
13912,100005,61,61
13913,100005,61,61
13914,100005,61,61
13915,100005,61,61
13916,100005,61,61
13917,100005,61,61
13918,100005,61,61
13919,100005,61,61
13920,100005,61,61
13921,100005,61,61
13922,100005,61,61
13923,100005,61,61
13924,100005,61,61
13925,100005,61,61
13926,100005,61,61
13927,100005,61,61
13928,100005,61,61
13929,100005,61,61
13930,100005,61,61
13931,100005,61,61
13932,100005,61,61
13933,100005,61,61
13934,100005,61,61
13935,100005,61,61
13936,100005,61,61
13937,100005,61,61
13938,100005,61,61
13939,100005,61,61
13940,100005,61,61
13941,100005,61,61
13942,100005,61,61
13943,100005,61,61
13944,100005,61,61
13945,100005,61,61
13946,100005,61,61
13947,100005,61,61
13948,100005,61,61
13949,100005,61,61
13950,100005,61,61
13951,100005,61,61
13952,100005,61,61
13953,100005,61,61
13954,100005,61,61
13955,100005,61,61
13956,100005,61,61
13957,100005,61,61
13958,100005,61,61
13959,100005,61,61
13960,100005,61,61
13961,100005,61,61
13962,100005,61,61
13963,100005,61,61
13964,100005,61,61
13965,100005,61,61
13966,100005,61,61
13967,100005,61,61
13968,100005,61,61
13969,100005,61,61
13970,100005,61,61
13971,100005,61,61
13972,100005,61,61
13973,100005,61,61
13974,100005,61,61
13975,100005,61,61
13976,100005,61,61
13977,100005,61,61
13978,100005,61,61
13979,100005,61,61
13980,100005,61,61
13981,100005,61,61
13982,100005,61,61
13983,100005,61,61
13984,100005,61,61
13985,100005,61,61
13986,100005,61,61
13987,100005,61,61
13988,100005,61,61
13989,100005,61,61
13990,100005,61,61
13991,100005,61,61
13992,100005,61,61
13993,100005,61,61
13994,100005,61,61
13995,100005,61,61
13996,100005,61,61
13997,100005,61,61
13998,100005,61,61
13999,100005,61,61
14000,100005,61,61
14001,100005,61,61
14002,100005,61,61
14003,100005,61,61
14004,100005,61,61
14005,100005,61,61
14006,100005,61,61
14007,100005,61,61
14008,100005,61,61
14009,100005,61,61
14010,100005,61,61
14011,100005,61,61
14012,100005,61,61
14013,100005,61,61
14014,100005,61,61
14015,100005,61,61
14016,100005,61,61
14017,100005,61,61
14018,100005,61,61
14019,100005,61,61
14020,100005,61,61
14021,100005,61,61
14022,100005,61,61
14023,100005,61,61
14024,100005,61,61
14025,100005,61,61
14026,100005,61,61
14027,100005,61,61
14028,100005,61,61
14029,100005,61,61
14030,100005,61,61
14031,100005,61,61
14032,100005,61,61
14033,100005,61,61
14034,100005,61,61
14035,100005,61,61
14036,100005,61,61
14037,100005,61,61
14038,100005,61,61
14039,100005,61,61
14040,100005,61,61
14041,100005,61,61
14042,100005,61,61
14043,100005,61,61
14044,100005,61,61
14045,100005,61,61
14046,100005,61,61
14047,100005,61,61
14048,100005,61,61
14049,100005,61,61
14050,100005,61,61
14051,100005,61,61
14052,100005,61,61
14053,100005,61,61
14054,100005,61,61
14055,100005,61,61
14056,100005,61,61
14057,100005,61,61
14058,100005,61,61
14059,100005,61,61
14060,100005,61,61
14061,100005,61,61
14062,100005,61,61
14063,100005,61,61
14064,100005,61,61
14065,100005,61,61
14066,100005,61,61
14067,100005,61,61
14068,100005,61,61
14069,100005,61,61
14070,100005,61,61
14071,100005,61,61
14072,100005,61,61
14073,100005,61,61
14074,100005,61,61
14075,100005,61,61
14076,100005,61,61
14077,100005,61,61
14078,100005,61,61
14079,100005,61,61
14080,100005,61,61
14081,100005,61,61
14082,100005,61,61
14083,100005,61,61
14084,100005,61,61
14085,100005,61,61
14086,100005,61,61
14087,100005,61,61
14088,100005,61,61
14089,100005,61,61
14090,100005,61,61
14091,100005,61,61
14092,100005,61,61
14093,100005,61,61
14094,100005,61,61
14095,100005,61,61
14096,100005,61,61
14097,100005,61,61
14098,100005,61,61
14099,100005,61,61
14100,100005,61,61
14101,100005,61,61
14102,100005,61,61
14103,100005,61,61
14104,100005,61,61
14105,100005,61,61
14106,100005,61,61
14107,100005,61,61
14108,100005,61,61
14109,100005,61,61
14110,100005,61,61
14111,100005,61,61
14112,100005,61,61
14113,100005,61,61
14114,100005,61,61
14115,100005,61,61
14116,100005,61,61
14117,100005,61,61
14118,100005,61,61
14119,100005,61,61
14120,100005,61,61
14121,100005,61,61
14122,100005,61,61
14123,100005,61,61
14124,100005,61,61
14125,100005,61,61
14126,100005,61,61
14127,100005,61,61
14128,100005,61,61
14129,100005,61,61
14130,100005,61,61
14131,100005,61,61
14132,100005,61,61
14133,100005,61,61
14134,100005,61,61
14135,100005,61,61
14136,100005,61,61
14137,100005,61,61
14138,100005,61,61
14139,100005,61,61
14140,100005,61,61
14141,100005,61,61
14142,100005,61,61
14143,100005,61,61
14144,100005,61,61
14145,100005,61,61
14146,100005,61,61
14147,100005,61,61
14148,100005,61,61
14149,100005,61,61
14150,100005,61,61
14151,100005,61,61
14152,100005,61,61
14153,100005,61,61
14154,100005,61,61
14155,100005,61,61
14156,100005,61,61
14157,100005,61,61
14158,100005,61,61
14159,100005,61,61
14160,100005,61,61
14161,100005,61,61
14162,100005,61,61
14163,100005,61,61
14164,100005,61,61
14165,100005,61,61
14166,100005,61,61
14167,100005,61,61
14168,100005,61,61
14169,100005,61,61
14170,100005,61,61
14171,100005,61,61
14172,100005,61,61
14173,100005,61,61
14174,100005,61,61
14175,100005,61,61
14176,100005,61,61
14177,100005,61,61
14178,100005,61,61
14179,100005,61,61
14180,100005,61,61
14181,100005,61,61
14182,100005,61,61
14183,100005,61,61
14184,100005,61,61
14185,100005,61,61
14186,100005,61,61
14187,100005,61,61
14188,100005,61,61
14189,100005,61,61
14190,100005,61,61
14191,100005,61,61
14192,100005,61,61
14193,100005,61,61
14194,100005,61,61
14195,100005,61,61
14196,100005,61,61
14197,100005,61,61
14198,100005,61,61
14199,100005,61,61
14200,100005,61,61
14201,100005,61,61
14202,100005,61,61
14203,100005,61,61
14204,100005,61,61
14205,100005,61,61
14206,100005,61,61
14207,100005,61,61
14208,100005,61,61
14209,100005,61,61
14210,100005,61,61
14211,100005,61,61
14212,100005,61,61
14213,100005,61,61
14214,100005,61,61
14215,100005,61,61
14216,100005,61,61
14217,100005,61,61
14218,100005,61,61
14219,100005,61,61
14220,100005,61,61
14221,100005,61,61
14222,100005,61,61
14223,100005,61,61
14224,100005,61,61
14225,100005,61,61
14226,100005,61,61
14227,100005,61,61
14228,100005,61,61
14229,100005,61,61
14230,100005,61,61
14231,100005,61,61
14232,100005,61,61
14233,100005,61,61
14234,100005,61,61
14235,100005,61,61
14236,100005,61,61
14237,100005,61,61
14238,100005,61,61
14239,100005,61,61
14240,100005,61,61
14241,100005,61,61
14242,100005,61,61
14243,100005,61,61
14244,100005,61,61
14245,100005,61,61
14246,100005,61,61
14247,100005,61,61
14248,100005,61,61
14249,100005,61,61
14250,100005,61,61
14251,100005,61,61
14252,100005,61,61
14253,100005,61,61
14254,100005,61,61
14255,100005,61,61
14256,100005,61,61
14257,100005,61,61
14258,100005,61,61
14259,100005,61,61
14260,100005,61,61
14261,100005,61,61
14262,100005,61,61
14263,100005,61,61
14264,100005,61,61
14265,100005,61,61
14266,100005,61,61
14267,100005,61,61
14268,100005,61,61
14269,100005,61,61
14270,100005,61,61
14271,100005,61,61
14272,100005,61,61
14273,100005,61,61
14274,100005,61,61
14275,100005,61,61
14276,100005,61,61
14277,100005,61,61
14278,100005,61,61
14279,100005,61,61
14280,100005,61,61
14281,100005,61,61
14282,100005,61,61
14283,100005,61,61
14284,100005,61,61
14285,100005,61,61
14286,100005,61,61
14287,100005,61,61
14288,100005,61,61
14289,100005,61,61
14290,100005,61,61
14291,100005,61,61
14292,100005,61,61
14293,100005,61,61
14294,100005,61,61
14295,100005,61,61
14296,100005,61,61
14297,100005,61,61
14298,100005,61,61
14299,100005,61,61
14300,100005,61,61
14301,100005,61,61
14302,100005,61,61
14303,100005,61,61
14304,100005,61,61
14305,100005,61,61
14306,100005,61,61
14307,100005,61,61
14308,100005,61,61
14309,100005,61,61
14310,100005,61,61
14311,100005,61,61
14312,100005,61,61
14313,100005,61,61
14314,100005,61,61
14315,100005,61,61
14316,100005,61,61
14317,100005,61,61
14318,100005,61,61
14319,100005,61,61
14320,100005,61,61
14321,100005,61,61
14322,100005,61,61
14323,100005,61,61
14324,100005,61,61
14325,100005,61,61
14326,100005,61,61
14327,100005,61,61
14328,100005,61,61
14329,100005,61,61
14330,100005,61,61
14331,100005,61,61
14332,100005,61,61
14333,100005,61,61
14334,100005,61,61
14335,100005,61,61
14336,100005,61,61
14337,100005,61,61
14338,100005,61,61
14339,100005,61,61
14340,100005,61,61
14341,100005,61,61
14342,100005,61,61
14343,100005,61,61
14344,100005,61,61
14345,100005,61,61
14346,100005,61,61
14347,100005,61,61
14348,100005,61,61
14349,100005,61,61
14350,100005,61,61
14351,100005,61,61
14352,100005,61,61
14353,100005,61,61
14354,100005,61,61
14355,100005,61,61
14356,100005,61,61
14357,100005,61,61
14358,100005,61,61
14359,100005,61,61
14360,100005,61,61
14361,100005,61,61
14362,100005,61,61
14363,100005,61,61
14364,100005,61,61
14365,100005,61,61
14366,100005,61,61
14367,100005,61,61
14368,100005,61,61
14369,100005,61,61
14370,100005,61,61
14371,100005,61,61
14372,100005,61,61
14373,100005,61,61
14374,100005,61,61
14375,100005,61,61
14376,100005,61,61
14377,100005,61,61
14378,100005,61,61
14379,100005,61,61
14380,100005,61,61
14381,100005,61,61
14382,100005,61,61
14383,100005,61,61
14384,100005,61,61
14385,100005,61,61
14386,100005,61,61
14387,100005,61,61
14388,100005,61,61
14389,100005,61,61
14390,100005,61,61
14391,100005,61,61
14392,100005,61,61
14393,100005,61,61
14394,100005,61,61
14395,100005,61,61
14396,100005,61,61
14397,100005,61,61
14398,100005,61,61
14399,100005,61,61
14400,100005,61,61
14401,100005,61,61
14402,100005,61,61
14403,100005,61,61
14404,100005,61,61
14405,100005,61,61
14406,100005,61,61
14407,100005,61,61
14408,100005,61,61
14409,100005,61,61
14410,100005,61,61
14411,100005,61,61
14412,100005,61,61
14413,100005,61,61
14414,100005,61,61
14415,100005,61,61
14416,100005,61,61
14417,100005,61,61
14418,100005,61,61
14419,100005,61,61
14420,100005,61,61
14421,100005,61,61
14422,100005,61,61
14423,100005,61,61
14424,100005,61,61
14425,100005,61,61
14426,100005,61,61
14427,100005,61,61
14428,100005,61,61
14429,100005,61,61
14430,100005,61,61
14431,100005,61,61
14432,100005,61,61
14433,100005,61,61
14434,100005,61,61
14435,100005,61,61
14436,100005,61,61
14437,100005,61,61
14438,100005,61,61
14439,100005,61,61
14440,100005,61,61
14441,100005,61,61
14442,100005,61,61
14443,100005,61,61
14444,100006,61,61
14445,100006,61,61
14446,100006,61,61
14447,100006,61,61
14448,100006,61,61
14449,100006,61,61
14450,100006,61,61
14451,100006,61,61
14452,100006,61,61
14453,100006,61,61
14454,100006,61,61
14455,100006,61,61
14456,100006,61,61
14457,100006,61,61
14458,100006,61,61
14459,100006,61,61
14460,100006,61,61
14461,100006,61,61
14462,100006,61,61
14463,100006,61,61
14464,100006,61,61
14465,100006,61,61
14466,100006,61,61
14467,100006,61,61
14468,100006,61,61
14469,100006,61,61
14470,100006,61,61
14471,100006,61,61
14472,100006,61,61
14473,100006,61,61
14474,100006,61,61
14475,100006,61,61
14476,100006,61,61
14477,100006,61,61
14478,100006,61,61
14479,100006,61,61
14480,100006,61,61
14481,100006,61,61
14482,100006,61,61
14483,100006,61,61
14484,100006,61,61
14485,100006,61,61
14486,100006,61,61
14487,100006,61,61
14488,100006,61,61
14489,100006,61,61
14490,100006,61,61
14491,100006,61,61
14492,100006,61,61
14493,100006,61,61
14494,100007,61,61
14495,100007,61,61
14496,100007,61,61
14497,100007,61,61
14498,100007,61,61
14499,100007,61,61
14500,100007,61,61
14501,100007,61,61
14502,100007,61,61
14503,100007,61,61
14504,100007,61,61
14505,100007,61,61
14506,100007,61,61
14507,100007,61,61
14508,100007,61,61
14509,100007,61,61
14510,100007,61,61
14511,100007,61,61
14512,100007,61,61
14513,100007,61,61
14514,100007,61,61
14515,100007,61,61
14516,100007,61,61
14517,100007,61,61
14518,100007,61,61
14519,100007,61,61
14520,100007,61,61
14521,100007,61,61
14522,100007,61,61
14523,100007,61,61
14524,100007,61,61
14525,100007,61,61
14526,100007,61,61
14527,100007,61,61
14528,100007,61,61
14529,100007,61,61
14530,47002,61,61
14531,47002,61,61
14532,47002,61,61
14533,47002,61,61
14534,47002,61,61
14535,47002,61,61
14536,47002,61,61
14537,47002,61,61
14538,47002,61,61
14539,47002,61,61
14540,47002,61,61
14541,47002,61,61
14542,47002,61,61
14543,47002,61,61
14544,47002,61,61
14545,47002,61,61
14546,47002,61,61
14547,47002,61,61
14548,47002,61,61
14549,47002,61,61
14550,47002,61,61
14551,47002,61,61
14552,47002,61,61
14553,47002,61,61
14554,47002,61,61
14555,47002,61,61
14556,47002,61,61
14557,47002,61,61
14558,47002,61,61
14559,47002,61,61
14560,47002,61,61
14561,47002,61,61
14562,47002,61,61
14563,47002,61,61
14564,47002,61,61
14565,47002,61,61
14566,47002,61,61
14567,47002,61,61
14568,47002,61,61
14569,47002,61,61
14570,47002,61,61
14571,47002,61,61
14572,47002,61,61
14573,47002,61,61
14574,47002,61,61
14575,47002,61,61
14576,47002,61,61
14577,47002,61,61
14578,47002,61,61
14579,47002,61,61
14580,47002,61,61
14581,47002,61,61
14582,47002,61,61
14583,47002,61,61
14584,47002,61,61
14585,47002,61,61
14586,47002,61,61
14587,47002,61,61
14588,47002,61,61
14589,47002,61,61
14590,47002,61,61
14591,47002,61,61
14592,47002,61,61
14593,47002,61,61
14594,47002,61,61
14595,47002,61,61
14596,47002,61,61
14597,47002,61,61
14598,47002,61,61
14599,47002,61,61
14600,47002,61,61
14601,47002,61,61
14602,47002,61,61
14603,47002,61,61
14604,47003,61,69
14605,47003,61,69
14606,47003,61,69
14607,47003,61,69
14608,47003,61,69
14609,47003,61,69
14610,47003,61,69
14611,47005,61,64
14612,47005,61,64
14613,47006,61,64
14614,47006,61,64
14615,47007,61,63
14616,47009,61,63
14617,47009,61,63
14618,47009,61,63
14619,47009,61,63
14620,47009,61,63
14621,47009,61,63
14622,47009,61,63
14623,47009,61,63
14624,47010,61,63
14625,47010,61,63
14626,47010,61,63
14627,47010,61,63
14628,47010,61,63
14629,47010,61,63
14630,47010,61,63
14631,47010,61,63
14632,47010,61,63
14633,47010,61,63
14634,47010,61,63
14635,47010,61,63
14636,47010,61,63
14637,47010,61,63
14638,47010,61,63
14639,47010,61,63
14640,47010,61,63
14641,47010,61,63
14642,47010,61,63
14643,47010,61,63
14644,47010,61,63
14645,47010,61,63
14646,47010,61,63
14647,47010,61,63
14648,47010,61,63
14649,47010,61,63
14650,47010,61,63
14651,47010,61,63
14652,47010,61,63
14653,47010,61,63
14654,47010,61,63
14655,47010,61,63
14656,47011,61,63
14657,47011,61,63
14658,47011,61,63
14659,47011,61,63
14660,47011,61,63
14661,47011,61,63
14662,47011,61,63
14663,47011,61,63
14664,47011,61,63
14665,47011,61,63
14666,47011,61,63
14667,47011,61,63
14668,47011,61,63
14669,47011,61,63
14670,47011,61,63
14671,47011,61,63
14672,47012,61,69
14673,47012,61,69
14674,47012,61,69
14675,47012,61,69
14676,47012,61,69
14677,47012,61,69
14678,47013,61,63
14679,47013,61,63
14680,47013,61,63
14681,47013,61,63
14682,47013,61,63
14683,47013,61,63
14684,47013,61,63
14685,47014,61,63
14686,47014,61,63
14687,47014,61,63
14688,47014,61,63
14689,47014,61,63
14690,47014,61,63
14691,47014,61,63
14692,47014,61,63
14693,47014,61,63
14694,47014,61,63
14695,47014,61,63
14696,47014,61,63
14697,47014,61,63
14698,47014,61,63
14699,47014,61,63
14700,47014,61,63
14701,47014,61,63
14702,47014,61,63
14703,47014,61,63
14704,47014,61,63
14705,47014,61,63
14706,47014,61,63
14707,47014,61,63
14708,47014,61,63
14709,47014,61,63
14710,47014,61,63
14711,47014,61,63
14712,47014,61,63
14713,47014,61,63
14714,47014,61,63
14715,47014,61,63
14716,47014,61,63
14717,47014,61,63
14718,47014,61,63
14719,47014,61,63
14720,47014,61,63
14721,47014,61,63
14722,47014,61,63
14723,47014,61,63
14724,47014,61,63
14725,47014,61,63
14726,47014,61,63
14727,47014,61,63
14728,47014,61,63
14729,47014,61,63
14730,47014,61,63
14731,47014,61,63
14732,47014,61,63
14733,47014,61,63
14734,47014,61,63
14735,47014,61,63
14736,47014,61,63
14737,47014,61,63
14738,47014,61,63
14739,47014,61,63
14740,47014,61,63
14741,47014,61,63
14742,47014,61,63
14743,47014,61,63
14744,47014,61,63
14745,47014,61,63
14746,47014,61,63
14747,47014,61,63
14748,47014,61,63
14749,47014,61,63
14750,47014,61,63
14751,47014,61,63
14752,47014,61,63
14753,47014,61,63
14754,47014,61,63
14755,47014,61,63
14756,47014,61,63
14757,47014,61,63
14758,47014,61,63
14759,47016,61,69
14760,47016,61,69
14761,47016,61,69
14762,47016,61,69
14763,47016,61,69
14764,47016,61,69
14765,47017,61,63
14766,47017,61,63
14767,47017,61,63
14768,47017,61,61
14769,47017,61,63
14770,47017,61,63
14771,47017,61,63
14772,47017,61,63
14773,47017,61,63
14774,47017,61,63
14775,47017,61,61
14776,47017,61,61
14777,47017,61,61
14778,47017,61,63
14779,47017,61,63
14780,47017,61,63
14781,47017,61,63
14782,47017,61,63
14783,47017,61,63
14784,47017,61,63
14785,47017,61,61
14786,47017,61,61
14787,47017,61,61
14788,47017,61,63
14789,47017,61,61
14790,47017,61,63
14791,47017,61,61
14792,47017,61,61
14793,47017,61,63
14794,47017,61,61
14795,47017,61,63
14796,47017,61,61
14797,47017,61,63
14798,47017,61,61
14799,47017,61,63
14800,47017,61,61
14801,47017,61,63
14802,47017,61,61
14803,47017,61,61
14804,47017,61,63
14805,47017,61,61
14806,47017,61,61
14807,47017,61,61
14808,47017,61,61
14809,47017,61,61
14810,47017,61,63
14811,47017,61,61
14812,47017,61,61
14813,47017,61,61
14814,47017,61,61
14815,47017,61,61
14816,47017,61,61
14817,47017,61,61
14818,47017,61,63
14819,47017,61,63
14820,47017,61,63
14821,47017,61,63
14822,47017,61,61
14823,47017,61,63
14824,47017,61,61
14825,47017,61,63
14826,47017,61,61
14827,47017,61,63
14828,47017,61,63
14829,47017,61,63
14830,47017,61,63
14831,47017,61,63
14832,47020,61,63
14833,47020,61,63
14834,47020,61,63
14835,47020,61,63
14836,47020,61,63
14837,47020,61,63
14838,47020,61,63
14839,47020,61,63
14840,47020,61,63
14841,47020,61,63
14842,47020,61,63
14843,47020,61,63
14844,47020,61,63
14845,47020,61,63
14846,47020,61,63
14847,47020,61,63
14848,47020,61,63
14849,47020,61,63
14850,47020,61,63
14851,47021,61,69
14852,47021,61,69
14853,47021,61,69
14854,47022,61,69
14855,47022,61,69
14856,47022,61,69
14857,47024,61,63
14858,47024,61,63
14859,47024,61,63
14860,47024,61,63
14861,47024,61,63
14862,52003,61,52
14863,52028,61,55
14864,48005,62,61
14865,48010,62,64
14866,48011,62,64
14867,48017,62,54
14868,48017,62,54
14869,53009,62,53
14870,53009,62,53
14871,53009,62,53
14872,53009,62,53
14873,53009,62,53
14874,53009,62,53
14875,53009,62,53
14876,53009,62,53
14877,53009,62,53
14878,53009,62,53
14879,53009,62,53
14880,53009,62,53
14881,53009,62,53
14882,53009,62,53
14883,53009,62,53
14884,53009,62,53
14885,53009,62,53
14886,53009,62,53
14887,53009,62,53
14888,53009,62,53
14889,53009,62,53
14890,53009,62,53
14891,53009,62,53
14892,53009,62,53
14893,53009,62,53
14894,53009,62,53
14895,53009,62,53
14896,53010,62,53
14897,53010,62,53
14898,53010,62,53
14899,53010,62,53
14900,53010,62,53
14901,53010,62,53
14902,53010,62,53
14903,53010,62,53
14904,53015,62,53
14905,53015,62,53
14906,53015,62,53
14907,53015,62,53
14908,53015,62,53
14909,53024,62,53
14910,53024,62,53
14911,53024,62,53
14912,53024,62,53
14913,53024,62,53
14914,53027,62,53
14915,49001,62,62
14916,49001,62,62
14917,49001,62,59
14918,49001,62,62
14919,49001,62,59
14920,49001,62,62
14921,49001,62,59
14922,49001,62,62
14923,49001,62,59
14924,49001,62,62
14925,49001,62,59
14926,49001,62,62
14927,49001,62,59
14928,49001,62,62
14929,49001,62,59
14930,49001,62,62
14931,49001,62,62
14932,49001,62,62
14933,49001,62,59
14934,49001,62,62
14935,49001,62,62
14936,49002,62,53
14937,49002,62,53
14938,49002,62,53
14939,49002,62,53
14940,49002,62,53
14941,49002,62,53
14942,49002,62,53
14943,49002,62,53
14944,49002,62,53
14945,49002,62,53
14946,49002,62,53
14947,49002,62,53
14948,49002,62,53
14949,49002,62,53
14950,49002,62,53
14951,49002,62,53
14952,49002,62,53
14953,49002,62,53
14954,49002,62,53
14955,49002,62,53
14956,49002,62,53
14957,49002,62,53
14958,49002,62,53
14959,49002,62,53
14960,49002,62,53
14961,49002,62,53
14962,49002,62,53
14963,49002,62,53
14964,49002,62,53
14965,49002,62,53
14966,49002,62,53
14967,49002,62,53
14968,49002,62,53
14969,49002,62,53
14970,49002,62,53
14971,49002,62,53
14972,49004,62,68
14973,49006,62,59
14974,49006,62,62
14975,49006,62,62
14976,49006,62,62
14977,49006,62,62
14978,49006,62,62
14979,49006,62,59
14980,49006,62,59
14981,49006,62,62
14982,49006,62,62
14983,49006,62,62
14984,49006,62,59
14985,49006,62,59
14986,49006,62,62
14987,49006,62,62
14988,49006,62,59
14989,49006,62,59
14990,49006,62,59
14991,49006,62,59
14992,49006,62,62
14993,49006,62,59
14994,49006,62,62
14995,49006,62,59
14996,49006,62,62
14997,49006,62,62
14998,49006,62,59
14999,49006,62,62
15000,49006,62,62
15001,49006,62,62
15002,49006,62,59
15003,49006,62,59
15004,49006,62,62
15005,49007,62,59
15006,49007,62,59
15007,49007,62,59
15008,49007,62,62
15009,49007,62,59
15010,49007,62,62
15011,49007,62,62
15012,49007,62,62
15013,49007,62,62
15014,49007,62,62
15015,49007,62,62
15016,49007,62,62
15017,49007,62,62
15018,49007,62,62
15019,49007,62,62
15020,49007,62,62
15021,49007,62,59
15022,49007,62,62
15023,49007,62,59
15024,49007,62,62
15025,49007,62,62
15026,49007,62,62
15027,49007,62,59
15028,49007,62,59
15029,49007,62,59
15030,49007,62,62
15031,49007,62,62
15032,49007,62,62
15033,49007,62,59
15034,49007,62,62
15035,49007,62,59
15036,49007,62,59
15037,49007,62,62
15038,49007,62,59
15039,49007,62,62
15040,49007,62,59
15041,49007,62,59
15042,49007,62,59
15043,49007,62,62
15044,49007,62,59
15045,49007,62,59
15046,49007,62,59
15047,49007,62,59
15048,49007,62,62
15049,49007,62,59
15050,49007,62,59
15051,49007,62,59
15052,49007,62,62
15053,49007,62,62
15054,49007,62,59
15055,49007,62,59
15056,49007,62,59
15057,49007,62,59
15058,49007,62,59
15059,49007,62,59
15060,49007,62,59
15061,49007,62,62
15062,49007,62,62
15063,49007,62,59
15064,49007,62,59
15065,49007,62,62
15066,49007,62,62
15067,49007,62,59
15068,49007,62,59
15069,49007,62,59
15070,49007,62,62
15071,49007,62,59
15072,49007,62,59
15073,49007,62,59
15074,49007,62,59
15075,49007,62,59
15076,49007,62,59
15077,49007,62,59
15078,49007,62,62
15079,49007,62,59
15080,49007,62,62
15081,49007,62,62
15082,49007,62,62
15083,49007,62,59
15084,49007,62,62
15085,49007,62,62
15086,49007,62,59
15087,49007,62,62
15088,49007,62,59
15089,49007,62,62
15090,49007,62,59
15091,49007,62,59
15092,49007,62,62
15093,49007,62,62
15094,49007,62,59
15095,49007,62,62
15096,49007,62,59
15097,49007,62,62
15098,49007,62,59
15099,49007,62,62
15100,49007,62,59
15101,49007,62,59
15102,49007,62,62
15103,49007,62,59
15104,49007,62,59
15105,49007,62,59
15106,49007,62,59
15107,49007,62,59
15108,49007,62,59
15109,49007,62,59
15110,49007,62,59
15111,49007,62,59
15112,49007,62,59
15113,49007,62,59
15114,49007,62,59
15115,49007,62,59
15116,49007,62,59
15117,49007,62,62
15118,49007,62,59
15119,49007,62,62
15120,49007,62,59
15121,49007,62,62
15122,49007,62,62
15123,49007,62,59
15124,49007,62,62
15125,49007,62,59
15126,49007,62,59
15127,49007,62,62
15128,49007,62,62
15129,49007,62,62
15130,49007,62,59
15131,49007,62,62
15132,49007,62,59
15133,49007,62,62
15134,49007,62,62
15135,49007,62,62
15136,49008,62,59
15137,49008,62,62
15138,49008,62,59
15139,49009,62,62
15140,49009,62,62
15141,49009,62,59
15142,49009,62,62
15143,49009,62,62
15144,49009,62,62
15145,49009,62,62
15146,49009,62,62
15147,49009,62,62
15148,49009,62,59
15149,49011,62,68
15150,49012,62,68
15151,49012,62,68
15152,49012,62,68
15153,49012,62,68
15154,49012,62,68
15155,49012,62,68
15156,49012,62,68
15157,49012,62,68
15158,49012,62,68
15159,49012,62,68
15160,49012,62,68
15161,49012,62,68
15162,49012,62,68
15163,49012,62,68
15164,49012,62,68
15165,49012,62,68
15166,49012,62,68
15167,49012,62,68
15168,49012,62,68
15169,49012,62,68
15170,49012,62,68
15171,49012,62,68
15172,49012,62,68
15173,49012,62,68
15174,49012,62,68
15175,49012,62,68
15176,49012,62,68
15177,49012,62,68
15178,49012,62,68
15179,49012,62,68
15180,49012,62,68
15181,49012,62,68
15182,49012,62,68
15183,49012,62,68
15184,49012,62,68
15185,49012,62,68
15186,49012,62,68
15187,49012,62,68
15188,49012,62,68
15189,49012,62,68
15190,49012,62,68
15191,49012,62,68
15192,49012,62,68
15193,49012,62,68
15194,49012,62,68
15195,49012,62,68
15196,49012,62,68
15197,49012,62,68
15198,49012,62,68
15199,49012,62,68
15200,49012,62,68
15201,49012,62,68
15202,49012,62,68
15203,49012,62,68
15204,49012,62,68
15205,49012,62,68
15206,49012,62,68
15207,49012,62,68
15208,49012,62,68
15209,49012,62,68
15210,49012,62,68
15211,49012,62,68
15212,49012,62,68
15213,49012,62,68
15214,49012,62,68
15215,49012,62,68
15216,49012,62,68
15217,49012,62,68
15218,49012,62,68
15219,49012,62,68
15220,49012,62,68
15221,49012,62,68
15222,49012,62,68
15223,49012,62,68
15224,49012,62,68
15225,49012,62,68
15226,49012,62,68
15227,49012,62,68
15228,49012,62,68
15229,49012,62,68
15230,49012,62,68
15231,49012,62,68
15232,49012,62,68
15233,49012,62,68
15234,49012,62,68
15235,49012,62,68
15236,49012,62,68
15237,49012,62,68
15238,49012,62,68
15239,49012,62,68
15240,49012,62,68
15241,49012,62,68
15242,49017,62,62
15243,49017,62,62
15244,49017,62,59
15245,49017,62,59
15246,49017,62,59
15247,49017,62,59
15248,49017,62,59
15249,49017,62,62
15250,49017,62,62
15251,49017,62,62
15252,49017,62,59
15253,49017,62,62
15254,49017,62,59
15255,49017,62,62
15256,49017,62,59
15257,49017,62,62
15258,49017,62,59
15259,49017,62,59
15260,49017,62,62
15261,49017,62,62
15262,49017,62,62
15263,49017,62,62
15264,49017,62,62
15265,49017,62,59
15266,49017,62,62
15267,49017,62,59
15268,49017,62,62
15269,49017,62,59
15270,49017,62,59
15271,49017,62,59
15272,49017,62,62
15273,49017,62,59
15274,49017,62,59
15275,49017,62,62
15276,49017,62,62
15277,49017,62,59
15278,49017,62,59
15279,49017,62,59
15280,49017,62,59
15281,49017,62,62
15282,49017,62,62
15283,49017,62,59
15284,49017,62,62
15285,49017,62,59
15286,49017,62,62
15287,49017,62,59
15288,49017,62,59
15289,49017,62,59
15290,49017,62,59
15291,49017,62,62
15292,49017,62,59
15293,49017,62,59
15294,49017,62,59
15295,49017,62,59
15296,49017,62,59
15297,49017,62,62
15298,49017,62,59
15299,49017,62,59
15300,49017,62,62
15301,49017,62,59
15302,49017,62,62
15303,49017,62,62
15304,49017,62,59
15305,49017,62,59
15306,49017,62,62
15307,49017,62,59
15308,49017,62,62
15309,49017,62,59
15310,49017,62,59
15311,49017,62,62
15312,49017,62,59
15313,49017,62,59
15314,49017,62,59
15315,49017,62,59
15316,49017,62,62
15317,49017,62,62
15318,49017,62,59
15319,49017,62,59
15320,49017,62,62
15321,49017,62,59
15322,49017,62,59
15323,49017,62,59
15324,49017,62,62
15325,49017,62,62
15326,49017,62,59
15327,49017,62,62
15328,49017,62,59
15329,49017,62,62
15330,49017,62,59
15331,49017,62,62
15332,49017,62,62
15333,49017,62,59
15334,49017,62,59
15335,49017,62,59
15336,49017,62,62
15337,49017,62,62
15338,49017,62,62
15339,49017,62,59
15340,49017,62,62
15341,49017,62,62
15342,49017,62,59
15343,49017,62,59
15344,49017,62,59
15345,49017,62,59
15346,49017,62,59
15347,49018,62,59
15348,49018,62,62
15349,49018,62,59
15350,49018,62,62
15351,49018,62,59
15352,49018,62,59
15353,49018,62,59
15354,49018,62,59
15355,49018,62,59
15356,49018,62,62
15357,49018,62,62
15358,49018,62,59
15359,49018,62,62
15360,49018,62,59
15361,49018,62,59
15362,49018,62,59
15363,49018,62,59
15364,49018,62,59
15365,49019,62,59
15366,49020,62,53
15367,49020,62,53
15368,49020,62,53
15369,49020,62,53
15370,49020,62,53
15371,46017,62,69
15372,50006,62,62
15373,50006,62,59
15374,50006,62,59
15375,50006,62,59
15376,50006,62,62
15377,50008,62,65
15378,50010,62,59
15379,50010,62,59
15380,50010,62,59
15381,50010,62,59
15382,50010,62,59
15383,50010,62,59
15384,50010,62,62
15385,50010,62,59
15386,50010,62,59
15387,50010,62,59
15388,50011,62,55
15389,50011,62,55
15390,50011,62,55
15391,50011,62,55
15392,50011,62,55
15393,50011,62,55
15394,50011,62,55
15395,50015,62,62
15396,50015,62,62
15397,50016,62,65
15398,50019,62,65
15399,50019,62,65
15400,50020,62,59
15401,50020,62,62
15402,50020,62,59
15403,50020,62,62
15404,50020,62,62
15405,50020,62,62
15406,50020,62,62
15407,50020,62,62
15408,50020,62,62
15409,50020,62,62
15410,50020,62,59
15411,50020,62,62
15412,50021,62,53
15413,50021,62,53
15414,50021,62,53
15415,50021,62,53
15416,50021,62,53
15417,50021,62,53
15418,50021,62,53
15419,50027,62,55
15420,50027,62,55
15421,50027,62,55
15422,50027,62,55
15423,50027,62,55
15424,50027,62,55
15425,50027,62,55
15426,50027,62,55
15427,50027,62,55
15428,50027,62,55
15429,50027,62,55
15430,50027,62,55
15431,50027,62,55
15432,50030,62,59
15433,50030,62,62
15434,50030,62,62
15435,50030,62,59
15436,50030,62,59
15437,50030,62,62
15438,50030,62,62
15439,50030,62,59
15440,50030,62,59
15441,50034,62,65
15442,50034,62,65
15443,50039,62,55
15444,50039,62,55
15445,50039,62,55
15446,50039,62,55
15447,50039,62,55
15448,50039,62,55
15449,50039,62,55
15450,50039,62,55
15451,50039,62,55
15452,47024,62,63
15453,48005,63,61
15454,48006,63,50
15455,48010,63,64
15456,48010,63,64
15457,48011,63,64
15458,48014,63,64
15459,48014,63,64
15460,48019,63,64
15461,48019,63,64
15462,48030,63,64
15463,48041,63,54
15464,48050,63,64
15465,53024,63,53
15466,49011,63,68
15467,49017,63,62
15468,49017,63,62
15469,46001,63,69
15470,46001,63,69
15471,46001,63,69
15472,46001,63,69
15473,46005,63,66
15474,46005,63,66
15475,46007,63,69
15476,46009,63,71
15477,46010,63,71
15478,46011,63,71
15479,46017,63,69
15480,46021,63,69
15481,46021,63,69
15482,46021,63,69
15483,46021,63,69
15484,46024,63,66
15485,46033,63,66
15486,46033,63,66
15487,50001,63,65
15488,50009,63,65
15489,50009,63,65
15490,50009,63,65
15491,50022,63,65
15492,50029,63,65
15493,50032,63,64
15494,50032,63,64
15495,50032,63,64
15496,50032,63,64
15497,50035,63,65
15498,100003,63,63
15499,100004,63,61
15500,100005,63,61
15501,100005,63,61
15502,100005,63,61
15503,47002,63,61
15504,47002,63,61
15505,47002,63,61
15506,47002,63,61
15507,47002,63,61
15508,47002,63,61
15509,47002,63,61
15510,47002,63,61
15511,47002,63,61
15512,47002,63,61
15513,47002,63,61
15514,47002,63,61
15515,47002,63,61
15516,47002,63,61
15517,47002,63,61
15518,47002,63,61
15519,47002,63,61
15520,47002,63,61
15521,47002,63,61
15522,47002,63,61
15523,47002,63,61
15524,47002,63,61
15525,47002,63,61
15526,47002,63,61
15527,47002,63,61
15528,47002,63,61
15529,47002,63,61
15530,47002,63,61
15531,47002,63,61
15532,47002,63,61
15533,47002,63,61
15534,47002,63,61
15535,47002,63,61
15536,47002,63,61
15537,47002,63,61
15538,47002,63,61
15539,47002,63,61
15540,47002,63,61
15541,47002,63,61
15542,47002,63,61
15543,47002,63,61
15544,47002,63,61
15545,47003,63,69
15546,47003,63,69
15547,47003,63,69
15548,47003,63,69
15549,47003,63,69
15550,47003,63,69
15551,47003,63,69
15552,47003,63,69
15553,47003,63,69
15554,47003,63,69
15555,47003,63,69
15556,47003,63,69
15557,47003,63,69
15558,47003,63,69
15559,47003,63,69
15560,47003,63,69
15561,47003,63,69
15562,47003,63,69
15563,47003,63,69
15564,47005,63,64
15565,47005,63,64
15566,47005,63,64
15567,47005,63,64
15568,47005,63,64
15569,47005,63,64
15570,47005,63,64
15571,47005,63,64
15572,47005,63,64
15573,47005,63,64
15574,47005,63,64
15575,47005,63,64
15576,47005,63,64
15577,47005,63,64
15578,47005,63,64
15579,47005,63,64
15580,47006,63,64
15581,47006,63,64
15582,47006,63,64
15583,47006,63,64
15584,47006,63,64
15585,47006,63,64
15586,47006,63,64
15587,47006,63,64
15588,47006,63,64
15589,47006,63,64
15590,47006,63,64
15591,47006,63,64
15592,47006,63,64
15593,47006,63,64
15594,47006,63,64
15595,47006,63,64
15596,47006,63,64
15597,47006,63,64
15598,47006,63,64
15599,47006,63,64
15600,47006,63,64
15601,47006,63,64
15602,47006,63,64
15603,47006,63,64
15604,47007,63,63
15605,47007,63,63
15606,47007,63,63
15607,47007,63,63
15608,47007,63,63
15609,47007,63,63
15610,47007,63,63
15611,47007,63,63
15612,47007,63,63
15613,47009,63,63
15614,47009,63,63
15615,47009,63,63
15616,47009,63,63
15617,47009,63,63
15618,47009,63,63
15619,47009,63,63
15620,47009,63,63
15621,47009,63,63
15622,47009,63,63
15623,47009,63,63
15624,47009,63,63
15625,47009,63,63
15626,47009,63,63
15627,47009,63,63
15628,47009,63,63
15629,47009,63,63
15630,47009,63,63
15631,47009,63,63
15632,47009,63,63
15633,47009,63,63
15634,47009,63,63
15635,47009,63,63
15636,47009,63,63
15637,47009,63,63
15638,47009,63,63
15639,47009,63,63
15640,47009,63,63
15641,47009,63,63
15642,47009,63,63
15643,47009,63,63
15644,47009,63,63
15645,47009,63,63
15646,47009,63,63
15647,47009,63,63
15648,47009,63,63
15649,47009,63,63
15650,47009,63,63
15651,47009,63,63
15652,47009,63,63
15653,47009,63,63
15654,47009,63,63
15655,47009,63,63
15656,47009,63,63
15657,47009,63,63
15658,47009,63,63
15659,47009,63,63
15660,47009,63,63
15661,47009,63,63
15662,47009,63,63
15663,47009,63,63
15664,47009,63,63
15665,47009,63,63
15666,47009,63,63
15667,47009,63,63
15668,47009,63,63
15669,47009,63,63
15670,47009,63,63
15671,47009,63,63
15672,47009,63,63
15673,47009,63,63
15674,47009,63,63
15675,47009,63,63
15676,47009,63,63
15677,47009,63,63
15678,47009,63,63
15679,47009,63,63
15680,47009,63,63
15681,47009,63,63
15682,47009,63,63
15683,47009,63,63
15684,47009,63,63
15685,47009,63,63
15686,47009,63,63
15687,47009,63,63
15688,47009,63,63
15689,47009,63,63
15690,47009,63,63
15691,47009,63,63
15692,47009,63,63
15693,47009,63,63
15694,47009,63,63
15695,47009,63,63
15696,47009,63,63
15697,47009,63,63
15698,47009,63,63
15699,47009,63,63
15700,47009,63,63
15701,47009,63,63
15702,47009,63,63
15703,47009,63,63
15704,47009,63,63
15705,47009,63,63
15706,47009,63,63
15707,47009,63,63
15708,47009,63,63
15709,47010,63,63
15710,47010,63,63
15711,47010,63,63
15712,47010,63,63
15713,47010,63,63
15714,47010,63,63
15715,47010,63,63
15716,47010,63,63
15717,47010,63,63
15718,47010,63,63
15719,47010,63,63
15720,47010,63,63
15721,47010,63,63
15722,47010,63,63
15723,47010,63,63
15724,47010,63,63
15725,47010,63,63
15726,47010,63,63
15727,47010,63,63
15728,47010,63,63
15729,47010,63,63
15730,47011,63,63
15731,47011,63,63
15732,47011,63,63
15733,47011,63,63
15734,47011,63,63
15735,47011,63,63
15736,47011,63,63
15737,47011,63,63
15738,47011,63,63
15739,47011,63,63
15740,47011,63,63
15741,47011,63,63
15742,47011,63,63
15743,47011,63,63
15744,47011,63,63
15745,47011,63,63
15746,47011,63,63
15747,47011,63,63
15748,47011,63,63
15749,47011,63,63
15750,47011,63,63
15751,47011,63,63
15752,47011,63,63
15753,47011,63,63
15754,47011,63,63
15755,47011,63,63
15756,47011,63,63
15757,47011,63,63
15758,47011,63,63
15759,47011,63,63
15760,47011,63,63
15761,47011,63,63
15762,47011,63,63
15763,47011,63,63
15764,47011,63,63
15765,47011,63,63
15766,47011,63,63
15767,47011,63,63
15768,47011,63,63
15769,47011,63,63
15770,47011,63,63
15771,47011,63,63
15772,47011,63,63
15773,47011,63,63
15774,47011,63,63
15775,47011,63,63
15776,47011,63,63
15777,47011,63,63
15778,47011,63,63
15779,47011,63,63
15780,47011,63,63
15781,47011,63,63
15782,47011,63,63
15783,47011,63,63
15784,47011,63,63
15785,47011,63,63
15786,47011,63,63
15787,47011,63,63
15788,47011,63,63
15789,47011,63,63
15790,47011,63,63
15791,47011,63,63
15792,47011,63,63
15793,47011,63,63
15794,47011,63,63
15795,47011,63,63
15796,47011,63,63
15797,47011,63,63
15798,47011,63,63
15799,47011,63,63
15800,47011,63,63
15801,47011,63,63
15802,47011,63,63
15803,47011,63,63
15804,47011,63,63
15805,47011,63,63
15806,47011,63,63
15807,47011,63,63
15808,47011,63,63
15809,47011,63,63
15810,47011,63,63
15811,47011,63,63
15812,47011,63,63
15813,47011,63,63
15814,47012,63,69
15815,47012,63,69
15816,47012,63,69
15817,47012,63,69
15818,47012,63,69
15819,47012,63,69
15820,47012,63,69
15821,47012,63,69
15822,47012,63,69
15823,47012,63,69
15824,47012,63,69
15825,47012,63,69
15826,47012,63,69
15827,47012,63,69
15828,47012,63,69
15829,47012,63,69
15830,47012,63,69
15831,47012,63,69
15832,47012,63,69
15833,47012,63,69
15834,47012,63,69
15835,47012,63,69
15836,47012,63,69
15837,47012,63,69
15838,47012,63,69
15839,47012,63,69
15840,47012,63,69
15841,47012,63,69
15842,47012,63,69
15843,47012,63,69
15844,47012,63,69
15845,47012,63,69
15846,47012,63,69
15847,47012,63,69
15848,47012,63,69
15849,47012,63,69
15850,47012,63,69
15851,47012,63,69
15852,47012,63,69
15853,47012,63,69
15854,47012,63,69
15855,47012,63,69
15856,47012,63,69
15857,47012,63,69
15858,47012,63,69
15859,47012,63,69
15860,47012,63,69
15861,47012,63,69
15862,47012,63,69
15863,47012,63,69
15864,47012,63,69
15865,47012,63,69
15866,47012,63,69
15867,47012,63,69
15868,47012,63,69
15869,47012,63,69
15870,47012,63,69
15871,47012,63,69
15872,47012,63,69
15873,47012,63,69
15874,47012,63,69
15875,47012,63,69
15876,47012,63,69
15877,47012,63,69
15878,47013,63,63
15879,47013,63,63
15880,47013,63,63
15881,47013,63,63
15882,47013,63,63
15883,47013,63,63
15884,47013,63,63
15885,47013,63,63
15886,47013,63,63
15887,47013,63,63
15888,47013,63,63
15889,47013,63,63
15890,47013,63,63
15891,47013,63,63
15892,47013,63,63
15893,47013,63,63
15894,47013,63,63
15895,47013,63,63
15896,47013,63,63
15897,47013,63,63
15898,47013,63,63
15899,47013,63,63
15900,47013,63,63
15901,47013,63,63
15902,47014,63,63
15903,47014,63,63
15904,47014,63,63
15905,47014,63,63
15906,47014,63,63
15907,47014,63,63
15908,47014,63,63
15909,47014,63,63
15910,47014,63,63
15911,47014,63,63
15912,47014,63,63
15913,47014,63,63
15914,47014,63,63
15915,47014,63,63
15916,47014,63,63
15917,47014,63,63
15918,47014,63,63
15919,47014,63,63
15920,47014,63,63
15921,47014,63,63
15922,47014,63,63
15923,47014,63,63
15924,47014,63,63
15925,47014,63,63
15926,47014,63,63
15927,47014,63,63
15928,47014,63,63
15929,47014,63,63
15930,47014,63,63
15931,47014,63,63
15932,47014,63,63
15933,47014,63,63
15934,47014,63,63
15935,47014,63,63
15936,47014,63,63
15937,47014,63,63
15938,47014,63,63
15939,47014,63,63
15940,47014,63,63
15941,47014,63,63
15942,47014,63,63
15943,47014,63,63
15944,47014,63,63
15945,47014,63,63
15946,47014,63,63
15947,47014,63,63
15948,47014,63,63
15949,47014,63,63
15950,47014,63,63
15951,47014,63,63
15952,47014,63,63
15953,47014,63,63
15954,47014,63,63
15955,47014,63,63
15956,47014,63,63
15957,47014,63,63
15958,47014,63,63
15959,47014,63,63
15960,47014,63,63
15961,47014,63,63
15962,47014,63,63
15963,47014,63,63
15964,47014,63,63
15965,47014,63,63
15966,47014,63,63
15967,47014,63,63
15968,47014,63,63
15969,47014,63,63
15970,47014,63,63
15971,47014,63,63
15972,47014,63,63
15973,47014,63,63
15974,47014,63,63
15975,47014,63,63
15976,47014,63,63
15977,47014,63,63
15978,47014,63,63
15979,47014,63,63
15980,47014,63,63
15981,47014,63,63
15982,47014,63,63
15983,47014,63,63
15984,47014,63,63
15985,47014,63,63
15986,47014,63,63
15987,47014,63,63
15988,47014,63,63
15989,47014,63,63
15990,47014,63,63
15991,47014,63,63
15992,47014,63,63
15993,47014,63,63
15994,47014,63,63
15995,47014,63,63
15996,47014,63,63
15997,47014,63,63
15998,47014,63,63
15999,47014,63,63
16000,47014,63,63
16001,47014,63,63
16002,47014,63,63
16003,47014,63,63
16004,47014,63,63
16005,47014,63,63
16006,47014,63,63
16007,47014,63,63
16008,47014,63,63
16009,47014,63,63
16010,47014,63,63
16011,47014,63,63
16012,47014,63,63
16013,47014,63,63
16014,47014,63,63
16015,47014,63,63
16016,47014,63,63
16017,47014,63,63
16018,47014,63,63
16019,47014,63,63
16020,47014,63,63
16021,47014,63,63
16022,47014,63,63
16023,47014,63,63
16024,47014,63,63
16025,47014,63,63
16026,47014,63,63
16027,47014,63,63
16028,47014,63,63
16029,47014,63,63
16030,47014,63,63
16031,47014,63,63
16032,47014,63,63
16033,47014,63,63
16034,47014,63,63
16035,47014,63,63
16036,47014,63,63
16037,47014,63,63
16038,47014,63,63
16039,47014,63,63
16040,47014,63,63
16041,47014,63,63
16042,47014,63,63
16043,47014,63,63
16044,47014,63,63
16045,47014,63,63
16046,47014,63,63
16047,47014,63,63
16048,47014,63,63
16049,47014,63,63
16050,47014,63,63
16051,47014,63,63
16052,47014,63,63
16053,47014,63,63
16054,47014,63,63
16055,47014,63,63
16056,47014,63,63
16057,47014,63,63
16058,47014,63,63
16059,47014,63,63
16060,47014,63,63
16061,47014,63,63
16062,47014,63,63
16063,47014,63,63
16064,47014,63,63
16065,47014,63,63
16066,47014,63,63
16067,47014,63,63
16068,47014,63,63
16069,47014,63,63
16070,47014,63,63
16071,47014,63,63
16072,47014,63,63
16073,47014,63,63
16074,47014,63,63
16075,47014,63,63
16076,47014,63,63
16077,47014,63,63
16078,47014,63,63
16079,47014,63,63
16080,47014,63,63
16081,47014,63,63
16082,47014,63,63
16083,47014,63,63
16084,47014,63,63
16085,47014,63,63
16086,47014,63,63
16087,47014,63,63
16088,47014,63,63
16089,47014,63,63
16090,47014,63,63
16091,47014,63,63
16092,47014,63,63
16093,47014,63,63
16094,47014,63,63
16095,47014,63,63
16096,47014,63,63
16097,47014,63,63
16098,47014,63,63
16099,47014,63,63
16100,47014,63,63
16101,47014,63,63
16102,47014,63,63
16103,47014,63,63
16104,47014,63,63
16105,47014,63,63
16106,47014,63,63
16107,47014,63,63
16108,47014,63,63
16109,47014,63,63
16110,47014,63,63
16111,47014,63,63
16112,47014,63,63
16113,47014,63,63
16114,47014,63,63
16115,47014,63,63
16116,47014,63,63
16117,47014,63,63
16118,47014,63,63
16119,47014,63,63
16120,47014,63,63
16121,47014,63,63
16122,47014,63,63
16123,47014,63,63
16124,47014,63,63
16125,47014,63,63
16126,47014,63,63
16127,47014,63,63
16128,47014,63,63
16129,47014,63,63
16130,47014,63,63
16131,47014,63,63
16132,47014,63,63
16133,47014,63,63
16134,47014,63,63
16135,47014,63,63
16136,47014,63,63
16137,47014,63,63
16138,47014,63,63
16139,47014,63,63
16140,47014,63,63
16141,47014,63,63
16142,47014,63,63
16143,47014,63,63
16144,47014,63,63
16145,47014,63,63
16146,47014,63,63
16147,47014,63,63
16148,47014,63,63
16149,47014,63,63
16150,47014,63,63
16151,47014,63,63
16152,47014,63,63
16153,47014,63,63
16154,47014,63,63
16155,47014,63,63
16156,47014,63,63
16157,47014,63,63
16158,47014,63,63
16159,47014,63,63
16160,47014,63,63
16161,47014,63,63
16162,47014,63,63
16163,47014,63,63
16164,47014,63,63
16165,47014,63,63
16166,47014,63,63
16167,47014,63,63
16168,47014,63,63
16169,47014,63,63
16170,47014,63,63
16171,47014,63,63
16172,47014,63,63
16173,47014,63,63
16174,47014,63,63
16175,47014,63,63
16176,47014,63,63
16177,47014,63,63
16178,47014,63,63
16179,47014,63,63
16180,47014,63,63
16181,47014,63,63
16182,47014,63,63
16183,47014,63,63
16184,47014,63,63
16185,47014,63,63
16186,47014,63,63
16187,47014,63,63
16188,47014,63,63
16189,47014,63,63
16190,47014,63,63
16191,47014,63,63
16192,47014,63,63
16193,47014,63,63
16194,47014,63,63
16195,47014,63,63
16196,47014,63,63
16197,47014,63,63
16198,47014,63,63
16199,47014,63,63
16200,47014,63,63
16201,47014,63,63
16202,47014,63,63
16203,47014,63,63
16204,47014,63,63
16205,47014,63,63
16206,47014,63,63
16207,47014,63,63
16208,47014,63,63
16209,47014,63,63
16210,47014,63,63
16211,47014,63,63
16212,47014,63,63
16213,47014,63,63
16214,47014,63,63
16215,47014,63,63
16216,47014,63,63
16217,47014,63,63
16218,47014,63,63
16219,47014,63,63
16220,47014,63,63
16221,47014,63,63
16222,47014,63,63
16223,47014,63,63
16224,47014,63,63
16225,47014,63,63
16226,47014,63,63
16227,47014,63,63
16228,47014,63,63
16229,47014,63,63
16230,47014,63,63
16231,47014,63,63
16232,47014,63,63
16233,47014,63,63
16234,47014,63,63
16235,47014,63,63
16236,47014,63,63
16237,47014,63,63
16238,47014,63,63
16239,47014,63,63
16240,47014,63,63
16241,47014,63,63
16242,47014,63,63
16243,47014,63,63
16244,47014,63,63
16245,47014,63,63
16246,47014,63,63
16247,47014,63,63
16248,47014,63,63
16249,47014,63,63
16250,47014,63,63
16251,47014,63,63
16252,47014,63,63
16253,47014,63,63
16254,47014,63,63
16255,47014,63,63
16256,47014,63,63
16257,47016,63,69
16258,47016,63,69
16259,47016,63,69
16260,47016,63,69
16261,47016,63,69
16262,47016,63,69
16263,47016,63,69
16264,47016,63,69
16265,47016,63,69
16266,47016,63,69
16267,47016,63,69
16268,47016,63,69
16269,47016,63,69
16270,47016,63,69
16271,47016,63,69
16272,47016,63,69
16273,47016,63,69
16274,47016,63,69
16275,47016,63,69
16276,47016,63,69
16277,47016,63,69
16278,47016,63,69
16279,47016,63,69
16280,47016,63,69
16281,47016,63,69
16282,47016,63,69
16283,47016,63,69
16284,47016,63,69
16285,47016,63,69
16286,47016,63,69
16287,47016,63,69
16288,47016,63,69
16289,47016,63,69
16290,47016,63,69
16291,47016,63,69
16292,47016,63,69
16293,47016,63,69
16294,47016,63,69
16295,47016,63,69
16296,47016,63,69
16297,47016,63,69
16298,47016,63,69
16299,47016,63,69
16300,47016,63,69
16301,47017,63,61
16302,47017,63,61
16303,47017,63,61
16304,47017,63,61
16305,47017,63,63
16306,47017,63,63
16307,47017,63,63
16308,47017,63,63
16309,47017,63,63
16310,47017,63,63
16311,47017,63,61
16312,47017,63,63
16313,47017,63,61
16314,47017,63,61
16315,47017,63,63
16316,47017,63,61
16317,47017,63,63
16318,47017,63,61
16319,47017,63,63
16320,47017,63,61
16321,47017,63,61
16322,47017,63,61
16323,47017,63,61
16324,47017,63,63
16325,47017,63,61
16326,47017,63,63
16327,47017,63,63
16328,47017,63,61
16329,47017,63,61
16330,47017,63,61
16331,47017,63,63
16332,47017,63,61
16333,47017,63,63
16334,47017,63,63
16335,47017,63,61
16336,47017,63,63
16337,47017,63,63
16338,47017,63,63
16339,47017,63,63
16340,47017,63,61
16341,47017,63,61
16342,47017,63,61
16343,47017,63,63
16344,47017,63,61
16345,47017,63,63
16346,47017,63,61
16347,47017,63,61
16348,47017,63,61
16349,47017,63,61
16350,47017,63,63
16351,47017,63,61
16352,47017,63,63
16353,47017,63,61
16354,47017,63,63
16355,47017,63,61
16356,47017,63,61
16357,47017,63,61
16358,47017,63,63
16359,47017,63,63
16360,47017,63,63
16361,47017,63,63
16362,47017,63,63
16363,47017,63,61
16364,47017,63,61
16365,47017,63,63
16366,47017,63,63
16367,47017,63,63
16368,47017,63,63
16369,47017,63,63
16370,47017,63,63
16371,47017,63,63
16372,47017,63,63
16373,47017,63,63
16374,47017,63,63
16375,47017,63,61
16376,47017,63,63
16377,47017,63,61
16378,47018,63,63
16379,47018,63,63
16380,47020,63,63
16381,47020,63,63
16382,47020,63,63
16383,47020,63,63
16384,47020,63,63
16385,47020,63,63
16386,47020,63,63
16387,47020,63,63
16388,47020,63,63
16389,47020,63,63
16390,47020,63,63
16391,47020,63,63
16392,47020,63,63
16393,47020,63,63
16394,47020,63,63
16395,47020,63,63
16396,47020,63,63
16397,47020,63,63
16398,47020,63,63
16399,47020,63,63
16400,47020,63,63
16401,47020,63,63
16402,47020,63,63
16403,47020,63,63
16404,47020,63,63
16405,47020,63,63
16406,47020,63,63
16407,47020,63,63
16408,47020,63,63
16409,47020,63,63
16410,47020,63,63
16411,47020,63,63
16412,47020,63,63
16413,47020,63,63
16414,47020,63,63
16415,47020,63,63
16416,47020,63,63
16417,47020,63,63
16418,47020,63,63
16419,47020,63,63
16420,47020,63,63
16421,47020,63,63
16422,47020,63,63
16423,47020,63,63
16424,47020,63,63
16425,47020,63,63
16426,47020,63,63
16427,47020,63,63
16428,47020,63,63
16429,47020,63,63
16430,47020,63,63
16431,47020,63,63
16432,47020,63,63
16433,47020,63,63
16434,47020,63,63
16435,47020,63,63
16436,47020,63,63
16437,47020,63,63
16438,47020,63,63
16439,47020,63,63
16440,47020,63,63
16441,47020,63,63
16442,47020,63,63
16443,47020,63,63
16444,47020,63,63
16445,47020,63,63
16446,47020,63,63
16447,47020,63,63
16448,47020,63,63
16449,47020,63,63
16450,47020,63,63
16451,47020,63,63
16452,47020,63,63
16453,47020,63,63
16454,47021,63,69
16455,47021,63,69
16456,47021,63,69
16457,47021,63,69
16458,47021,63,69
16459,47021,63,69
16460,47021,63,69
16461,47021,63,69
16462,47021,63,69
16463,47021,63,69
16464,47021,63,69
16465,47021,63,69
16466,47021,63,69
16467,47021,63,69
16468,47021,63,69
16469,47021,63,69
16470,47021,63,69
16471,47021,63,69
16472,47021,63,69
16473,47021,63,69
16474,47021,63,69
16475,47021,63,69
16476,47022,63,69
16477,47022,63,69
16478,47022,63,69
16479,47022,63,69
16480,47022,63,69
16481,47022,63,69
16482,47022,63,69
16483,47022,63,69
16484,47022,63,69
16485,47022,63,69
16486,47022,63,69
16487,47022,63,69
16488,47022,63,69
16489,47022,63,69
16490,47022,63,69
16491,47022,63,69
16492,47022,63,69
16493,47022,63,69
16494,47022,63,69
16495,47023,63,63
16496,47023,63,63
16497,47024,63,63
16498,47024,63,63
16499,47024,63,63
16500,47024,63,63
16501,47024,63,63
16502,47024,63,63
16503,47024,63,63
16504,47024,63,63
16505,47024,63,63
16506,47024,63,63
16507,47024,63,63
16508,47024,63,63
16509,47024,63,63
16510,47024,63,63
16511,47024,63,63
16512,47024,63,63
16513,47024,63,63
16514,47024,63,63
16515,47024,63,63
16516,52011,63,48
16517,52011,63,48
16518,48017,63,50
16519,48006,64,54
16520,48008,64,64
16521,48008,64,64
16522,48008,64,64
16523,48008,64,64
16524,48008,64,64
16525,48008,64,64
16526,48008,64,64
16527,48008,64,64
16528,48008,64,64
16529,48008,64,64
16530,48008,64,64
16531,48008,64,64
16532,48008,64,64
16533,48008,64,64
16534,48008,64,64
16535,48008,64,64
16536,48008,64,64
16537,48008,64,64
16538,48008,64,64
16539,48008,64,64
16540,48008,64,64
16541,48008,64,64
16542,48010,64,64
16543,48010,64,64
16544,48010,64,64
16545,48010,64,64
16546,48010,64,64
16547,48010,64,64
16548,48010,64,64
16549,48010,64,64
16550,48010,64,64
16551,48010,64,64
16552,48010,64,64
16553,48010,64,64
16554,48010,64,64
16555,48010,64,64
16556,48010,64,64
16557,48010,64,64
16558,48010,64,64
16559,48010,64,64
16560,48010,64,64
16561,48010,64,64
16562,48010,64,64
16563,48010,64,64
16564,48010,64,64
16565,48010,64,64
16566,48010,64,64
16567,48010,64,64
16568,48010,64,64
16569,48010,64,64
16570,48010,64,64
16571,48010,64,64
16572,48010,64,64
16573,48010,64,64
16574,48010,64,64
16575,48010,64,64
16576,48010,64,64
16577,48010,64,64
16578,48010,64,64
16579,48010,64,64
16580,48010,64,64
16581,48010,64,64
16582,48010,64,64
16583,48010,64,64
16584,48010,64,64
16585,48010,64,64
16586,48010,64,64
16587,48010,64,64
16588,48010,64,64
16589,48010,64,64
16590,48010,64,64
16591,48010,64,64
16592,48010,64,64
16593,48010,64,64
16594,48010,64,64
16595,48010,64,64
16596,48011,64,64
16597,48011,64,64
16598,48011,64,64
16599,48011,64,64
16600,48011,64,64
16601,48011,64,64
16602,48011,64,64
16603,48011,64,64
16604,48011,64,64
16605,48011,64,64
16606,48011,64,64
16607,48011,64,64
16608,48011,64,64
16609,48011,64,64
16610,48011,64,64
16611,48011,64,64
16612,48011,64,64
16613,48011,64,64
16614,48011,64,64
16615,48011,64,64
16616,48011,64,64
16617,48011,64,64
16618,48011,64,64
16619,48011,64,64
16620,48011,64,64
16621,48011,64,64
16622,48011,64,64
16623,48011,64,64
16624,48011,64,64
16625,48011,64,64
16626,48011,64,64
16627,48011,64,64
16628,48011,64,64
16629,48011,64,64
16630,48011,64,64
16631,48011,64,64
16632,48011,64,64
16633,48011,64,64
16634,48011,64,64
16635,48011,64,64
16636,48011,64,64
16637,48011,64,64
16638,48011,64,64
16639,48011,64,64
16640,48011,64,64
16641,48011,64,64
16642,48011,64,64
16643,48011,64,64
16644,48011,64,64
16645,48011,64,64
16646,48012,64,55
16647,48012,64,55
16648,48012,64,55
16649,48012,64,55
16650,48012,64,55
16651,48012,64,55
16652,48012,64,55
16653,48012,64,55
16654,48012,64,55
16655,48012,64,55
16656,48012,64,55
16657,48012,64,55
16658,48012,64,55
16659,48014,64,64
16660,48014,64,64
16661,48014,64,64
16662,48014,64,64
16663,48014,64,64
16664,48014,64,64
16665,48014,64,64
16666,48014,64,64
16667,48014,64,64
16668,48014,64,64
16669,48014,64,64
16670,48014,64,64
16671,48014,64,64
16672,48014,64,64
16673,48014,64,64
16674,48014,64,64
16675,48014,64,64
16676,48014,64,64
16677,48014,64,64
16678,48014,64,64
16679,48014,64,64
16680,48014,64,64
16681,48014,64,64
16682,48014,64,64
16683,48014,64,64
16684,48014,64,64
16685,48014,64,64
16686,48014,64,64
16687,48014,64,64
16688,48014,64,64
16689,48014,64,64
16690,48014,64,64
16691,48014,64,64
16692,48014,64,64
16693,48014,64,64
16694,48014,64,64
16695,48014,64,64
16696,48014,64,64
16697,48014,64,64
16698,48014,64,64
16699,48014,64,64
16700,48014,64,64
16701,48014,64,64
16702,48014,64,64
16703,48014,64,64
16704,48014,64,64
16705,48014,64,64
16706,48014,64,64
16707,48014,64,64
16708,48014,64,64
16709,48014,64,64
16710,48014,64,64
16711,48014,64,64
16712,48014,64,64
16713,48014,64,64
16714,48014,64,64
16715,48014,64,64
16716,48014,64,64
16717,48014,64,64
16718,48014,64,64
16719,48014,64,64
16720,48014,64,64
16721,48014,64,64
16722,48014,64,64
16723,48014,64,64
16724,48014,64,64
16725,48014,64,64
16726,48014,64,64
16727,48014,64,64
16728,48014,64,64
16729,48014,64,64
16730,48014,64,64
16731,48014,64,64
16732,48014,64,64
16733,48014,64,64
16734,48014,64,64
16735,48014,64,64
16736,48014,64,64
16737,48014,64,64
16738,48014,64,64
16739,48014,64,64
16740,48014,64,64
16741,48014,64,64
16742,48014,64,64
16743,48014,64,64
16744,48014,64,64
16745,48014,64,64
16746,48014,64,64
16747,48014,64,64
16748,48014,64,64
16749,48014,64,64
16750,48014,64,64
16751,48014,64,64
16752,48014,64,64
16753,48014,64,64
16754,48014,64,64
16755,48014,64,64
16756,48014,64,64
16757,48014,64,64
16758,48014,64,64
16759,48014,64,64
16760,48014,64,64
16761,48014,64,64
16762,48014,64,64
16763,48014,64,64
16764,48014,64,64
16765,48014,64,64
16766,48014,64,64
16767,48014,64,64
16768,48014,64,64
16769,48014,64,64
16770,48014,64,64
16771,48014,64,64
16772,48014,64,64
16773,48014,64,64
16774,48014,64,64
16775,48014,64,64
16776,48014,64,64
16777,48014,64,64
16778,48014,64,64
16779,48014,64,64
16780,48014,64,64
16781,48014,64,64
16782,48014,64,64
16783,48014,64,64
16784,48014,64,64
16785,48014,64,64
16786,48014,64,64
16787,48014,64,64
16788,48014,64,64
16789,48014,64,64
16790,48014,64,64
16791,48014,64,64
16792,48014,64,64
16793,48014,64,64
16794,48014,64,64
16795,48014,64,64
16796,48014,64,64
16797,48014,64,64
16798,48014,64,64
16799,48014,64,64
16800,48014,64,64
16801,48014,64,64
16802,48014,64,64
16803,48014,64,64
16804,48014,64,64
16805,48014,64,64
16806,48014,64,64
16807,48014,64,64
16808,48014,64,64
16809,48014,64,64
16810,48014,64,64
16811,48014,64,64
16812,48014,64,64
16813,48014,64,64
16814,48014,64,64
16815,48014,64,64
16816,48014,64,64
16817,48014,64,64
16818,48014,64,64
16819,48014,64,64
16820,48014,64,64
16821,48014,64,64
16822,48014,64,64
16823,48014,64,64
16824,48014,64,64
16825,48014,64,64
16826,48014,64,64
16827,48014,64,64
16828,48014,64,64
16829,48014,64,64
16830,48014,64,64
16831,48014,64,64
16832,48014,64,64
16833,48014,64,64
16834,48014,64,64
16835,48014,64,64
16836,48014,64,64
16837,48014,64,64
16838,48014,64,64
16839,48014,64,64
16840,48014,64,64
16841,48014,64,64
16842,48014,64,64
16843,48014,64,64
16844,48014,64,64
16845,48014,64,64
16846,48014,64,64
16847,48014,64,64
16848,48014,64,64
16849,48014,64,64
16850,48014,64,64
16851,48014,64,64
16852,48014,64,64
16853,48014,64,64
16854,48014,64,64
16855,48014,64,64
16856,48014,64,64
16857,48014,64,64
16858,48014,64,64
16859,48014,64,64
16860,48014,64,64
16861,48014,64,64
16862,48014,64,64
16863,48014,64,64
16864,48014,64,64
16865,48014,64,64
16866,48014,64,64
16867,48014,64,64
16868,48014,64,64
16869,48014,64,64
16870,48017,64,50
16871,48017,64,60
16872,48017,64,60
16873,48019,64,64
16874,48019,64,64
16875,48019,64,64
16876,48019,64,64
16877,48019,64,64
16878,48019,64,64
16879,48019,64,64
16880,48019,64,64
16881,48019,64,64
16882,48019,64,64
16883,48019,64,64
16884,48019,64,64
16885,48019,64,64
16886,48019,64,64
16887,48019,64,64
16888,48019,64,64
16889,48019,64,64
16890,48019,64,64
16891,48019,64,64
16892,48019,64,64
16893,48019,64,64
16894,48019,64,64
16895,48019,64,64
16896,48019,64,64
16897,48019,64,64
16898,48019,64,64
16899,48019,64,64
16900,48019,64,64
16901,48019,64,64
16902,48019,64,64
16903,48019,64,64
16904,48019,64,64
16905,48019,64,64
16906,48019,64,64
16907,48019,64,64
16908,48019,64,64
16909,48019,64,64
16910,48019,64,64
16911,48019,64,64
16912,48019,64,64
16913,48019,64,64
16914,48019,64,64
16915,48019,64,64
16916,48019,64,64
16917,48019,64,64
16918,48019,64,64
16919,48019,64,64
16920,48019,64,64
16921,48019,64,64
16922,48019,64,64
16923,48019,64,64
16924,48019,64,64
16925,48019,64,64
16926,48019,64,64
16927,48019,64,64
16928,48019,64,64
16929,48019,64,64
16930,48019,64,64
16931,48019,64,64
16932,48019,64,64
16933,48019,64,64
16934,48019,64,64
16935,48019,64,64
16936,48019,64,64
16937,48019,64,64
16938,48019,64,64
16939,48019,64,64
16940,48019,64,64
16941,48019,64,64
16942,48019,64,64
16943,48019,64,64
16944,48019,64,64
16945,48019,64,64
16946,48019,64,64
16947,48019,64,64
16948,48019,64,64
16949,48019,64,64
16950,48019,64,64
16951,48019,64,64
16952,48019,64,64
16953,48019,64,64
16954,48019,64,64
16955,48019,64,64
16956,48019,64,64
16957,48019,64,64
16958,48019,64,64
16959,48019,64,64
16960,48019,64,64
16961,48019,64,64
16962,48019,64,64
16963,48019,64,64
16964,48019,64,64
16965,48019,64,64
16966,48019,64,64
16967,48020,64,55
16968,48020,64,55
16969,48020,64,55
16970,48020,64,55
16971,48020,64,55
16972,48020,64,55
16973,48020,64,55
16974,48020,64,55
16975,48024,64,60
16976,48024,64,50
16977,48024,64,60
16978,48024,64,54
16979,48027,64,64
16980,48027,64,64
16981,48027,64,64
16982,48027,64,64
16983,48027,64,64
16984,48027,64,64
16985,48027,64,64
16986,48027,64,64
16987,48028,64,64
16988,48028,64,64
16989,48028,64,64
16990,48028,64,64
16991,48028,64,64
16992,48028,64,64
16993,48028,64,64
16994,48028,64,64
16995,48028,64,64
16996,48028,64,64
16997,48028,64,64
16998,48028,64,64
16999,48028,64,64
17000,48028,64,64
17001,48028,64,64
17002,48028,64,64
17003,48028,64,64
17004,48028,64,64
17005,48028,64,64
17006,48028,64,64
17007,48028,64,64
17008,48028,64,64
17009,48028,64,64
17010,48028,64,64
17011,48028,64,64
17012,48028,64,64
17013,48028,64,64
17014,48028,64,64
17015,48028,64,64
17016,48028,64,64
17017,48028,64,64
17018,48028,64,64
17019,48028,64,64
17020,48028,64,64
17021,48028,64,64
17022,48028,64,64
17023,48028,64,64
17024,48028,64,64
17025,48028,64,64
17026,48028,64,64
17027,48028,64,64
17028,48028,64,64
17029,48028,64,64
17030,48028,64,64
17031,48028,64,64
17032,48028,64,64
17033,48028,64,64
17034,48028,64,64
17035,48028,64,64
17036,48028,64,64
17037,48028,64,64
17038,48028,64,64
17039,48028,64,64
17040,48030,64,64
17041,48030,64,64
17042,48030,64,64
17043,48030,64,64
17044,48030,64,64
17045,48030,64,64
17046,48030,64,64
17047,48030,64,64
17048,48030,64,64
17049,48030,64,64
17050,48030,64,64
17051,48030,64,64
17052,48030,64,64
17053,48030,64,64
17054,48030,64,64
17055,48030,64,64
17056,48030,64,64
17057,48030,64,64
17058,48030,64,64
17059,48030,64,64
17060,48030,64,64
17061,48030,64,64
17062,48030,64,64
17063,48030,64,64
17064,48036,64,70
17065,48041,64,50
17066,48050,64,64
17067,48050,64,64
17068,48050,64,64
17069,48050,64,64
17070,48050,64,64
17071,48050,64,64
17072,48050,64,64
17073,48050,64,64
17074,48050,64,64
17075,48050,64,64
17076,48050,64,64
17077,48050,64,64
17078,48050,64,64
17079,48050,64,64
17080,48050,64,64
17081,48050,64,64
17082,48050,64,64
17083,48050,64,64
17084,48050,64,64
17085,48050,64,64
17086,48050,64,64
17087,48050,64,64
17088,48050,64,64
17089,48050,64,64
17090,48050,64,64
17091,48050,64,64
17092,48050,64,64
17093,48050,64,64
17094,48050,64,64
17095,48050,64,64
17096,48050,64,64
17097,48050,64,64
17098,48050,64,64
17099,48050,64,64
17100,48050,64,64
17101,48050,64,64
17102,48050,64,64
17103,48050,64,64
17104,48050,64,64
17105,48050,64,64
17106,48050,64,64
17107,48050,64,64
17108,48050,64,64
17109,48050,64,64
17110,48050,64,64
17111,48050,64,64
17112,48050,64,64
17113,48050,64,64
17114,48050,64,64
17115,48050,64,64
17116,48050,64,64
17117,48050,64,64
17118,48050,64,64
17119,48050,64,64
17120,48050,64,64
17121,48050,64,64
17122,48050,64,64
17123,48050,64,64
17124,48054,64,55
17125,53014,64,53
17126,49001,64,62
17127,46001,64,69
17128,46024,64,66
17129,46024,64,66
17130,50004,64,65
17131,50009,64,65
17132,50009,64,65
17133,50009,64,65
17134,50009,64,65
17135,50009,64,65
17136,50009,64,65
17137,50009,64,65
17138,50009,64,65
17139,50009,64,65
17140,50009,64,65
17141,50009,64,65
17142,50009,64,65
17143,50009,64,65
17144,50009,64,65
17145,50009,64,65
17146,50009,64,65
17147,50009,64,65
17148,50009,64,65
17149,50009,64,65
17150,50009,64,65
17151,50009,64,65
17152,50009,64,65
17153,50009,64,65
17154,50009,64,65
17155,50009,64,65
17156,50009,64,65
17157,50009,64,65
17158,50009,64,65
17159,50009,64,65
17160,50009,64,65
17161,50009,64,65
17162,50009,64,65
17163,50009,64,65
17164,50009,64,65
17165,50009,64,65
17166,50009,64,65
17167,50009,64,65
17168,50009,64,65
17169,50009,64,65
17170,50009,64,65
17171,50009,64,65
17172,50009,64,65
17173,50009,64,65
17174,50009,64,65
17175,50009,64,65
17176,50009,64,65
17177,50009,64,65
17178,50009,64,65
17179,50009,64,65
17180,50009,64,65
17181,50009,64,65
17182,50009,64,65
17183,50009,64,65
17184,50022,64,65
17185,50022,64,65
17186,50022,64,65
17187,50022,64,65
17188,50022,64,65
17189,50022,64,65
17190,50022,64,65
17191,50022,64,65
17192,50022,64,65
17193,50022,64,65
17194,50022,64,65
17195,50022,64,65
17196,50022,64,65
17197,50022,64,65
17198,50022,64,65
17199,50022,64,65
17200,50022,64,65
17201,50022,64,65
17202,50022,64,65
17203,50022,64,65
17204,50022,64,65
17205,50022,64,65
17206,50022,64,65
17207,50022,64,65
17208,50022,64,65
17209,50022,64,65
17210,50022,64,65
17211,50022,64,65
17212,50022,64,65
17213,50022,64,65
17214,50022,64,65
17215,50022,64,65
17216,50022,64,65
17217,50022,64,65
17218,50022,64,65
17219,50022,64,65
17220,50022,64,65
17221,50022,64,65
17222,50022,64,65
17223,50022,64,65
17224,50022,64,65
17225,50022,64,65
17226,50022,64,65
17227,50022,64,65
17228,50022,64,65
17229,50022,64,65
17230,50022,64,65
17231,50022,64,65
17232,50022,64,65
17233,50024,64,65
17234,50024,64,65
17235,50028,64,65
17236,50032,64,64
17237,50032,64,64
17238,50032,64,64
17239,50032,64,64
17240,50032,64,64
17241,50032,64,64
17242,50032,64,64
17243,50032,64,64
17244,50032,64,64
17245,50032,64,64
17246,50032,64,64
17247,50032,64,64
17248,50032,64,64
17249,50032,64,64
17250,50032,64,64
17251,50032,64,64
17252,50032,64,64
17253,50032,64,64
17254,50032,64,64
17255,50032,64,64
17256,50032,64,64
17257,50032,64,64
17258,50032,64,64
17259,50032,64,64
17260,50032,64,64
17261,50032,64,64
17262,50032,64,64
17263,50032,64,64
17264,50032,64,64
17265,50032,64,64
17266,50032,64,64
17267,50032,64,64
17268,50032,64,64
17269,50032,64,64
17270,50032,64,64
17271,50032,64,64
17272,50032,64,64
17273,50032,64,64
17274,50032,64,64
17275,50032,64,64
17276,50032,64,64
17277,50032,64,64
17278,50032,64,64
17279,50032,64,64
17280,50032,64,64
17281,50032,64,64
17282,50032,64,64
17283,50032,64,64
17284,50032,64,64
17285,50032,64,64
17286,50032,64,64
17287,50032,64,64
17288,50032,64,64
17289,50032,64,64
17290,50032,64,64
17291,50032,64,64
17292,50032,64,64
17293,50032,64,64
17294,50032,64,64
17295,50032,64,64
17296,50032,64,64
17297,50032,64,64
17298,50032,64,64
17299,50032,64,64
17300,50032,64,64
17301,50032,64,64
17302,50032,64,64
17303,50032,64,64
17304,50032,64,64
17305,50032,64,64
17306,50032,64,64
17307,50032,64,64
17308,50032,64,64
17309,50032,64,64
17310,50032,64,64
17311,50032,64,64
17312,50032,64,64
17313,50032,64,64
17314,50032,64,64
17315,50032,64,64
17316,50032,64,64
17317,50032,64,64
17318,50032,64,64
17319,50032,64,64
17320,50032,64,64
17321,50032,64,64
17322,50032,64,64
17323,50032,64,64
17324,50032,64,64
17325,50032,64,64
17326,50032,64,64
17327,50032,64,64
17328,50032,64,64
17329,50032,64,64
17330,50032,64,64
17331,50032,64,64
17332,50032,64,64
17333,50032,64,64
17334,50032,64,64
17335,50032,64,64
17336,50032,64,64
17337,50032,64,64
17338,50032,64,64
17339,50032,64,64
17340,50032,64,64
17341,50032,64,64
17342,50033,64,65
17343,50033,64,65
17344,50033,64,65
17345,50033,64,65
17346,50033,64,65
17347,50033,64,65
17348,50033,64,65
17349,50033,64,65
17350,50033,64,65
17351,50033,64,65
17352,50033,64,65
17353,50033,64,65
17354,50033,64,65
17355,50033,64,65
17356,50033,64,65
17357,50033,64,65
17358,50033,64,65
17359,50033,64,65
17360,50033,64,65
17361,50033,64,65
17362,50033,64,65
17363,50033,64,65
17364,50033,64,65
17365,50033,64,65
17366,50033,64,65
17367,50033,64,65
17368,50033,64,65
17369,50033,64,65
17370,50033,64,65
17371,50033,64,65
17372,50033,64,65
17373,50033,64,65
17374,50033,64,65
17375,50033,64,65
17376,50033,64,65
17377,50033,64,65
17378,50033,64,65
17379,50033,64,65
17380,50033,64,65
17381,50033,64,65
17382,50033,64,65
17383,50033,64,65
17384,50033,64,65
17385,50033,64,65
17386,50033,64,65
17387,50033,64,65
17388,50033,64,65
17389,50033,64,65
17390,50033,64,65
17391,50033,64,65
17392,50033,64,65
17393,50033,64,65
17394,50033,64,65
17395,50033,64,65
17396,50033,64,65
17397,50033,64,65
17398,50033,64,65
17399,50033,64,65
17400,50033,64,65
17401,50033,64,65
17402,50033,64,65
17403,50033,64,65
17404,50033,64,65
17405,50033,64,65
17406,50033,64,65
17407,50033,64,65
17408,50033,64,65
17409,50033,64,65
17410,50033,64,65
17411,50033,64,65
17412,50033,64,65
17413,50033,64,65
17414,50033,64,65
17415,50033,64,65
17416,50033,64,65
17417,50033,64,65
17418,50033,64,65
17419,50033,64,65
17420,50033,64,65
17421,50033,64,65
17422,50033,64,65
17423,50033,64,65
17424,50033,64,65
17425,50033,64,65
17426,50033,64,65
17427,50033,64,65
17428,50033,64,65
17429,50033,64,65
17430,50033,64,65
17431,50033,64,65
17432,50033,64,65
17433,50033,64,65
17434,50033,64,65
17435,50033,64,65
17436,50033,64,65
17437,50035,64,65
17438,50035,64,65
17439,50035,64,65
17440,50040,64,65
17441,100002,64,61
17442,100005,64,61
17443,100005,64,61
17444,100005,64,61
17445,100005,64,61
17446,47005,64,64
17447,47005,64,64
17448,47005,64,64
17449,47005,64,64
17450,47005,64,64
17451,47005,64,64
17452,47005,64,64
17453,47005,64,64
17454,47005,64,64
17455,47005,64,64
17456,47005,64,64
17457,47005,64,64
17458,47005,64,64
17459,47005,64,64
17460,47005,64,64
17461,47005,64,64
17462,47005,64,64
17463,47006,64,64
17464,47006,64,64
17465,47006,64,64
17466,47006,64,64
17467,47006,64,64
17468,47006,64,64
17469,47006,64,64
17470,47009,64,63
17471,47009,64,63
17472,47009,64,63
17473,47009,64,63
17474,47011,64,63
17475,47011,64,63
17476,47012,64,69
17477,47020,64,63
17478,47020,64,63
17479,47022,64,69
17480,52012,64,55
17481,48010,65,64
17482,48014,65,64
17483,48017,65,50
17484,48019,65,64
17485,48019,65,64
17486,48027,65,64
17487,48028,65,64
17488,48036,65,70
17489,49001,65,62
17490,49002,65,53
17491,49008,65,62
17492,49008,65,59
17493,49008,65,59
17494,49008,65,62
17495,49009,65,62
17496,49009,65,62
17497,49009,65,59
17498,46001,65,69
17499,46007,65,69
17500,46007,65,69
17501,46017,65,69
17502,46017,65,69
17503,46021,65,69
17504,46033,65,66
17505,46033,65,66
17506,46036,65,71
17507,50001,65,65
17508,50001,65,65
17509,50001,65,65
17510,50001,65,65
17511,50001,65,65
17512,50001,65,65
17513,50001,65,65
17514,50001,65,65
17515,50001,65,65
17516,50001,65,65
17517,50001,65,65
17518,50001,65,65
17519,50001,65,65
17520,50001,65,65
17521,50001,65,65
17522,50001,65,65
17523,50001,65,65
17524,50001,65,65
17525,50001,65,65
17526,50001,65,65
17527,50001,65,65
17528,50001,65,65
17529,50001,65,65
17530,50001,65,65
17531,50001,65,65
17532,50001,65,65
17533,50001,65,65
17534,50001,65,65
17535,50001,65,65
17536,50001,65,65
17537,50001,65,65
17538,50001,65,65
17539,50001,65,65
17540,50001,65,65
17541,50001,65,65
17542,50001,65,65
17543,50001,65,65
17544,50002,65,65
17545,50002,65,65
17546,50002,65,65
17547,50002,65,65
17548,50002,65,65
17549,50002,65,65
17550,50002,65,65
17551,50002,65,65
17552,50002,65,65
17553,50002,65,65
17554,50002,65,65
17555,50002,65,65
17556,50002,65,65
17557,50002,65,65
17558,50002,65,65
17559,50002,65,65
17560,50002,65,65
17561,50002,65,65
17562,50002,65,65
17563,50002,65,65
17564,50002,65,65
17565,50003,65,67
17566,50003,65,67
17567,50003,65,58
17568,50003,65,67
17569,50004,65,65
17570,50004,65,65
17571,50004,65,65
17572,50004,65,65
17573,50004,65,65
17574,50004,65,65
17575,50004,65,65
17576,50004,65,65
17577,50004,65,65
17578,50004,65,65
17579,50004,65,65
17580,50004,65,65
17581,50004,65,65
17582,50004,65,65
17583,50004,65,65
17584,50004,65,65
17585,50004,65,65
17586,50004,65,65
17587,50004,65,65
17588,50004,65,65
17589,50004,65,65
17590,50004,65,65
17591,50004,65,65
17592,50004,65,65
17593,50004,65,65
17594,50004,65,65
17595,50004,65,65
17596,50004,65,65
17597,50004,65,65
17598,50004,65,65
17599,50004,65,65
17600,50004,65,65
17601,50004,65,65
17602,50004,65,65
17603,50004,65,65
17604,50004,65,65
17605,50004,65,65
17606,50004,65,65
17607,50004,65,65
17608,50004,65,65
17609,50004,65,65
17610,50005,65,65
17611,50005,65,65
17612,50005,65,65
17613,50005,65,65
17614,50005,65,65
17615,50005,65,65
17616,50005,65,65
17617,50005,65,65
17618,50005,65,65
17619,50005,65,65
17620,50005,65,65
17621,50005,65,65
17622,50005,65,65
17623,50005,65,65
17624,50005,65,65
17625,50005,65,65
17626,50005,65,65
17627,50005,65,65
17628,50005,65,65
17629,50005,65,65
17630,50005,65,65
17631,50005,65,65
17632,50005,65,65
17633,50005,65,65
17634,50005,65,65
17635,50005,65,65
17636,50005,65,65
17637,50005,65,65
17638,50005,65,65
17639,50008,65,65
17640,50008,65,65
17641,50008,65,65
17642,50008,65,65
17643,50008,65,65
17644,50008,65,65
17645,50008,65,65
17646,50008,65,65
17647,50008,65,65
17648,50008,65,65
17649,50008,65,65
17650,50008,65,65
17651,50008,65,65
17652,50008,65,65
17653,50008,65,65
17654,50008,65,65
17655,50008,65,65
17656,50008,65,65
17657,50008,65,65
17658,50008,65,65
17659,50008,65,65
17660,50008,65,65
17661,50008,65,65
17662,50008,65,65
17663,50008,65,65
17664,50008,65,65
17665,50008,65,65
17666,50008,65,65
17667,50008,65,65
17668,50008,65,65
17669,50008,65,65
17670,50008,65,65
17671,50008,65,65
17672,50008,65,65
17673,50008,65,65
17674,50008,65,65
17675,50008,65,65
17676,50008,65,65
17677,50008,65,65
17678,50008,65,65
17679,50009,65,65
17680,50009,65,65
17681,50009,65,65
17682,50009,65,65
17683,50009,65,65
17684,50009,65,65
17685,50009,65,65
17686,50009,65,65
17687,50009,65,65
17688,50009,65,65
17689,50009,65,65
17690,50009,65,65
17691,50009,65,65
17692,50012,65,65
17693,50012,65,65
17694,50012,65,65
17695,50012,65,65
17696,50014,65,65
17697,50016,65,65
17698,50016,65,65
17699,50019,65,65
17700,50019,65,65
17701,50019,65,65
17702,50022,65,65
17703,50022,65,65
17704,50022,65,65
17705,50022,65,65
17706,50022,65,65
17707,50022,65,65
17708,50022,65,65
17709,50022,65,65
17710,50022,65,65
17711,50022,65,65
17712,50022,65,65
17713,50022,65,65
17714,50022,65,65
17715,50022,65,65
17716,50024,65,65
17717,50024,65,65
17718,50024,65,65
17719,50024,65,65
17720,50024,65,65
17721,50024,65,65
17722,50024,65,65
17723,50024,65,65
17724,50024,65,65
17725,50024,65,65
17726,50024,65,65
17727,50024,65,65
17728,50024,65,65
17729,50025,65,65
17730,50025,65,65
17731,50025,65,65
17732,50025,65,65
17733,50025,65,65
17734,50025,65,65
17735,50025,65,65
17736,50025,65,65
17737,50025,65,65
17738,50025,65,65
17739,50025,65,65
17740,50025,65,65
17741,50025,65,65
17742,50025,65,65
17743,50025,65,65
17744,50025,65,65
17745,50025,65,65
17746,50025,65,65
17747,50025,65,65
17748,50025,65,65
17749,50025,65,65
17750,50026,65,67
17751,50026,65,67
17752,50026,65,67
17753,50026,65,67
17754,50026,65,58
17755,50026,65,67
17756,50026,65,67
17757,50026,65,58
17758,50026,65,67
17759,50026,65,58
17760,50026,65,58
17761,50026,65,67
17762,50026,65,67
17763,50026,65,67
17764,50026,65,58
17765,50026,65,58
17766,50026,65,58
17767,50027,65,55
17768,50027,65,55
17769,50028,65,65
17770,50028,65,65
17771,50028,65,65
17772,50028,65,65
17773,50028,65,65
17774,50028,65,65
17775,50028,65,65
17776,50028,65,65
17777,50028,65,65
17778,50028,65,65
17779,50028,65,65
17780,50028,65,65
17781,50028,65,65
17782,50028,65,65
17783,50028,65,65
17784,50028,65,65
17785,50028,65,65
17786,50028,65,65
17787,50028,65,65
17788,50028,65,65
17789,50028,65,65
17790,50028,65,65
17791,50028,65,65
17792,50028,65,65
17793,50028,65,65
17794,50028,65,65
17795,50028,65,65
17796,50028,65,65
17797,50028,65,65
17798,50028,65,65
17799,50028,65,65
17800,50028,65,65
17801,50028,65,65
17802,50028,65,65
17803,50028,65,65
17804,50028,65,65
17805,50028,65,65
17806,50028,65,65
17807,50028,65,65
17808,50028,65,65
17809,50028,65,65
17810,50028,65,65
17811,50028,65,65
17812,50028,65,65
17813,50028,65,65
17814,50028,65,65
17815,50028,65,65
17816,50028,65,65
17817,50028,65,65
17818,50028,65,65
17819,50028,65,65
17820,50028,65,65
17821,50028,65,65
17822,50028,65,65
17823,50028,65,65
17824,50028,65,65
17825,50028,65,65
17826,50028,65,65
17827,50028,65,65
17828,50028,65,65
17829,50028,65,65
17830,50028,65,65
17831,50028,65,65
17832,50028,65,65
17833,50028,65,65
17834,50028,65,65
17835,50028,65,65
17836,50028,65,65
17837,50028,65,65
17838,50028,65,65
17839,50028,65,65
17840,50028,65,65
17841,50028,65,65
17842,50028,65,65
17843,50028,65,65
17844,50028,65,65
17845,50028,65,65
17846,50028,65,65
17847,50028,65,65
17848,50029,65,65
17849,50029,65,65
17850,50029,65,65
17851,50029,65,65
17852,50029,65,65
17853,50029,65,65
17854,50029,65,65
17855,50029,65,65
17856,50029,65,65
17857,50029,65,65
17858,50029,65,65
17859,50029,65,65
17860,50029,65,65
17861,50029,65,65
17862,50029,65,65
17863,50029,65,65
17864,50029,65,65
17865,50029,65,65
17866,50029,65,65
17867,50029,65,65
17868,50029,65,65
17869,50029,65,65
17870,50029,65,65
17871,50029,65,65
17872,50029,65,65
17873,50029,65,65
17874,50029,65,65
17875,50029,65,65
17876,50029,65,65
17877,50029,65,65
17878,50029,65,65
17879,50029,65,65
17880,50029,65,65
17881,50029,65,65
17882,50029,65,65
17883,50029,65,65
17884,50029,65,65
17885,50029,65,65
17886,50029,65,65
17887,50029,65,65
17888,50029,65,65
17889,50029,65,65
17890,50029,65,65
17891,50029,65,65
17892,50029,65,65
17893,50029,65,65
17894,50029,65,65
17895,50029,65,65
17896,50029,65,65
17897,50029,65,65
17898,50029,65,65
17899,50029,65,65
17900,50029,65,65
17901,50029,65,65
17902,50029,65,65
17903,50029,65,65
17904,50029,65,65
17905,50029,65,65
17906,50029,65,65
17907,50029,65,65
17908,50029,65,65
17909,50029,65,65
17910,50029,65,65
17911,50029,65,65
17912,50029,65,65
17913,50029,65,65
17914,50029,65,65
17915,50029,65,65
17916,50029,65,65
17917,50029,65,65
17918,50029,65,65
17919,50029,65,65
17920,50029,65,65
17921,50029,65,65
17922,50029,65,65
17923,50029,65,65
17924,50029,65,65
17925,50029,65,65
17926,50029,65,65
17927,50029,65,65
17928,50029,65,65
17929,50029,65,65
17930,50029,65,65
17931,50029,65,65
17932,50029,65,65
17933,50029,65,65
17934,50029,65,65
17935,50029,65,65
17936,50029,65,65
17937,50029,65,65
17938,50029,65,65
17939,50029,65,65
17940,50029,65,65
17941,50029,65,65
17942,50029,65,65
17943,50029,65,65
17944,50029,65,65
17945,50029,65,65
17946,50029,65,65
17947,50029,65,65
17948,50029,65,65
17949,50029,65,65
17950,50029,65,65
17951,50029,65,65
17952,50029,65,65
17953,50029,65,65
17954,50029,65,65
17955,50029,65,65
17956,50029,65,65
17957,50029,65,65
17958,50029,65,65
17959,50029,65,65
17960,50029,65,65
17961,50029,65,65
17962,50029,65,65
17963,50029,65,65
17964,50029,65,65
17965,50029,65,65
17966,50029,65,65
17967,50029,65,65
17968,50029,65,65
17969,50029,65,65
17970,50029,65,65
17971,50029,65,65
17972,50029,65,65
17973,50029,65,65
17974,50029,65,65
17975,50029,65,65
17976,50029,65,65
17977,50029,65,65
17978,50029,65,65
17979,50029,65,65
17980,50029,65,65
17981,50029,65,65
17982,50029,65,65
17983,50029,65,65
17984,50029,65,65
17985,50029,65,65
17986,50029,65,65
17987,50029,65,65
17988,50029,65,65
17989,50029,65,65
17990,50029,65,65
17991,50029,65,65
17992,50029,65,65
17993,50029,65,65
17994,50029,65,65
17995,50029,65,65
17996,50029,65,65
17997,50029,65,65
17998,50029,65,65
17999,50029,65,65
18000,50029,65,65
18001,50029,65,65
18002,50029,65,65
18003,50029,65,65
18004,50029,65,65
18005,50029,65,65
18006,50029,65,65
18007,50029,65,65
18008,50029,65,65
18009,50029,65,65
18010,50029,65,65
18011,50029,65,65
18012,50029,65,65
18013,50029,65,65
18014,50029,65,65
18015,50029,65,65
18016,50029,65,65
18017,50029,65,65
18018,50029,65,65
18019,50031,65,58
18020,50031,65,58
18021,50031,65,69
18022,50031,65,69
18023,50031,65,69
18024,50031,65,58
18025,50031,65,58
18026,50031,65,69
18027,50031,65,69
18028,50031,65,67
18029,50031,65,69
18030,50031,65,67
18031,50031,65,67
18032,50032,65,64
18033,50032,65,64
18034,50032,65,64
18035,50032,65,64
18036,50032,65,64
18037,50032,65,64
18038,50032,65,64
18039,50032,65,64
18040,50032,65,64
18041,50032,65,64
18042,50033,65,65
18043,50033,65,65
18044,50033,65,65
18045,50033,65,65
18046,50033,65,65
18047,50033,65,65
18048,50033,65,65
18049,50034,65,65
18050,50035,65,65
18051,50035,65,65
18052,50035,65,65
18053,50035,65,65
18054,50035,65,65
18055,50035,65,65
18056,50035,65,65
18057,50035,65,65
18058,50035,65,65
18059,50035,65,65
18060,50035,65,65
18061,50035,65,65
18062,50035,65,65
18063,50035,65,65
18064,50035,65,65
18065,50035,65,65
18066,50035,65,65
18067,50035,65,65
18068,50035,65,65
18069,50035,65,65
18070,50035,65,65
18071,50035,65,65
18072,50035,65,65
18073,50035,65,65
18074,50035,65,65
18075,50035,65,65
18076,50035,65,65
18077,50035,65,65
18078,50035,65,65
18079,50035,65,65
18080,50035,65,65
18081,50035,65,65
18082,50035,65,65
18083,50035,65,65
18084,50035,65,65
18085,50035,65,65
18086,50035,65,65
18087,50035,65,65
18088,50035,65,65
18089,50035,65,65
18090,50035,65,65
18091,50035,65,65
18092,50035,65,65
18093,50035,65,65
18094,50035,65,65
18095,50035,65,65
18096,50035,65,65
18097,50035,65,65
18098,50035,65,65
18099,50035,65,65
18100,50035,65,65
18101,50035,65,65
18102,50035,65,65
18103,50035,65,65
18104,50035,65,65
18105,50035,65,65
18106,50035,65,65
18107,50035,65,65
18108,50035,65,65
18109,50035,65,65
18110,50035,65,65
18111,50035,65,65
18112,50035,65,65
18113,50035,65,65
18114,50035,65,65
18115,50036,65,65
18116,50036,65,65
18117,50036,65,65
18118,50036,65,65
18119,50036,65,65
18120,50036,65,65
18121,50036,65,65
18122,50036,65,65
18123,50036,65,65
18124,50036,65,65
18125,50037,65,58
18126,50037,65,67
18127,50037,65,67
18128,50038,65,65
18129,50038,65,65
18130,50038,65,65
18131,50038,65,65
18132,50038,65,65
18133,50038,65,65
18134,50038,65,65
18135,50038,65,65
18136,50038,65,65
18137,50038,65,65
18138,50038,65,65
18139,50038,65,65
18140,50038,65,65
18141,50038,65,65
18142,50038,65,65
18143,50039,65,55
18144,50039,65,55
18145,50039,65,55
18146,50039,65,55
18147,50039,65,55
18148,50039,65,55
18149,50039,65,55
18150,50039,65,55
18151,50039,65,55
18152,50040,65,65
18153,50040,65,65
18154,50040,65,65
18155,50040,65,65
18156,50040,65,65
18157,50040,65,65
18158,50040,65,65
18159,50040,65,65
18160,50040,65,65
18161,50040,65,65
18162,50040,65,65
18163,50040,65,65
18164,50040,65,65
18165,50040,65,65
18166,50040,65,65
18167,50040,65,65
18168,50040,65,65
18169,50040,65,65
18170,50040,65,65
18171,50040,65,65
18172,50040,65,65
18173,50040,65,65
18174,50040,65,65
18175,50040,65,65
18176,50040,65,65
18177,50040,65,65
18178,50040,65,65
18179,50040,65,65
18180,50040,65,65
18181,50040,65,65
18182,50040,65,65
18183,50040,65,65
18184,50040,65,65
18185,50040,65,65
18186,50040,65,65
18187,50040,65,65
18188,50040,65,65
18189,50040,65,65
18190,50040,65,65
18191,50040,65,65
18192,50040,65,65
18193,50041,65,65
18194,50041,65,65
18195,50041,65,65
18196,50041,65,65
18197,50041,65,65
18198,50041,65,65
18199,50041,65,65
18200,50041,65,65
18201,50041,65,65
18202,50041,65,65
18203,50041,65,65
18204,50041,65,65
18205,47012,65,69
18206,47016,65,69
18207,52028,65,55
18208,48014,66,64
18209,48017,66,50
18210,48017,66,50
18211,48017,66,60
18212,48017,66,50
18213,48017,66,60
18214,48017,66,50
18215,48019,66,64
18216,48033,66,57
18217,48038,66,57
18218,48054,66,55
18219,49002,66,53
18220,49002,66,53
18221,49007,66,62
18222,49007,66,62
18223,49008,66,62
18224,49009,66,59
18225,49009,66,62
18226,49009,66,62
18227,49009,66,62
18228,49009,66,62
18229,49009,66,59
18230,49009,66,62
18231,49009,66,62
18232,49009,66,62
18233,49009,66,59
18234,49009,66,59
18235,49009,66,62
18236,49009,66,59
18237,49009,66,62
18238,49009,66,59
18239,49009,66,62
18240,49009,66,62
18241,49009,66,62
18242,49009,66,62
18243,49009,66,62
18244,49009,66,62
18245,49009,66,62
18246,49009,66,62
18247,49009,66,59
18248,49009,66,59
18249,49009,66,62
18250,49009,66,62
18251,49017,66,59
18252,49017,66,62
18253,46001,66,69
18254,46001,66,69
18255,46001,66,69
18256,46004,66,71
18257,46004,66,71
18258,46005,66,66
18259,46005,66,66
18260,46005,66,66
18261,46005,66,66
18262,46005,66,66
18263,46005,66,66
18264,46005,66,66
18265,46005,66,66
18266,46005,66,66
18267,46005,66,66
18268,46005,66,66
18269,46005,66,66
18270,46005,66,66
18271,46005,66,66
18272,46005,66,66
18273,46005,66,66
18274,46005,66,66
18275,46005,66,66
18276,46005,66,66
18277,46005,66,66
18278,46005,66,66
18279,46005,66,66
18280,46005,66,66
18281,46005,66,66
18282,46005,66,66
18283,46005,66,66
18284,46005,66,66
18285,46005,66,66
18286,46005,66,66
18287,46005,66,66
18288,46005,66,66
18289,46005,66,66
18290,46005,66,66
18291,46005,66,66
18292,46005,66,66
18293,46005,66,66
18294,46005,66,66
18295,46005,66,66
18296,46005,66,66
18297,46005,66,66
18298,46005,66,66
18299,46005,66,66
18300,46005,66,66
18301,46005,66,66
18302,46005,66,66
18303,46005,66,66
18304,46005,66,66
18305,46005,66,66
18306,46005,66,66
18307,46005,66,66
18308,46005,66,66
18309,46005,66,66
18310,46005,66,66
18311,46005,66,66
18312,46005,66,66
18313,46005,66,66
18314,46005,66,66
18315,46005,66,66
18316,46005,66,66
18317,46005,66,66
18318,46005,66,66
18319,46005,66,66
18320,46005,66,66
18321,46005,66,66
18322,46005,66,66
18323,46005,66,66
18324,46005,66,66
18325,46005,66,66
18326,46005,66,66
18327,46005,66,66
18328,46005,66,66
18329,46005,66,66
18330,46005,66,66
18331,46005,66,66
18332,46005,66,66
18333,46005,66,66
18334,46005,66,66
18335,46005,66,66
18336,46005,66,66
18337,46005,66,66
18338,46005,66,66
18339,46005,66,66
18340,46005,66,66
18341,46005,66,66
18342,46005,66,66
18343,46005,66,66
18344,46005,66,66
18345,46005,66,66
18346,46005,66,66
18347,46005,66,66
18348,46005,66,66
18349,46005,66,66
18350,46005,66,66
18351,46005,66,66
18352,46005,66,66
18353,46005,66,66
18354,46005,66,66
18355,46005,66,66
18356,46005,66,66
18357,46005,66,66
18358,46005,66,66
18359,46005,66,66
18360,46005,66,66
18361,46005,66,66
18362,46005,66,66
18363,46005,66,66
18364,46005,66,66
18365,46005,66,66
18366,46005,66,66
18367,46005,66,66
18368,46005,66,66
18369,46005,66,66
18370,46005,66,66
18371,46005,66,66
18372,46005,66,66
18373,46005,66,66
18374,46005,66,66
18375,46005,66,66
18376,46005,66,66
18377,46005,66,66
18378,46005,66,66
18379,46005,66,66
18380,46005,66,66
18381,46005,66,66
18382,46005,66,66
18383,46005,66,66
18384,46005,66,66
18385,46005,66,66
18386,46005,66,66
18387,46005,66,66
18388,46005,66,66
18389,46005,66,66
18390,46005,66,66
18391,46007,66,69
18392,46007,66,69
18393,46007,66,69
18394,46007,66,69
18395,46007,66,69
18396,46007,66,69
18397,46007,66,69
18398,46009,66,71
18399,46013,66,56
18400,46013,66,56
18401,46013,66,56
18402,46013,66,56
18403,46013,66,56
18404,46013,66,56
18405,46013,66,56
18406,46013,66,56
18407,46013,66,56
18408,46013,66,56
18409,46013,66,56
18410,46013,66,56
18411,46013,66,56
18412,46013,66,56
18413,46013,66,56
18414,46013,66,56
18415,46015,66,71
18416,46017,66,69
18417,46017,66,69
18418,46017,66,69
18419,46017,66,69
18420,46017,66,69
18421,46017,66,69
18422,46017,66,69
18423,46017,66,69
18424,46017,66,69
18425,46017,66,69
18426,46017,66,69
18427,46017,66,69
18428,46017,66,69
18429,46017,66,69
18430,46017,66,69
18431,46017,66,69
18432,46017,66,69
18433,46017,66,69
18434,46017,66,69
18435,46017,66,69
18436,46017,66,69
18437,46017,66,69
18438,46018,66,69
18439,46018,66,69
18440,46018,66,69
18441,46018,66,69
18442,46018,66,69
18443,46018,66,69
18444,46018,66,69
18445,46018,66,69
18446,46018,66,69
18447,46018,66,69
18448,46018,66,69
18449,46018,66,69
18450,46018,66,69
18451,46018,66,69
18452,46018,66,69
18453,46018,66,69
18454,46018,66,69
18455,46018,66,69
18456,46018,66,69
18457,46018,66,69
18458,46018,66,69
18459,46018,66,69
18460,46018,66,69
18461,46018,66,69
18462,46018,66,69
18463,46018,66,69
18464,46018,66,69
18465,46018,66,69
18466,46018,66,69
18467,46018,66,69
18468,46018,66,69
18469,46018,66,69
18470,46018,66,69
18471,46018,66,69
18472,46018,66,69
18473,46018,66,69
18474,46018,66,69
18475,46018,66,69
18476,46018,66,69
18477,46018,66,69
18478,46018,66,69
18479,46018,66,69
18480,46018,66,69
18481,46018,66,69
18482,46018,66,69
18483,46018,66,69
18484,46018,66,69
18485,46018,66,69
18486,46018,66,69
18487,46018,66,69
18488,46018,66,69
18489,46018,66,69
18490,46018,66,69
18491,46018,66,69
18492,46018,66,69
18493,46018,66,69
18494,46018,66,69
18495,46018,66,69
18496,46018,66,69
18497,46018,66,69
18498,46018,66,69
18499,46018,66,69
18500,46018,66,69
18501,46018,66,69
18502,46018,66,69
18503,46018,66,69
18504,46018,66,69
18505,46018,66,69
18506,46018,66,69
18507,46018,66,69
18508,46018,66,69
18509,46018,66,69
18510,46018,66,69
18511,46018,66,69
18512,46018,66,69
18513,46018,66,69
18514,46018,66,69
18515,46018,66,69
18516,46018,66,69
18517,46018,66,69
18518,46018,66,69
18519,46018,66,69
18520,46018,66,69
18521,46018,66,69
18522,46018,66,69
18523,46018,66,69
18524,46021,66,69
18525,46024,66,66
18526,46024,66,66
18527,46024,66,66
18528,46024,66,66
18529,46024,66,66
18530,46024,66,66
18531,46024,66,66
18532,46024,66,66
18533,46024,66,66
18534,46024,66,66
18535,46024,66,66
18536,46024,66,66
18537,46024,66,66
18538,46024,66,66
18539,46024,66,66
18540,46024,66,66
18541,46024,66,66
18542,46024,66,66
18543,46024,66,66
18544,46024,66,66
18545,46024,66,66
18546,46024,66,66
18547,46024,66,66
18548,46024,66,66
18549,46024,66,66
18550,46024,66,66
18551,46024,66,66
18552,46024,66,66
18553,46024,66,66
18554,46024,66,66
18555,46024,66,66
18556,46024,66,66
18557,46024,66,66
18558,46024,66,66
18559,46024,66,66
18560,46024,66,66
18561,46024,66,66
18562,46024,66,66
18563,46024,66,66
18564,46024,66,66
18565,46024,66,66
18566,46024,66,66
18567,46024,66,66
18568,46024,66,66
18569,46024,66,66
18570,46024,66,66
18571,46024,66,66
18572,46024,66,66
18573,46024,66,66
18574,46024,66,66
18575,46024,66,66
18576,46024,66,66
18577,46024,66,66
18578,46024,66,66
18579,46024,66,66
18580,46024,66,66
18581,46024,66,66
18582,46024,66,66
18583,46024,66,66
18584,46024,66,66
18585,46024,66,66
18586,46024,66,66
18587,46024,66,66
18588,46024,66,66
18589,46024,66,66
18590,46024,66,66
18591,46024,66,66
18592,46024,66,66
18593,46024,66,66
18594,46024,66,66
18595,46024,66,66
18596,46024,66,66
18597,46024,66,66
18598,46024,66,66
18599,46024,66,66
18600,46024,66,66
18601,46024,66,66
18602,46026,66,69
18603,46028,66,56
18604,46028,66,56
18605,46028,66,56
18606,46028,66,56
18607,46028,66,56
18608,46028,66,56
18609,46028,66,56
18610,46028,66,56
18611,46028,66,56
18612,46028,66,56
18613,46028,66,56
18614,46028,66,56
18615,46028,66,56
18616,46028,66,56
18617,46028,66,56
18618,46028,66,56
18619,46028,66,56
18620,46028,66,56
18621,46028,66,56
18622,46028,66,56
18623,46028,66,56
18624,46028,66,56
18625,46028,66,56
18626,46028,66,56
18627,46028,66,56
18628,46028,66,56
18629,46028,66,56
18630,46028,66,56
18631,46028,66,56
18632,46028,66,56
18633,46028,66,56
18634,46028,66,56
18635,46028,66,56
18636,46028,66,56
18637,46028,66,56
18638,46028,66,56
18639,46028,66,56
18640,46028,66,56
18641,46028,66,56
18642,46028,66,56
18643,46028,66,56
18644,46028,66,56
18645,46028,66,56
18646,46028,66,56
18647,46028,66,56
18648,46028,66,56
18649,46030,66,56
18650,46030,66,56
18651,46030,66,56
18652,46030,66,56
18653,46030,66,56
18654,46030,66,56
18655,46030,66,56
18656,46030,66,56
18657,46030,66,56
18658,46030,66,56
18659,46030,66,56
18660,46030,66,56
18661,46030,66,56
18662,46033,66,66
18663,46033,66,66
18664,46033,66,66
18665,46033,66,66
18666,46033,66,66
18667,46033,66,66
18668,46033,66,66
18669,46033,66,66
18670,46033,66,66
18671,46033,66,66
18672,46033,66,66
18673,46033,66,66
18674,46033,66,66
18675,46033,66,66
18676,46033,66,66
18677,46033,66,66
18678,46033,66,66
18679,46033,66,66
18680,46033,66,66
18681,46033,66,66
18682,46033,66,66
18683,46033,66,66
18684,46033,66,66
18685,46033,66,66
18686,46033,66,66
18687,46033,66,66
18688,46033,66,66
18689,46033,66,66
18690,46033,66,66
18691,46033,66,66
18692,46033,66,66
18693,46033,66,66
18694,46033,66,66
18695,46033,66,66
18696,46033,66,66
18697,46033,66,66
18698,46033,66,66
18699,46033,66,66
18700,46033,66,66
18701,46033,66,66
18702,46033,66,66
18703,46033,66,66
18704,46033,66,66
18705,46033,66,66
18706,46033,66,66
18707,46033,66,66
18708,46033,66,66
18709,46033,66,66
18710,46033,66,66
18711,46033,66,66
18712,46033,66,66
18713,46033,66,66
18714,46033,66,66
18715,46033,66,66
18716,46033,66,66
18717,46033,66,66
18718,46033,66,66
18719,46033,66,66
18720,46033,66,66
18721,46033,66,66
18722,46033,66,66
18723,46033,66,66
18724,46033,66,66
18725,46033,66,66
18726,46033,66,66
18727,46033,66,66
18728,46033,66,66
18729,46033,66,66
18730,46033,66,66
18731,46033,66,66
18732,46033,66,66
18733,46033,66,66
18734,46033,66,66
18735,46033,66,66
18736,46033,66,66
18737,46033,66,66
18738,46033,66,66
18739,46033,66,66
18740,46033,66,66
18741,46033,66,66
18742,46033,66,66
18743,46033,66,66
18744,46033,66,66
18745,46033,66,66
18746,46033,66,66
18747,46033,66,66
18748,46033,66,66
18749,46033,66,66
18750,46033,66,66
18751,46033,66,66
18752,46033,66,66
18753,46033,66,66
18754,46033,66,66
18755,46033,66,66
18756,46033,66,66
18757,46033,66,66
18758,46033,66,66
18759,46033,66,66
18760,46033,66,66
18761,46033,66,66
18762,46033,66,66
18763,46033,66,66
18764,46033,66,66
18765,46033,66,66
18766,46033,66,66
18767,46033,66,66
18768,46033,66,66
18769,46033,66,66
18770,46033,66,66
18771,46033,66,66
18772,46033,66,66
18773,46033,66,66
18774,46033,66,66
18775,46033,66,66
18776,46033,66,66
18777,46033,66,66
18778,46033,66,66
18779,46033,66,66
18780,46033,66,66
18781,46033,66,66
18782,46033,66,66
18783,46033,66,66
18784,46033,66,66
18785,46033,66,66
18786,46033,66,66
18787,46033,66,66
18788,46033,66,66
18789,46033,66,66
18790,46033,66,66
18791,46033,66,66
18792,46033,66,66
18793,46033,66,66
18794,46033,66,66
18795,46033,66,66
18796,46033,66,66
18797,46033,66,66
18798,46033,66,66
18799,46033,66,66
18800,46033,66,66
18801,46033,66,66
18802,46033,66,66
18803,46033,66,66
18804,46033,66,66
18805,46033,66,66
18806,46033,66,66
18807,46033,66,66
18808,46033,66,66
18809,46033,66,66
18810,46033,66,66
18811,46033,66,66
18812,46033,66,66
18813,46033,66,66
18814,46033,66,66
18815,46033,66,66
18816,46033,66,66
18817,46033,66,66
18818,46033,66,66
18819,46033,66,66
18820,46033,66,66
18821,46033,66,66
18822,46033,66,66
18823,46033,66,66
18824,46033,66,66
18825,46033,66,66
18826,46033,66,66
18827,46033,66,66
18828,46033,66,66
18829,46033,66,66
18830,46033,66,66
18831,46033,66,66
18832,46033,66,66
18833,46033,66,66
18834,46033,66,66
18835,46033,66,66
18836,46033,66,66
18837,46033,66,66
18838,46033,66,66
18839,46033,66,66
18840,46033,66,66
18841,46033,66,66
18842,46033,66,66
18843,46033,66,66
18844,46033,66,66
18845,46033,66,66
18846,46033,66,66
18847,46033,66,66
18848,46033,66,66
18849,46033,66,66
18850,46033,66,66
18851,46033,66,66
18852,46033,66,66
18853,46033,66,66
18854,46033,66,66
18855,46033,66,66
18856,46033,66,66
18857,46033,66,66
18858,46033,66,66
18859,46033,66,66
18860,46033,66,66
18861,46033,66,66
18862,46033,66,66
18863,46033,66,66
18864,46033,66,66
18865,46033,66,66
18866,46033,66,66
18867,46033,66,66
18868,46033,66,66
18869,46033,66,66
18870,46033,66,66
18871,46033,66,66
18872,46033,66,66
18873,46033,66,66
18874,46033,66,66
18875,46033,66,66
18876,46033,66,66
18877,46033,66,66
18878,46033,66,66
18879,46033,66,66
18880,46033,66,66
18881,46033,66,66
18882,46033,66,66
18883,46033,66,66
18884,46033,66,66
18885,46033,66,66
18886,46033,66,66
18887,46033,66,66
18888,46033,66,66
18889,46033,66,66
18890,46033,66,66
18891,46033,66,66
18892,46033,66,66
18893,46033,66,66
18894,46033,66,66
18895,46033,66,66
18896,46033,66,66
18897,46033,66,66
18898,46033,66,66
18899,46033,66,66
18900,46033,66,66
18901,46033,66,66
18902,46033,66,66
18903,46033,66,66
18904,46033,66,66
18905,46033,66,66
18906,46033,66,66
18907,46033,66,66
18908,46033,66,66
18909,46033,66,66
18910,46033,66,66
18911,46033,66,66
18912,46033,66,66
18913,46033,66,66
18914,46033,66,66
18915,46033,66,66
18916,46033,66,66
18917,46033,66,66
18918,46033,66,66
18919,46033,66,66
18920,46033,66,66
18921,46033,66,66
18922,46033,66,66
18923,46033,66,66
18924,46033,66,66
18925,46033,66,66
18926,46033,66,66
18927,46033,66,66
18928,46033,66,66
18929,45001,66,56
18930,45001,66,56
18931,45001,66,56
18932,45001,66,56
18933,45001,66,56
18934,45001,66,56
18935,45001,66,56
18936,45003,66,56
18937,45003,66,56
18938,45003,66,56
18939,45003,66,56
18940,45003,66,56
18941,45003,66,56
18942,45003,66,56
18943,45003,66,56
18944,45003,66,56
18945,45003,66,56
18946,45003,66,56
18947,45003,66,56
18948,45003,66,56
18949,45003,66,56
18950,45003,66,56
18951,45003,66,56
18952,45003,66,56
18953,45003,66,56
18954,45003,66,56
18955,45003,66,56
18956,45003,66,56
18957,45003,66,56
18958,45003,66,56
18959,45003,66,56
18960,45006,66,56
18961,45006,66,56
18962,45006,66,56
18963,45007,66,56
18964,45007,66,56
18965,45007,66,56
18966,45007,66,56
18967,45007,66,56
18968,45008,66,56
18969,45008,66,56
18970,45009,66,56
18971,45010,66,56
18972,45010,66,56
18973,45010,66,56
18974,45010,66,56
18975,45010,66,56
18976,45010,66,56
18977,45010,66,56
18978,45010,66,56
18979,45010,66,56
18980,45010,66,56
18981,45010,66,56
18982,45010,66,56
18983,45010,66,56
18984,45010,66,56
18985,45010,66,56
18986,45010,66,56
18987,45010,66,56
18988,45010,66,56
18989,45010,66,56
18990,45010,66,56
18991,45010,66,56
18992,45011,66,56
18993,45011,66,56
18994,45011,66,56
18995,45012,66,56
18996,45012,66,56
18997,45012,66,56
18998,45012,66,56
18999,45013,66,56
19000,45013,66,56
19001,45014,66,56
19002,45014,66,56
19003,45014,66,56
19004,45014,66,56
19005,45014,66,56
19006,45014,66,56
19007,45014,66,56
19008,45014,66,56
19009,45014,66,56
19010,45014,66,56
19011,45014,66,56
19012,45014,66,56
19013,45015,66,56
19014,45016,66,56
19015,45016,66,56
19016,45016,66,56
19017,45017,66,56
19018,50001,66,65
19019,50001,66,65
19020,50005,66,65
19021,50008,66,65
19022,50014,66,65
19023,50014,66,65
19024,50026,66,67
19025,50026,66,67
19026,50026,66,58
19027,50026,66,67
19028,50026,66,58
19029,50026,66,67
19030,50026,66,67
19031,50032,66,64
19032,50033,66,65
19033,50035,66,65
19034,50037,66,58
19035,50037,66,58
19036,50037,66,67
19037,50037,66,58
19038,50037,66,67
19039,100004,66,61
19040,100005,66,61
19041,100005,66,61
19042,100005,66,61
19043,47006,66,64
19044,47006,66,64
19045,47012,66,69
19046,47014,66,63
19047,47016,66,69
19048,48015,67,57
19049,49002,67,53
19050,49009,67,62
19051,50032,67,64
19052,48017,68,60
19053,48017,68,54
19054,48041,68,60
19055,49003,68,68
19056,49003,68,68
19057,49003,68,68
19058,49003,68,68
19059,49003,68,68
19060,49003,68,68
19061,49003,68,68
19062,49003,68,68
19063,49003,68,68
19064,49003,68,68
19065,49003,68,68
19066,49003,68,68
19067,49003,68,68
19068,49003,68,68
19069,49003,68,68
19070,49003,68,68
19071,49003,68,68
19072,49003,68,68
19073,49004,68,68
19074,49004,68,68
19075,49004,68,68
19076,49004,68,68
19077,49004,68,68
19078,49004,68,68
19079,49004,68,68
19080,49004,68,68
19081,49004,68,68
19082,49004,68,68
19083,49004,68,68
19084,49004,68,68
19085,49004,68,68
19086,49004,68,68
19087,49004,68,68
19088,49010,68,68
19089,49010,68,68
19090,49010,68,68
19091,49011,68,68
19092,49011,68,68
19093,49013,68,68
19094,49013,68,68
19095,49013,68,68
19096,49013,68,68
19097,49013,68,68
19098,49013,68,68
19099,49013,68,68
19100,49013,68,68
19101,49013,68,68
19102,49013,68,68
19103,49013,68,68
19104,49013,68,68
19105,49013,68,68
19106,49013,68,68
19107,49013,68,68
19108,49014,68,68
19109,49014,68,68
19110,49014,68,68
19111,49014,68,68
19112,49014,68,68
19113,49014,68,68
19114,49014,68,68
19115,49014,68,68
19116,49014,68,68
19117,49014,68,68
19118,49014,68,68
19119,49014,68,68
19120,49014,68,68
19121,49014,68,68
19122,49014,68,68
19123,49014,68,68
19124,49014,68,68
19125,49014,68,68
19126,49014,68,68
19127,49014,68,68
19128,49014,68,68
19129,49014,68,68
19130,49014,68,68
19131,49014,68,68
19132,49014,68,68
19133,49014,68,68
19134,49014,68,68
19135,49014,68,68
19136,49014,68,68
19137,49014,68,68
19138,49014,68,68
19139,49014,68,68
19140,49014,68,68
19141,49014,68,68
19142,49014,68,68
19143,49014,68,68
19144,49014,68,68
19145,49014,68,68
19146,49014,68,68
19147,49014,68,68
19148,49014,68,68
19149,49014,68,68
19150,49014,68,68
19151,49014,68,68
19152,49014,68,68
19153,49014,68,68
19154,49014,68,68
19155,49014,68,68
19156,49014,68,68
19157,49014,68,68
19158,49014,68,68
19159,49014,68,68
19160,49014,68,68
19161,49014,68,68
19162,49014,68,68
19163,49021,68,68
19164,49021,68,68
19165,49021,68,68
19166,49021,68,68
19167,49021,68,68
19168,50026,68,58
19169,52034,68,52
19170,48019,69,64
19171,49009,69,59
19172,49012,69,68
19173,46001,69,69
19174,46001,69,69
19175,46001,69,69
19176,46001,69,69
19177,46001,69,69
19178,46001,69,69
19179,46001,69,69
19180,46001,69,69
19181,46001,69,69
19182,46001,69,69
19183,46001,69,69
19184,46001,69,69
19185,46001,69,69
19186,46001,69,69
19187,46001,69,69
19188,46001,69,69
19189,46001,69,69
19190,46001,69,69
19191,46001,69,69
19192,46001,69,69
19193,46001,69,69
19194,46001,69,69
19195,46001,69,69
19196,46001,69,69
19197,46001,69,69
19198,46001,69,69
19199,46001,69,69
19200,46001,69,69
19201,46001,69,69
19202,46001,69,69
19203,46001,69,69
19204,46001,69,69
19205,46001,69,69
19206,46001,69,69
19207,46001,69,69
19208,46001,69,69
19209,46001,69,69
19210,46001,69,69
19211,46001,69,69
19212,46001,69,69
19213,46001,69,69
19214,46001,69,69
19215,46001,69,69
19216,46001,69,69
19217,46001,69,69
19218,46001,69,69
19219,46001,69,69
19220,46001,69,69
19221,46001,69,69
19222,46001,69,69
19223,46001,69,69
19224,46001,69,69
19225,46001,69,69
19226,46001,69,69
19227,46001,69,69
19228,46001,69,69
19229,46001,69,69
19230,46001,69,69
19231,46001,69,69
19232,46001,69,69
19233,46001,69,69
19234,46001,69,69
19235,46001,69,69
19236,46001,69,69
19237,46001,69,69
19238,46001,69,69
19239,46001,69,69
19240,46001,69,69
19241,46001,69,69
19242,46001,69,69
19243,46001,69,69
19244,46001,69,69
19245,46001,69,69
19246,46001,69,69
19247,46001,69,69
19248,46001,69,69
19249,46001,69,69
19250,46001,69,69
19251,46001,69,69
19252,46001,69,69
19253,46001,69,69
19254,46001,69,69
19255,46001,69,69
19256,46001,69,69
19257,46001,69,69
19258,46001,69,69
19259,46001,69,69
19260,46001,69,69
19261,46001,69,69
19262,46002,69,71
19263,46002,69,71
19264,46002,69,71
19265,46002,69,71
19266,46002,69,71
19267,46002,69,71
19268,46002,69,71
19269,46003,69,71
19270,46003,69,71
19271,46004,69,71
19272,46004,69,71
19273,46004,69,71
19274,46004,69,71
19275,46004,69,71
19276,46004,69,71
19277,46004,69,71
19278,46004,69,71
19279,46004,69,71
19280,46004,69,71
19281,46004,69,71
19282,46004,69,71
19283,46004,69,71
19284,46004,69,71
19285,46004,69,71
19286,46004,69,71
19287,46004,69,71
19288,46004,69,71
19289,46004,69,71
19290,46005,69,66
19291,46006,69,71
19292,46007,69,69
19293,46007,69,69
19294,46007,69,69
19295,46007,69,69
19296,46007,69,69
19297,46007,69,69
19298,46007,69,69
19299,46007,69,69
19300,46007,69,69
19301,46007,69,69
19302,46007,69,69
19303,46007,69,69
19304,46007,69,69
19305,46007,69,69
19306,46007,69,69
19307,46007,69,69
19308,46007,69,69
19309,46007,69,69
19310,46007,69,69
19311,46007,69,69
19312,46007,69,69
19313,46007,69,69
19314,46007,69,69
19315,46007,69,69
19316,46007,69,69
19317,46007,69,69
19318,46007,69,69
19319,46007,69,69
19320,46007,69,69
19321,46007,69,69
19322,46007,69,69
19323,46007,69,69
19324,46007,69,69
19325,46007,69,69
19326,46007,69,69
19327,46007,69,69
19328,46007,69,69
19329,46007,69,69
19330,46007,69,69
19331,46007,69,69
19332,46007,69,69
19333,46007,69,69
19334,46007,69,69
19335,46007,69,69
19336,46007,69,69
19337,46007,69,69
19338,46007,69,69
19339,46007,69,69
19340,46007,69,69
19341,46007,69,69
19342,46007,69,69
19343,46007,69,69
19344,46007,69,69
19345,46007,69,69
19346,46007,69,69
19347,46007,69,69
19348,46007,69,69
19349,46007,69,69
19350,46007,69,69
19351,46007,69,69
19352,46007,69,69
19353,46007,69,69
19354,46007,69,69
19355,46007,69,69
19356,46007,69,69
19357,46007,69,69
19358,46007,69,69
19359,46007,69,69
19360,46007,69,69
19361,46007,69,69
19362,46007,69,69
19363,46007,69,69
19364,46007,69,69
19365,46007,69,69
19366,46007,69,69
19367,46007,69,69
19368,46007,69,69
19369,46007,69,69
19370,46007,69,69
19371,46007,69,69
19372,46007,69,69
19373,46007,69,69
19374,46007,69,69
19375,46007,69,69
19376,46007,69,69
19377,46007,69,69
19378,46007,69,69
19379,46007,69,69
19380,46007,69,69
19381,46007,69,69
19382,46007,69,69
19383,46007,69,69
19384,46007,69,69
19385,46007,69,69
19386,46007,69,69
19387,46007,69,69
19388,46007,69,69
19389,46007,69,69
19390,46007,69,69
19391,46007,69,69
19392,46007,69,69
19393,46007,69,69
19394,46007,69,69
19395,46007,69,69
19396,46007,69,69
19397,46007,69,69
19398,46007,69,69
19399,46007,69,69
19400,46007,69,69
19401,46007,69,69
19402,46007,69,69
19403,46007,69,69
19404,46007,69,69
19405,46007,69,69
19406,46007,69,69
19407,46007,69,69
19408,46007,69,69
19409,46007,69,69
19410,46007,69,69
19411,46007,69,69
19412,46007,69,69
19413,46007,69,69
19414,46007,69,69
19415,46007,69,69
19416,46007,69,69
19417,46007,69,69
19418,46007,69,69
19419,46007,69,69
19420,46007,69,69
19421,46007,69,69
19422,46007,69,69
19423,46007,69,69
19424,46007,69,69
19425,46007,69,69
19426,46007,69,69
19427,46007,69,69
19428,46007,69,69
19429,46007,69,69
19430,46007,69,69
19431,46007,69,69
19432,46007,69,69
19433,46007,69,69
19434,46007,69,69
19435,46007,69,69
19436,46007,69,69
19437,46007,69,69
19438,46007,69,69
19439,46007,69,69
19440,46007,69,69
19441,46007,69,69
19442,46007,69,69
19443,46007,69,69
19444,46007,69,69
19445,46007,69,69
19446,46007,69,69
19447,46007,69,69
19448,46007,69,69
19449,46007,69,69
19450,46007,69,69
19451,46007,69,69
19452,46007,69,69
19453,46007,69,69
19454,46007,69,69
19455,46007,69,69
19456,46007,69,69
19457,46007,69,69
19458,46007,69,69
19459,46007,69,69
19460,46007,69,69
19461,46007,69,69
19462,46007,69,69
19463,46007,69,69
19464,46007,69,69
19465,46007,69,69
19466,46007,69,69
19467,46007,69,69
19468,46007,69,69
19469,46007,69,69
19470,46007,69,69
19471,46007,69,69
19472,46007,69,69
19473,46007,69,69
19474,46007,69,69
19475,46007,69,69
19476,46007,69,69
19477,46007,69,69
19478,46007,69,69
19479,46007,69,69
19480,46007,69,69
19481,46007,69,69
19482,46007,69,69
19483,46007,69,69
19484,46007,69,69
19485,46007,69,69
19486,46007,69,69
19487,46007,69,69
19488,46007,69,69
19489,46007,69,69
19490,46007,69,69
19491,46007,69,69
19492,46007,69,69
19493,46007,69,69
19494,46007,69,69
19495,46007,69,69
19496,46011,69,71
19497,46011,69,71
19498,46011,69,71
19499,46014,69,71
19500,46015,69,71
19501,46015,69,71
19502,46017,69,69
19503,46017,69,69
19504,46017,69,69
19505,46017,69,69
19506,46017,69,69
19507,46017,69,69
19508,46017,69,69
19509,46017,69,69
19510,46017,69,69
19511,46017,69,69
19512,46017,69,69
19513,46017,69,69
19514,46017,69,69
19515,46017,69,69
19516,46017,69,69
19517,46017,69,69
19518,46017,69,69
19519,46017,69,69
19520,46017,69,69
19521,46017,69,69
19522,46017,69,69
19523,46017,69,69
19524,46017,69,69
19525,46017,69,69
19526,46017,69,69
19527,46017,69,69
19528,46017,69,69
19529,46017,69,69
19530,46017,69,69
19531,46017,69,69
19532,46017,69,69
19533,46017,69,69
19534,46017,69,69
19535,46017,69,69
19536,46017,69,69
19537,46017,69,69
19538,46017,69,69
19539,46017,69,69
19540,46017,69,69
19541,46017,69,69
19542,46017,69,69
19543,46017,69,69
19544,46017,69,69
19545,46017,69,69
19546,46017,69,69
19547,46017,69,69
19548,46017,69,69
19549,46017,69,69
19550,46017,69,69
19551,46017,69,69
19552,46017,69,69
19553,46017,69,69
19554,46017,69,69
19555,46017,69,69
19556,46017,69,69
19557,46017,69,69
19558,46017,69,69
19559,46017,69,69
19560,46017,69,69
19561,46017,69,69
19562,46017,69,69
19563,46017,69,69
19564,46017,69,69
19565,46017,69,69
19566,46017,69,69
19567,46017,69,69
19568,46017,69,69
19569,46017,69,69
19570,46017,69,69
19571,46017,69,69
19572,46017,69,69
19573,46017,69,69
19574,46017,69,69
19575,46017,69,69
19576,46017,69,69
19577,46017,69,69
19578,46017,69,69
19579,46017,69,69
19580,46017,69,69
19581,46017,69,69
19582,46017,69,69
19583,46017,69,69
19584,46017,69,69
19585,46017,69,69
19586,46017,69,69
19587,46017,69,69
19588,46017,69,69
19589,46017,69,69
19590,46017,69,69
19591,46017,69,69
19592,46017,69,69
19593,46017,69,69
19594,46017,69,69
19595,46017,69,69
19596,46017,69,69
19597,46017,69,69
19598,46017,69,69
19599,46017,69,69
19600,46017,69,69
19601,46017,69,69
19602,46017,69,69
19603,46017,69,69
19604,46017,69,69
19605,46017,69,69
19606,46017,69,69
19607,46017,69,69
19608,46017,69,69
19609,46017,69,69
19610,46017,69,69
19611,46017,69,69
19612,46017,69,69
19613,46017,69,69
19614,46017,69,69
19615,46017,69,69
19616,46017,69,69
19617,46017,69,69
19618,46017,69,69
19619,46017,69,69
19620,46017,69,69
19621,46017,69,69
19622,46017,69,69
19623,46017,69,69
19624,46017,69,69
19625,46017,69,69
19626,46017,69,69
19627,46017,69,69
19628,46017,69,69
19629,46017,69,69
19630,46017,69,69
19631,46017,69,69
19632,46017,69,69
19633,46017,69,69
19634,46017,69,69
19635,46017,69,69
19636,46017,69,69
19637,46017,69,69
19638,46017,69,69
19639,46017,69,69
19640,46017,69,69
19641,46017,69,69
19642,46017,69,69
19643,46017,69,69
19644,46017,69,69
19645,46017,69,69
19646,46017,69,69
19647,46017,69,69
19648,46017,69,69
19649,46017,69,69
19650,46017,69,69
19651,46017,69,69
19652,46017,69,69
19653,46017,69,69
19654,46017,69,69
19655,46017,69,69
19656,46017,69,69
19657,46017,69,69
19658,46017,69,69
19659,46017,69,69
19660,46017,69,69
19661,46017,69,69
19662,46017,69,69
19663,46017,69,69
19664,46017,69,69
19665,46017,69,69
19666,46017,69,69
19667,46017,69,69
19668,46017,69,69
19669,46017,69,69
19670,46017,69,69
19671,46017,69,69
19672,46017,69,69
19673,46017,69,69
19674,46017,69,69
19675,46017,69,69
19676,46017,69,69
19677,46017,69,69
19678,46017,69,69
19679,46017,69,69
19680,46017,69,69
19681,46017,69,69
19682,46017,69,69
19683,46017,69,69
19684,46017,69,69
19685,46017,69,69
19686,46017,69,69
19687,46017,69,69
19688,46017,69,69
19689,46017,69,69
19690,46017,69,69
19691,46017,69,69
19692,46017,69,69
19693,46017,69,69
19694,46017,69,69
19695,46017,69,69
19696,46017,69,69
19697,46017,69,69
19698,46017,69,69
19699,46017,69,69
19700,46017,69,69
19701,46017,69,69
19702,46017,69,69
19703,46017,69,69
19704,46017,69,69
19705,46017,69,69
19706,46017,69,69
19707,46017,69,69
19708,46017,69,69
19709,46017,69,69
19710,46017,69,69
19711,46017,69,69
19712,46017,69,69
19713,46017,69,69
19714,46017,69,69
19715,46017,69,69
19716,46017,69,69
19717,46017,69,69
19718,46017,69,69
19719,46017,69,69
19720,46017,69,69
19721,46017,69,69
19722,46017,69,69
19723,46017,69,69
19724,46017,69,69
19725,46017,69,69
19726,46017,69,69
19727,46017,69,69
19728,46017,69,69
19729,46017,69,69
19730,46017,69,69
19731,46017,69,69
19732,46017,69,69
19733,46017,69,69
19734,46017,69,69
19735,46017,69,69
19736,46017,69,69
19737,46017,69,69
19738,46017,69,69
19739,46017,69,69
19740,46017,69,69
19741,46017,69,69
19742,46017,69,69
19743,46017,69,69
19744,46017,69,69
19745,46017,69,69
19746,46017,69,69
19747,46017,69,69
19748,46017,69,69
19749,46017,69,69
19750,46017,69,69
19751,46017,69,69
19752,46017,69,69
19753,46017,69,69
19754,46017,69,69
19755,46017,69,69
19756,46017,69,69
19757,46017,69,69
19758,46017,69,69
19759,46017,69,69
19760,46017,69,69
19761,46017,69,69
19762,46017,69,69
19763,46017,69,69
19764,46017,69,69
19765,46017,69,69
19766,46017,69,69
19767,46017,69,69
19768,46017,69,69
19769,46017,69,69
19770,46017,69,69
19771,46017,69,69
19772,46017,69,69
19773,46017,69,69
19774,46017,69,69
19775,46017,69,69
19776,46017,69,69
19777,46017,69,69
19778,46017,69,69
19779,46017,69,69
19780,46017,69,69
19781,46017,69,69
19782,46017,69,69
19783,46017,69,69
19784,46017,69,69
19785,46017,69,69
19786,46017,69,69
19787,46017,69,69
19788,46017,69,69
19789,46017,69,69
19790,46017,69,69
19791,46017,69,69
19792,46017,69,69
19793,46017,69,69
19794,46017,69,69
19795,46017,69,69
19796,46017,69,69
19797,46017,69,69
19798,46017,69,69
19799,46017,69,69
19800,46017,69,69
19801,46017,69,69
19802,46017,69,69
19803,46017,69,69
19804,46017,69,69
19805,46017,69,69
19806,46017,69,69
19807,46017,69,69
19808,46017,69,69
19809,46017,69,69
19810,46017,69,69
19811,46017,69,69
19812,46017,69,69
19813,46017,69,69
19814,46017,69,69
19815,46017,69,69
19816,46017,69,69
19817,46017,69,69
19818,46017,69,69
19819,46017,69,69
19820,46017,69,69
19821,46017,69,69
19822,46017,69,69
19823,46017,69,69
19824,46017,69,69
19825,46017,69,69
19826,46017,69,69
19827,46017,69,69
19828,46017,69,69
19829,46017,69,69
19830,46017,69,69
19831,46017,69,69
19832,46017,69,69
19833,46017,69,69
19834,46017,69,69
19835,46017,69,69
19836,46017,69,69
19837,46017,69,69
19838,46017,69,69
19839,46017,69,69
19840,46017,69,69
19841,46017,69,69
19842,46017,69,69
19843,46017,69,69
19844,46017,69,69
19845,46017,69,69
19846,46017,69,69
19847,46017,69,69
19848,46017,69,69
19849,46017,69,69
19850,46017,69,69
19851,46017,69,69
19852,46017,69,69
19853,46017,69,69
19854,46017,69,69
19855,46017,69,69
19856,46017,69,69
19857,46017,69,69
19858,46017,69,69
19859,46017,69,69
19860,46017,69,69
19861,46017,69,69
19862,46017,69,69
19863,46017,69,69
19864,46017,69,69
19865,46017,69,69
19866,46017,69,69
19867,46017,69,69
19868,46017,69,69
19869,46017,69,69
19870,46017,69,69
19871,46017,69,69
19872,46017,69,69
19873,46017,69,69
19874,46017,69,69
19875,46017,69,69
19876,46017,69,69
19877,46017,69,69
19878,46017,69,69
19879,46017,69,69
19880,46017,69,69
19881,46017,69,69
19882,46017,69,69
19883,46017,69,69
19884,46018,69,69
19885,46018,69,69
19886,46018,69,69
19887,46019,69,71
19888,46021,69,69
19889,46021,69,69
19890,46021,69,69
19891,46021,69,69
19892,46021,69,69
19893,46021,69,69
19894,46021,69,69
19895,46021,69,69
19896,46021,69,69
19897,46021,69,69
19898,46021,69,69
19899,46021,69,69
19900,46021,69,69
19901,46021,69,69
19902,46021,69,69
19903,46021,69,69
19904,46021,69,69
19905,46021,69,69
19906,46022,69,69
19907,46022,69,69
19908,46022,69,69
19909,46022,69,69
19910,46022,69,69
19911,46022,69,69
19912,46022,69,69
19913,46022,69,69
19914,46025,69,71
19915,46025,69,71
19916,46025,69,71
19917,46025,69,71
19918,46026,69,69
19919,46026,69,69
19920,46026,69,69
19921,46026,69,69
19922,46026,69,69
19923,46026,69,69
19924,46026,69,69
19925,46026,69,69
19926,46026,69,69
19927,46026,69,69
19928,46026,69,69
19929,46026,69,69
19930,46026,69,69
19931,46026,69,69
19932,46026,69,69
19933,46026,69,69
19934,46026,69,69
19935,46026,69,69
19936,46026,69,69
19937,46026,69,69
19938,46026,69,69
19939,46026,69,69
19940,46026,69,69
19941,46026,69,69
19942,46026,69,69
19943,46026,69,69
19944,46026,69,69
19945,46026,69,69
19946,46026,69,69
19947,46026,69,69
19948,46026,69,69
19949,46026,69,69
19950,46026,69,69
19951,46026,69,69
19952,46026,69,69
19953,46026,69,69
19954,46026,69,69
19955,46026,69,69
19956,46026,69,69
19957,46026,69,69
19958,46026,69,69
19959,46026,69,69
19960,46027,69,71
19961,46033,69,66
19962,46034,69,69
19963,46034,69,69
19964,46034,69,69
19965,46034,69,69
19966,46034,69,69
19967,46034,69,69
19968,46036,69,71
19969,45007,69,56
19970,45010,69,56
19971,50001,69,65
19972,50001,69,65
19973,50001,69,65
19974,50005,69,65
19975,50008,69,65
19976,50009,69,65
19977,50009,69,65
19978,50009,69,65
19979,50009,69,65
19980,50009,69,65
19981,50009,69,65
19982,50009,69,65
19983,50009,69,65
19984,50009,69,65
19985,50009,69,65
19986,50009,69,65
19987,50026,69,67
19988,50031,69,58
19989,50031,69,58
19990,50031,69,67
19991,47003,69,69
19992,47003,69,69
19993,47003,69,69
19994,47009,69,63
19995,47009,69,63
19996,47011,69,63
19997,47011,69,63
19998,47011,69,63
19999,47011,69,63
20000,47012,69,69
20001,47012,69,69
20002,47012,69,69
20003,47012,69,69
20004,47012,69,69
20005,47012,69,69
20006,47012,69,69
20007,47012,69,69
20008,47012,69,69
20009,47012,69,69
20010,47012,69,69
20011,47012,69,69
20012,47012,69,69
20013,47012,69,69
20014,47012,69,69
20015,47012,69,69
20016,47012,69,69
20017,47012,69,69
20018,47012,69,69
20019,47012,69,69
20020,47012,69,69
20021,47012,69,69
20022,47013,69,63
20023,47013,69,63
20024,47013,69,63
20025,47014,69,63
20026,47014,69,63
20027,47016,69,69
20028,47016,69,69
20029,47016,69,69
20030,47016,69,69
20031,47016,69,69
20032,47016,69,69
20033,47016,69,69
20034,47016,69,69
20035,47021,69,69
20036,47021,69,69
20037,47021,69,69
20038,47021,69,69
20039,47021,69,69
20040,47022,69,69
20041,47022,69,69
20042,47022,69,69
20043,48017,69,60
20044,48033,70,57
20045,46002,71,71
20046,46002,71,71
20047,46002,71,71
20048,46002,71,71
20049,46002,71,71
20050,46002,71,71
20051,46002,71,71
20052,46002,71,71
20053,46002,71,71
20054,46002,71,71
20055,46002,71,71
20056,46002,71,71
20057,46002,71,71
20058,46002,71,71
20059,46002,71,71
20060,46003,71,71
20061,46003,71,71
20062,46003,71,71
20063,46003,71,71
20064,46003,71,71
20065,46003,71,71
20066,46003,71,71
20067,46003,71,71
20068,46003,71,71
20069,46003,71,71
20070,46003,71,71
20071,46003,71,71
20072,46003,71,71
20073,46003,71,71
20074,46003,71,71
20075,46003,71,71
20076,46003,71,71
20077,46003,71,71
20078,46003,71,71
20079,46003,71,71
20080,46003,71,71
20081,46003,71,71
20082,46003,71,71
20083,46003,71,71
20084,46003,71,71
20085,46003,71,71
20086,46003,71,71
20087,46003,71,71
20088,46003,71,71
20089,46003,71,71
20090,46003,71,71
20091,46003,71,71
20092,46003,71,71
20093,46003,71,71
20094,46003,71,71
20095,46003,71,71
20096,46003,71,71
20097,46003,71,71
20098,46003,71,71
20099,46003,71,71
20100,46004,71,71
20101,46004,71,71
20102,46004,71,71
20103,46004,71,71
20104,46004,71,71
20105,46004,71,71
20106,46004,71,71
20107,46004,71,71
20108,46004,71,71
20109,46004,71,71
20110,46004,71,71
20111,46004,71,71
20112,46004,71,71
20113,46004,71,71
20114,46004,71,71
20115,46004,71,71
20116,46004,71,71
20117,46004,71,71
20118,46004,71,71
20119,46004,71,71
20120,46004,71,71
20121,46006,71,71
20122,46006,71,71
20123,46006,71,71
20124,46006,71,71
20125,46007,71,69
20126,46007,71,69
20127,46007,71,69
20128,46007,71,69
20129,46007,71,69
20130,46007,71,69
20131,46008,71,71
20132,46009,71,71
20133,46009,71,71
20134,46009,71,71
20135,46009,71,71
20136,46009,71,71
20137,46009,71,71
20138,46009,71,71
20139,46009,71,71
20140,46009,71,71
20141,46009,71,71
20142,46009,71,71
20143,46009,71,71
20144,46009,71,71
20145,46009,71,71
20146,46009,71,71
20147,46009,71,71
20148,46009,71,71
20149,46009,71,71
20150,46009,71,71
20151,46009,71,71
20152,46010,71,71
20153,46010,71,71
20154,46010,71,71
20155,46010,71,71
20156,46010,71,71
20157,46010,71,71
20158,46010,71,71
20159,46010,71,71
20160,46010,71,71
20161,46010,71,71
20162,46011,71,71
20163,46011,71,71
20164,46011,71,71
20165,46011,71,71
20166,46011,71,71
20167,46011,71,71
20168,46011,71,71
20169,46011,71,71
20170,46011,71,71
20171,46011,71,71
20172,46011,71,71
20173,46011,71,71
20174,46011,71,71
20175,46011,71,71
20176,46011,71,71
20177,46011,71,71
20178,46011,71,71
20179,46011,71,71
20180,46011,71,71
20181,46011,71,71
20182,46011,71,71
20183,46011,71,71
20184,46011,71,71
20185,46011,71,71
20186,46011,71,71
20187,46011,71,71
20188,46011,71,71
20189,46014,71,71
20190,46015,71,71
20191,46015,71,71
20192,46015,71,71
20193,46015,71,71
20194,46015,71,71
20195,46015,71,71
20196,46015,71,71
20197,46015,71,71
20198,46015,71,71
20199,46015,71,71
20200,46015,71,71
20201,46015,71,71
20202,46017,71,69
20203,46017,71,69
20204,46017,71,69
20205,46017,71,69
20206,46017,71,69
20207,46017,71,69
20208,46019,71,71
20209,46019,71,71
20210,46019,71,71
20211,46019,71,71
20212,46020,71,71
20213,46020,71,71
20214,46020,71,71
20215,46020,71,71
20216,46022,71,69
20217,46022,71,69
20218,46022,71,69
20219,46022,71,69
20220,46023,71,71
20221,46023,71,71
20222,46025,71,71
20223,46025,71,71
20224,46025,71,71
20225,46025,71,71
20226,46025,71,71
20227,46025,71,71
20228,46026,71,69
20229,46027,71,71
20230,46027,71,71
20231,46027,71,71
20232,46027,71,71
20233,46027,71,71
20234,46027,71,71
20235,46030,71,56
20236,46031,71,71
20237,46035,71,71
20238,46035,71,71
20239,46035,71,71
20240,46035,71,71
20241,46035,71,71
20242,46036,71,71
20243,46036,71,71
20244,46036,71,71
20245,46037,71,71
20246,50028,71,65
20247,50033,71,65
20248,47023,71,63
