who,pro_com,selectedhospitalemp,selectedhospital,rescale15%,distance_threshold,n_network,weight_distance_hospital,weight_ownranking,social_multiplier,show_networks,updaterank_mean,updaterank_sd,emp_net
72,51001,48,48,true,260,50,-50,50,50,false,0,0,false
73,51001,48,48,true,260,50,-50,50,50,false,0,0,false
74,51002,48,50,true,260,50,-50,50,50,false,0,0,false
75,51002,48,48,true,260,50,-50,50,50,false,0,0,false
76,51002,48,48,true,260,50,-50,50,50,false,0,0,false
77,51002,48,48,true,260,50,-50,50,50,false,0,0,false
78,51002,48,60,true,260,50,-50,50,50,false,0,0,false
79,51002,48,48,true,260,50,-50,50,50,false,0,0,false
80,51002,48,48,true,260,50,-50,50,50,false,0,0,false
81,51002,48,48,true,260,50,-50,50,50,false,0,0,false
82,51002,48,48,true,260,50,-50,50,50,false,0,0,false
83,51002,48,48,true,260,50,-50,50,50,false,0,0,false
84,51002,48,48,true,260,50,-50,50,50,false,0,0,false
85,51002,48,60,true,260,50,-50,50,50,false,0,0,false
86,51002,48,63,true,260,50,-50,50,50,false,0,0,false
87,51002,48,48,true,260,50,-50,50,50,false,0,0,false
88,51002,48,48,true,260,50,-50,50,50,false,0,0,false
89,51002,48,48,true,260,50,-50,50,50,false,0,0,false
90,51002,48,48,true,260,50,-50,50,50,false,0,0,false
91,51002,48,48,true,260,50,-50,50,50,false,0,0,false
92,51002,48,60,true,260,50,-50,50,50,false,0,0,false
93,51002,48,48,true,260,50,-50,50,50,false,0,0,false
94,51002,48,48,true,260,50,-50,50,50,false,0,0,false
95,51002,48,48,true,260,50,-50,50,50,false,0,0,false
96,51002,48,48,true,260,50,-50,50,50,false,0,0,false
97,51002,48,48,true,260,50,-50,50,50,false,0,0,false
98,51002,48,48,true,260,50,-50,50,50,false,0,0,false
99,51002,48,48,true,260,50,-50,50,50,false,0,0,false
100,51002,48,48,true,260,50,-50,50,50,false,0,0,false
101,51002,48,61,true,260,50,-50,50,50,false,0,0,false
102,51002,48,48,true,260,50,-50,50,50,false,0,0,false
103,51002,48,48,true,260,50,-50,50,50,false,0,0,false
104,51002,48,61,true,260,50,-50,50,50,false,0,0,false
105,51002,48,50,true,260,50,-50,50,50,false,0,0,false
106,51002,48,60,true,260,50,-50,50,50,false,0,0,false
107,51002,48,48,true,260,50,-50,50,50,false,0,0,false
108,51002,48,60,true,260,50,-50,50,50,false,0,0,false
109,51002,48,48,true,260,50,-50,50,50,false,0,0,false
110,51002,48,61,true,260,50,-50,50,50,false,0,0,false
111,51002,48,61,true,260,50,-50,50,50,false,0,0,false
112,51002,48,48,true,260,50,-50,50,50,false,0,0,false
113,51002,48,48,true,260,50,-50,50,50,false,0,0,false
114,51002,48,48,true,260,50,-50,50,50,false,0,0,false
115,51002,48,48,true,260,50,-50,50,50,false,0,0,false
116,51002,48,48,true,260,50,-50,50,50,false,0,0,false
117,51002,48,48,true,260,50,-50,50,50,false,0,0,false
118,51002,48,48,true,260,50,-50,50,50,false,0,0,false
119,51002,48,48,true,260,50,-50,50,50,false,0,0,false
120,51002,48,48,true,260,50,-50,50,50,false,0,0,false
121,51002,48,48,true,260,50,-50,50,50,false,0,0,false
122,51002,48,60,true,260,50,-50,50,50,false,0,0,false
123,51002,48,48,true,260,50,-50,50,50,false,0,0,false
124,51002,48,48,true,260,50,-50,50,50,false,0,0,false
125,51002,48,48,true,260,50,-50,50,50,false,0,0,false
126,51002,48,48,true,260,50,-50,50,50,false,0,0,false
127,51002,48,50,true,260,50,-50,50,50,false,0,0,false
128,51002,48,48,true,260,50,-50,50,50,false,0,0,false
129,51002,48,48,true,260,50,-50,50,50,false,0,0,false
130,51002,48,48,true,260,50,-50,50,50,false,0,0,false
131,51002,48,48,true,260,50,-50,50,50,false,0,0,false
132,51002,48,48,true,260,50,-50,50,50,false,0,0,false
133,51002,48,48,true,260,50,-50,50,50,false,0,0,false
134,51002,48,48,true,260,50,-50,50,50,false,0,0,false
135,51002,48,48,true,260,50,-50,50,50,false,0,0,false
136,51002,48,48,true,260,50,-50,50,50,false,0,0,false
137,51002,48,48,true,260,50,-50,50,50,false,0,0,false
138,51002,48,48,true,260,50,-50,50,50,false,0,0,false
139,51002,48,48,true,260,50,-50,50,50,false,0,0,false
140,51002,48,48,true,260,50,-50,50,50,false,0,0,false
141,51002,48,48,true,260,50,-50,50,50,false,0,0,false
142,51002,48,48,true,260,50,-50,50,50,false,0,0,false
143,51002,48,48,true,260,50,-50,50,50,false,0,0,false
144,51002,48,48,true,260,50,-50,50,50,false,0,0,false
145,51002,48,50,true,260,50,-50,50,50,false,0,0,false
146,51002,48,48,true,260,50,-50,50,50,false,0,0,false
147,51002,48,60,true,260,50,-50,50,50,false,0,0,false
148,51002,48,48,true,260,50,-50,50,50,false,0,0,false
149,51002,48,48,true,260,50,-50,50,50,false,0,0,false
150,51002,48,61,true,260,50,-50,50,50,false,0,0,false
151,51002,48,48,true,260,50,-50,50,50,false,0,0,false
152,51002,48,48,true,260,50,-50,50,50,false,0,0,false
153,51002,48,48,true,260,50,-50,50,50,false,0,0,false
154,51002,48,48,true,260,50,-50,50,50,false,0,0,false
155,51002,48,48,true,260,50,-50,50,50,false,0,0,false
156,51002,48,48,true,260,50,-50,50,50,false,0,0,false
157,51002,48,48,true,260,50,-50,50,50,false,0,0,false
158,51004,48,48,true,260,50,-50,50,50,false,0,0,false
159,51004,48,48,true,260,50,-50,50,50,false,0,0,false
160,51004,48,48,true,260,50,-50,50,50,false,0,0,false
161,51004,48,48,true,260,50,-50,50,50,false,0,0,false
162,51004,48,60,true,260,50,-50,50,50,false,0,0,false
163,51004,48,48,true,260,50,-50,50,50,false,0,0,false
164,51004,48,48,true,260,50,-50,50,50,false,0,0,false
165,51004,48,48,true,260,50,-50,50,50,false,0,0,false
166,51004,48,60,true,260,50,-50,50,50,false,0,0,false
167,51005,48,48,true,260,50,-50,50,50,false,0,0,false
168,51006,48,60,true,260,50,-50,50,50,false,0,0,false
169,51006,48,48,true,260,50,-50,50,50,false,0,0,false
170,51006,48,48,true,260,50,-50,50,50,false,0,0,false
171,51006,48,48,true,260,50,-50,50,50,false,0,0,false
172,51006,48,48,true,260,50,-50,50,50,false,0,0,false
173,51006,48,61,true,260,50,-50,50,50,false,0,0,false
174,51007,48,48,true,260,50,-50,50,50,false,0,0,false
175,51008,48,48,true,260,50,-50,50,50,false,0,0,false
176,51010,48,48,true,260,50,-50,50,50,false,0,0,false
177,51010,48,48,true,260,50,-50,50,50,false,0,0,false
178,51011,48,48,true,260,50,-50,50,50,false,0,0,false
179,51011,48,48,true,260,50,-50,50,50,false,0,0,false
180,51012,48,48,true,260,50,-50,50,50,false,0,0,false
181,51012,48,60,true,260,50,-50,50,50,false,0,0,false
182,51012,48,48,true,260,50,-50,50,50,false,0,0,false
183,51012,48,48,true,260,50,-50,50,50,false,0,0,false
184,51012,48,48,true,260,50,-50,50,50,false,0,0,false
185,51012,48,48,true,260,50,-50,50,50,false,0,0,false
186,51012,48,48,true,260,50,-50,50,50,false,0,0,false
187,51012,48,48,true,260,50,-50,50,50,false,0,0,false
188,51012,48,48,true,260,50,-50,50,50,false,0,0,false
189,51012,48,48,true,260,50,-50,50,50,false,0,0,false
190,51013,48,48,true,260,50,-50,50,50,false,0,0,false
191,51013,48,63,true,260,50,-50,50,50,false,0,0,false
192,51013,48,63,true,260,50,-50,50,50,false,0,0,false
193,51014,48,48,true,260,50,-50,50,50,false,0,0,false
194,51015,48,48,true,260,50,-50,50,50,false,0,0,false
195,51016,48,48,true,260,50,-50,50,50,false,0,0,false
196,51016,48,48,true,260,50,-50,50,50,false,0,0,false
197,51016,48,48,true,260,50,-50,50,50,false,0,0,false
198,51016,48,60,true,260,50,-50,50,50,false,0,0,false
199,51016,48,48,true,260,50,-50,50,50,false,0,0,false
200,51016,48,48,true,260,50,-50,50,50,false,0,0,false
201,51017,48,48,true,260,50,-50,50,50,false,0,0,false
202,51017,48,48,true,260,50,-50,50,50,false,0,0,false
203,51017,48,48,true,260,50,-50,50,50,false,0,0,false
204,51017,48,48,true,260,50,-50,50,50,false,0,0,false
205,51017,48,48,true,260,50,-50,50,50,false,0,0,false
206,51017,48,48,true,260,50,-50,50,50,false,0,0,false
207,51017,48,48,true,260,50,-50,50,50,false,0,0,false
208,51017,48,48,true,260,50,-50,50,50,false,0,0,false
209,51017,48,48,true,260,50,-50,50,50,false,0,0,false
210,51017,48,48,true,260,50,-50,50,50,false,0,0,false
211,51017,48,48,true,260,50,-50,50,50,false,0,0,false
212,51017,48,48,true,260,50,-50,50,50,false,0,0,false
213,51018,48,48,true,260,50,-50,50,50,false,0,0,false
214,51018,48,63,true,260,50,-50,50,50,false,0,0,false
215,51018,48,48,true,260,50,-50,50,50,false,0,0,false
216,51018,48,60,true,260,50,-50,50,50,false,0,0,false
217,51020,48,48,true,260,50,-50,50,50,false,0,0,false
218,51021,48,48,true,260,50,-50,50,50,false,0,0,false
219,51022,48,63,true,260,50,-50,50,50,false,0,0,false
220,51022,48,48,true,260,50,-50,50,50,false,0,0,false
221,51022,48,48,true,260,50,-50,50,50,false,0,0,false
222,51023,48,50,true,260,50,-50,50,50,false,0,0,false
223,51024,48,48,true,260,50,-50,50,50,false,0,0,false
224,51025,48,61,true,260,50,-50,50,50,false,0,0,false
225,51025,48,60,true,260,50,-50,50,50,false,0,0,false
226,51025,48,48,true,260,50,-50,50,50,false,0,0,false
227,51025,48,48,true,260,50,-50,50,50,false,0,0,false
228,51025,48,48,true,260,50,-50,50,50,false,0,0,false
229,51025,48,48,true,260,50,-50,50,50,false,0,0,false
230,51025,48,48,true,260,50,-50,50,50,false,0,0,false
231,51025,48,48,true,260,50,-50,50,50,false,0,0,false
232,51026,48,60,true,260,50,-50,50,50,false,0,0,false
233,51026,48,50,true,260,50,-50,50,50,false,0,0,false
234,51026,48,50,true,260,50,-50,50,50,false,0,0,false
235,51026,48,63,true,260,50,-50,50,50,false,0,0,false
236,51026,48,61,true,260,50,-50,50,50,false,0,0,false
237,51027,48,50,true,260,50,-50,50,50,false,0,0,false
238,51030,48,48,true,260,50,-50,50,50,false,0,0,false
239,51031,48,50,true,260,50,-50,50,50,false,0,0,false
240,51031,48,48,true,260,50,-50,50,50,false,0,0,false
241,51031,48,48,true,260,50,-50,50,50,false,0,0,false
242,51033,48,63,true,260,50,-50,50,50,false,0,0,false
243,51034,48,48,true,260,50,-50,50,50,false,0,0,false
244,51034,48,48,true,260,50,-50,50,50,false,0,0,false
245,51034,48,48,true,260,50,-50,50,50,false,0,0,false
246,51034,48,48,true,260,50,-50,50,50,false,0,0,false
247,51034,48,48,true,260,50,-50,50,50,false,0,0,false
248,51034,48,48,true,260,50,-50,50,50,false,0,0,false
249,51034,48,48,true,260,50,-50,50,50,false,0,0,false
250,51034,48,48,true,260,50,-50,50,50,false,0,0,false
251,51037,48,48,true,260,50,-50,50,50,false,0,0,false
252,51037,48,48,true,260,50,-50,50,50,false,0,0,false
253,51037,48,48,true,260,50,-50,50,50,false,0,0,false
254,51037,48,48,true,260,50,-50,50,50,false,0,0,false
255,51037,48,60,true,260,50,-50,50,50,false,0,0,false
256,51038,48,48,true,260,50,-50,50,50,false,0,0,false
257,51039,48,63,true,260,50,-50,50,50,false,0,0,false
258,51040,48,48,true,260,50,-50,50,50,false,0,0,false
259,51041,48,48,true,260,50,-50,50,50,false,0,0,false
260,51041,48,50,true,260,50,-50,50,50,false,0,0,false
261,51042,48,48,true,260,50,-50,50,50,false,0,0,false
262,48001,48,60,true,260,50,-50,50,50,false,0,0,false
263,48017,48,63,true,260,50,-50,50,50,false,0,0,false
264,48035,48,60,true,260,50,-50,50,50,false,0,0,false
265,48052,48,48,true,260,50,-50,50,50,false,0,0,false
266,53009,48,58,true,260,50,-50,50,50,false,0,0,false
267,53018,48,50,true,260,50,-50,50,50,false,0,0,false
268,49009,48,58,true,260,50,-50,50,50,false,0,0,false
269,46024,48,58,true,260,50,-50,50,50,false,0,0,false
270,50008,48,58,true,260,50,-50,50,50,false,0,0,false
271,52001,48,48,true,260,50,-50,50,50,false,0,0,false
272,52007,48,48,true,260,50,-50,50,50,false,0,0,false
273,52009,48,50,true,260,50,-50,50,50,false,0,0,false
274,52011,48,60,true,260,50,-50,50,50,false,0,0,false
275,52012,48,61,true,260,50,-50,50,50,false,0,0,false
276,52015,48,48,true,260,50,-50,50,50,false,0,0,false
277,52027,48,48,true,260,50,-50,50,50,false,0,0,false
278,52030,48,50,true,260,50,-50,50,50,false,0,0,false
279,52031,48,48,true,260,50,-50,50,50,false,0,0,false
280,52032,48,50,true,260,50,-50,50,50,false,0,0,false
281,52033,48,48,true,260,50,-50,50,50,false,0,0,false
282,52035,48,48,true,260,50,-50,50,50,false,0,0,false
283,51001,49,48,true,260,50,-50,50,50,false,0,0,false
284,51002,49,50,true,260,50,-50,50,50,false,0,0,false
285,51004,49,50,true,260,50,-50,50,50,false,0,0,false
286,51005,49,50,true,260,50,-50,50,50,false,0,0,false
287,51005,49,48,true,260,50,-50,50,50,false,0,0,false
288,51005,49,48,true,260,50,-50,50,50,false,0,0,false
289,51005,49,50,true,260,50,-50,50,50,false,0,0,false
290,51005,49,48,true,260,50,-50,50,50,false,0,0,false
291,51005,49,48,true,260,50,-50,50,50,false,0,0,false
292,51005,49,50,true,260,50,-50,50,50,false,0,0,false
293,51008,49,48,true,260,50,-50,50,50,false,0,0,false
294,51011,49,48,true,260,50,-50,50,50,false,0,0,false
295,51012,49,48,true,260,50,-50,50,50,false,0,0,false
296,51013,49,48,true,260,50,-50,50,50,false,0,0,false
297,51013,49,60,true,260,50,-50,50,50,false,0,0,false
298,51013,49,50,true,260,50,-50,50,50,false,0,0,false
299,51013,49,60,true,260,50,-50,50,50,false,0,0,false
300,51013,49,63,true,260,50,-50,50,50,false,0,0,false
301,51013,49,60,true,260,50,-50,50,50,false,0,0,false
302,51015,49,48,true,260,50,-50,50,50,false,0,0,false
303,51016,49,48,true,260,50,-50,50,50,false,0,0,false
304,51020,49,48,true,260,50,-50,50,50,false,0,0,false
305,51020,49,48,true,260,50,-50,50,50,false,0,0,false
306,51025,49,48,true,260,50,-50,50,50,false,0,0,false
307,51026,49,63,true,260,50,-50,50,50,false,0,0,false
308,51026,49,50,true,260,50,-50,50,50,false,0,0,false
309,51026,49,48,true,260,50,-50,50,50,false,0,0,false
310,51026,49,50,true,260,50,-50,50,50,false,0,0,false
311,51026,49,48,true,260,50,-50,50,50,false,0,0,false
312,51026,49,63,true,260,50,-50,50,50,false,0,0,false
313,51026,49,48,true,260,50,-50,50,50,false,0,0,false
314,51026,49,61,true,260,50,-50,50,50,false,0,0,false
315,51026,49,61,true,260,50,-50,50,50,false,0,0,false
316,51026,49,50,true,260,50,-50,50,50,false,0,0,false
317,51026,49,63,true,260,50,-50,50,50,false,0,0,false
318,51026,49,50,true,260,50,-50,50,50,false,0,0,false
319,51026,49,48,true,260,50,-50,50,50,false,0,0,false
320,51026,49,61,true,260,50,-50,50,50,false,0,0,false
321,51026,49,48,true,260,50,-50,50,50,false,0,0,false
322,51026,49,63,true,260,50,-50,50,50,false,0,0,false
323,51026,49,48,true,260,50,-50,50,50,false,0,0,false
324,51031,49,50,true,260,50,-50,50,50,false,0,0,false
325,51033,49,60,true,260,50,-50,50,50,false,0,0,false
326,51033,49,60,true,260,50,-50,50,50,false,0,0,false
327,51033,49,50,true,260,50,-50,50,50,false,0,0,false
328,51033,49,48,true,260,50,-50,50,50,false,0,0,false
329,51033,49,48,true,260,50,-50,50,50,false,0,0,false
330,51033,49,48,true,260,50,-50,50,50,false,0,0,false
331,51033,49,61,true,260,50,-50,50,50,false,0,0,false
332,51033,49,61,true,260,50,-50,50,50,false,0,0,false
333,51033,49,48,true,260,50,-50,50,50,false,0,0,false
334,51039,49,48,true,260,50,-50,50,50,false,0,0,false
335,51039,49,48,true,260,50,-50,50,50,false,0,0,false
336,51039,49,50,true,260,50,-50,50,50,false,0,0,false
337,51039,49,48,true,260,50,-50,50,50,false,0,0,false
338,51039,49,48,true,260,50,-50,50,50,false,0,0,false
339,51039,49,48,true,260,50,-50,50,50,false,0,0,false
340,51039,49,48,true,260,50,-50,50,50,false,0,0,false
341,51040,49,61,true,260,50,-50,50,50,false,0,0,false
342,51040,49,48,true,260,50,-50,50,50,false,0,0,false
343,51040,49,48,true,260,50,-50,50,50,false,0,0,false
344,51040,49,60,true,260,50,-50,50,50,false,0,0,false
345,51040,49,48,true,260,50,-50,50,50,false,0,0,false
346,51040,49,61,true,260,50,-50,50,50,false,0,0,false
347,51041,49,50,true,260,50,-50,50,50,false,0,0,false
348,51042,49,61,true,260,50,-50,50,50,false,0,0,false
349,51042,49,48,true,260,50,-50,50,50,false,0,0,false
350,48001,49,60,true,260,50,-50,50,50,false,0,0,false
351,48004,49,50,true,260,50,-50,50,50,false,0,0,false
352,48017,49,48,true,260,50,-50,50,50,false,0,0,false
353,48021,49,61,true,260,50,-50,50,50,false,0,0,false
354,48035,49,61,true,260,50,-50,50,50,false,0,0,false
355,48035,49,48,true,260,50,-50,50,50,false,0,0,false
356,48035,49,60,true,260,50,-50,50,50,false,0,0,false
357,48036,49,63,true,260,50,-50,50,50,false,0,0,false
358,48044,49,50,true,260,50,-50,50,50,false,0,0,false
359,48052,49,61,true,260,50,-50,50,50,false,0,0,false
360,48052,49,50,true,260,50,-50,50,50,false,0,0,false
361,48052,49,61,true,260,50,-50,50,50,false,0,0,false
362,48052,49,60,true,260,50,-50,50,50,false,0,0,false
363,48052,49,60,true,260,50,-50,50,50,false,0,0,false
364,48052,49,63,true,260,50,-50,50,50,false,0,0,false
365,52002,49,48,true,260,50,-50,50,50,false,0,0,false
366,52013,49,61,true,260,50,-50,50,50,false,0,0,false
367,51002,50,50,true,260,50,-50,50,50,false,0,0,false
368,51002,50,48,true,260,50,-50,50,50,false,0,0,false
369,51005,50,60,true,260,50,-50,50,50,false,0,0,false
370,51005,50,63,true,260,50,-50,50,50,false,0,0,false
371,51006,50,48,true,260,50,-50,50,50,false,0,0,false
372,51010,50,48,true,260,50,-50,50,50,false,0,0,false
373,51012,50,48,true,260,50,-50,50,50,false,0,0,false
374,51013,50,50,true,260,50,-50,50,50,false,0,0,false
375,51015,50,48,true,260,50,-50,50,50,false,0,0,false
376,51020,50,60,true,260,50,-50,50,50,false,0,0,false
377,51022,50,60,true,260,50,-50,50,50,false,0,0,false
378,51025,50,60,true,260,50,-50,50,50,false,0,0,false
379,51026,50,63,true,260,50,-50,50,50,false,0,0,false
380,51026,50,48,true,260,50,-50,50,50,false,0,0,false
381,51031,50,50,true,260,50,-50,50,50,false,0,0,false
382,51033,50,63,true,260,50,-50,50,50,false,0,0,false
383,51033,50,48,true,260,50,-50,50,50,false,0,0,false
384,51037,50,48,true,260,50,-50,50,50,false,0,0,false
385,51039,50,48,true,260,50,-50,50,50,false,0,0,false
386,51040,50,61,true,260,50,-50,50,50,false,0,0,false
387,48001,50,60,true,260,50,-50,50,50,false,0,0,false
388,48001,50,50,true,260,50,-50,50,50,false,0,0,false
389,48001,50,63,true,260,50,-50,50,50,false,0,0,false
390,48002,50,61,true,260,50,-50,50,50,false,0,0,false
391,48002,50,63,true,260,50,-50,50,50,false,0,0,false
392,48004,50,63,true,260,50,-50,50,50,false,0,0,false
393,48005,50,61,true,260,50,-50,50,50,false,0,0,false
394,48005,50,63,true,260,50,-50,50,50,false,0,0,false
395,48005,50,50,true,260,50,-50,50,50,false,0,0,false
396,48005,50,63,true,260,50,-50,50,50,false,0,0,false
397,48005,50,61,true,260,50,-50,50,50,false,0,0,false
398,48005,50,61,true,260,50,-50,50,50,false,0,0,false
399,48005,50,50,true,260,50,-50,50,50,false,0,0,false
400,48005,50,60,true,260,50,-50,50,50,false,0,0,false
401,48005,50,61,true,260,50,-50,50,50,false,0,0,false
402,48005,50,61,true,260,50,-50,50,50,false,0,0,false
403,48005,50,48,true,260,50,-50,50,50,false,0,0,false
404,48006,50,61,true,260,50,-50,50,50,false,0,0,false
405,48006,50,60,true,260,50,-50,50,50,false,0,0,false
406,48006,50,63,true,260,50,-50,50,50,false,0,0,false
407,48006,50,61,true,260,50,-50,50,50,false,0,0,false
408,48006,50,61,true,260,50,-50,50,50,false,0,0,false
409,48006,50,50,true,260,50,-50,50,50,false,0,0,false
410,48006,50,50,true,260,50,-50,50,50,false,0,0,false
411,48006,50,60,true,260,50,-50,50,50,false,0,0,false
412,48006,50,63,true,260,50,-50,50,50,false,0,0,false
413,48006,50,63,true,260,50,-50,50,50,false,0,0,false
414,48006,50,50,true,260,50,-50,50,50,false,0,0,false
415,48006,50,58,true,260,50,-50,50,50,false,0,0,false
416,48006,50,61,true,260,50,-50,50,50,false,0,0,false
417,48006,50,50,true,260,50,-50,50,50,false,0,0,false
418,48006,50,63,true,260,50,-50,50,50,false,0,0,false
419,48006,50,63,true,260,50,-50,50,50,false,0,0,false
420,48006,50,60,true,260,50,-50,50,50,false,0,0,false
421,48006,50,50,true,260,50,-50,50,50,false,0,0,false
422,48006,50,63,true,260,50,-50,50,50,false,0,0,false
423,48006,50,61,true,260,50,-50,50,50,false,0,0,false
424,48006,50,58,true,260,50,-50,50,50,false,0,0,false
425,48006,50,50,true,260,50,-50,50,50,false,0,0,false
426,48006,50,63,true,260,50,-50,50,50,false,0,0,false
427,48006,50,60,true,260,50,-50,50,50,false,0,0,false
428,48008,50,60,true,260,50,-50,50,50,false,0,0,false
429,48010,50,63,true,260,50,-50,50,50,false,0,0,false
430,48010,50,58,true,260,50,-50,50,50,false,0,0,false
431,48011,50,58,true,260,50,-50,50,50,false,0,0,false
432,48012,50,60,true,260,50,-50,50,50,false,0,0,false
433,48013,50,63,true,260,50,-50,50,50,false,0,0,false
434,48014,50,58,true,260,50,-50,50,50,false,0,0,false
435,48014,50,63,true,260,50,-50,50,50,false,0,0,false
436,48014,50,61,true,260,50,-50,50,50,false,0,0,false
437,48014,50,61,true,260,50,-50,50,50,false,0,0,false
438,48014,50,50,true,260,50,-50,50,50,false,0,0,false
439,48014,50,63,true,260,50,-50,50,50,false,0,0,false
440,48015,50,60,true,260,50,-50,50,50,false,0,0,false
441,48015,50,63,true,260,50,-50,50,50,false,0,0,false
442,48015,50,50,true,260,50,-50,50,50,false,0,0,false
443,48015,50,63,true,260,50,-50,50,50,false,0,0,false
444,48015,50,60,true,260,50,-50,50,50,false,0,0,false
445,48015,50,60,true,260,50,-50,50,50,false,0,0,false
446,48015,50,63,true,260,50,-50,50,50,false,0,0,false
447,48017,50,60,true,260,50,-50,50,50,false,0,0,false
448,48017,50,50,true,260,50,-50,50,50,false,0,0,false
449,48017,50,63,true,260,50,-50,50,50,false,0,0,false
450,48017,50,50,true,260,50,-50,50,50,false,0,0,false
451,48017,50,60,true,260,50,-50,50,50,false,0,0,false
452,48017,50,60,true,260,50,-50,50,50,false,0,0,false
453,48017,50,60,true,260,50,-50,50,50,false,0,0,false
454,48017,50,50,true,260,50,-50,50,50,false,0,0,false
455,48017,50,58,true,260,50,-50,50,50,false,0,0,false
456,48017,50,63,true,260,50,-50,50,50,false,0,0,false
457,48017,50,63,true,260,50,-50,50,50,false,0,0,false
458,48017,50,61,true,260,50,-50,50,50,false,0,0,false
459,48017,50,60,true,260,50,-50,50,50,false,0,0,false
460,48017,50,50,true,260,50,-50,50,50,false,0,0,false
461,48017,50,61,true,260,50,-50,50,50,false,0,0,false
462,48017,50,63,true,260,50,-50,50,50,false,0,0,false
463,48017,50,60,true,260,50,-50,50,50,false,0,0,false
464,48017,50,60,true,260,50,-50,50,50,false,0,0,false
465,48017,50,61,true,260,50,-50,50,50,false,0,0,false
466,48017,50,63,true,260,50,-50,50,50,false,0,0,false
467,48017,50,61,true,260,50,-50,50,50,false,0,0,false
468,48017,50,50,true,260,50,-50,50,50,false,0,0,false
469,48017,50,63,true,260,50,-50,50,50,false,0,0,false
470,48017,50,61,true,260,50,-50,50,50,false,0,0,false
471,48017,50,61,true,260,50,-50,50,50,false,0,0,false
472,48017,50,61,true,260,50,-50,50,50,false,0,0,false
473,48017,50,60,true,260,50,-50,50,50,false,0,0,false
474,48017,50,61,true,260,50,-50,50,50,false,0,0,false
475,48017,50,60,true,260,50,-50,50,50,false,0,0,false
476,48017,50,60,true,260,50,-50,50,50,false,0,0,false
477,48017,50,60,true,260,50,-50,50,50,false,0,0,false
478,48017,50,50,true,260,50,-50,50,50,false,0,0,false
479,48017,50,50,true,260,50,-50,50,50,false,0,0,false
480,48017,50,50,true,260,50,-50,50,50,false,0,0,false
481,48017,50,60,true,260,50,-50,50,50,false,0,0,false
482,48017,50,60,true,260,50,-50,50,50,false,0,0,false
483,48017,50,60,true,260,50,-50,50,50,false,0,0,false
484,48017,50,61,true,260,50,-50,50,50,false,0,0,false
485,48017,50,60,true,260,50,-50,50,50,false,0,0,false
486,48017,50,50,true,260,50,-50,50,50,false,0,0,false
487,48017,50,63,true,260,50,-50,50,50,false,0,0,false
488,48017,50,60,true,260,50,-50,50,50,false,0,0,false
489,48017,50,50,true,260,50,-50,50,50,false,0,0,false
490,48017,50,50,true,260,50,-50,50,50,false,0,0,false
491,48017,50,61,true,260,50,-50,50,50,false,0,0,false
492,48017,50,50,true,260,50,-50,50,50,false,0,0,false
493,48017,50,50,true,260,50,-50,50,50,false,0,0,false
494,48017,50,50,true,260,50,-50,50,50,false,0,0,false
495,48017,50,50,true,260,50,-50,50,50,false,0,0,false
496,48017,50,50,true,260,50,-50,50,50,false,0,0,false
497,48017,50,50,true,260,50,-50,50,50,false,0,0,false
498,48017,50,63,true,260,50,-50,50,50,false,0,0,false
499,48017,50,60,true,260,50,-50,50,50,false,0,0,false
500,48017,50,60,true,260,50,-50,50,50,false,0,0,false
501,48017,50,50,true,260,50,-50,50,50,false,0,0,false
502,48017,50,50,true,260,50,-50,50,50,false,0,0,false
503,48017,50,60,true,260,50,-50,50,50,false,0,0,false
504,48017,50,61,true,260,50,-50,50,50,false,0,0,false
505,48017,50,61,true,260,50,-50,50,50,false,0,0,false
506,48017,50,50,true,260,50,-50,50,50,false,0,0,false
507,48017,50,50,true,260,50,-50,50,50,false,0,0,false
508,48017,50,60,true,260,50,-50,50,50,false,0,0,false
509,48017,50,61,true,260,50,-50,50,50,false,0,0,false
510,48017,50,50,true,260,50,-50,50,50,false,0,0,false
511,48017,50,48,true,260,50,-50,50,50,false,0,0,false
512,48017,50,63,true,260,50,-50,50,50,false,0,0,false
513,48017,50,63,true,260,50,-50,50,50,false,0,0,false
514,48017,50,61,true,260,50,-50,50,50,false,0,0,false
515,48017,50,60,true,260,50,-50,50,50,false,0,0,false
516,48017,50,50,true,260,50,-50,50,50,false,0,0,false
517,48017,50,50,true,260,50,-50,50,50,false,0,0,false
518,48017,50,60,true,260,50,-50,50,50,false,0,0,false
519,48017,50,63,true,260,50,-50,50,50,false,0,0,false
520,48017,50,50,true,260,50,-50,50,50,false,0,0,false
521,48017,50,50,true,260,50,-50,50,50,false,0,0,false
522,48017,50,60,true,260,50,-50,50,50,false,0,0,false
523,48017,50,63,true,260,50,-50,50,50,false,0,0,false
524,48017,50,60,true,260,50,-50,50,50,false,0,0,false
525,48017,50,60,true,260,50,-50,50,50,false,0,0,false
526,48017,50,50,true,260,50,-50,50,50,false,0,0,false
527,48017,50,61,true,260,50,-50,50,50,false,0,0,false
528,48017,50,60,true,260,50,-50,50,50,false,0,0,false
529,48017,50,63,true,260,50,-50,50,50,false,0,0,false
530,48017,50,60,true,260,50,-50,50,50,false,0,0,false
531,48017,50,61,true,260,50,-50,50,50,false,0,0,false
532,48017,50,60,true,260,50,-50,50,50,false,0,0,false
533,48017,50,63,true,260,50,-50,50,50,false,0,0,false
534,48017,50,48,true,260,50,-50,50,50,false,0,0,false
535,48017,50,50,true,260,50,-50,50,50,false,0,0,false
536,48017,50,50,true,260,50,-50,50,50,false,0,0,false
537,48017,50,58,true,260,50,-50,50,50,false,0,0,false
538,48017,50,50,true,260,50,-50,50,50,false,0,0,false
539,48017,50,60,true,260,50,-50,50,50,false,0,0,false
540,48017,50,61,true,260,50,-50,50,50,false,0,0,false
541,48017,50,61,true,260,50,-50,50,50,false,0,0,false
542,48017,50,61,true,260,50,-50,50,50,false,0,0,false
543,48017,50,61,true,260,50,-50,50,50,false,0,0,false
544,48017,50,50,true,260,50,-50,50,50,false,0,0,false
545,48017,50,50,true,260,50,-50,50,50,false,0,0,false
546,48017,50,50,true,260,50,-50,50,50,false,0,0,false
547,48017,50,50,true,260,50,-50,50,50,false,0,0,false
548,48017,50,61,true,260,50,-50,50,50,false,0,0,false
549,48017,50,63,true,260,50,-50,50,50,false,0,0,false
550,48017,50,48,true,260,50,-50,50,50,false,0,0,false
551,48017,50,60,true,260,50,-50,50,50,false,0,0,false
552,48017,50,60,true,260,50,-50,50,50,false,0,0,false
553,48017,50,63,true,260,50,-50,50,50,false,0,0,false
554,48017,50,50,true,260,50,-50,50,50,false,0,0,false
555,48017,50,63,true,260,50,-50,50,50,false,0,0,false
556,48017,50,61,true,260,50,-50,50,50,false,0,0,false
557,48017,50,50,true,260,50,-50,50,50,false,0,0,false
558,48017,50,58,true,260,50,-50,50,50,false,0,0,false
559,48017,50,61,true,260,50,-50,50,50,false,0,0,false
560,48017,50,61,true,260,50,-50,50,50,false,0,0,false
561,48017,50,61,true,260,50,-50,50,50,false,0,0,false
562,48017,50,63,true,260,50,-50,50,50,false,0,0,false
563,48017,50,61,true,260,50,-50,50,50,false,0,0,false
564,48017,50,50,true,260,50,-50,50,50,false,0,0,false
565,48017,50,50,true,260,50,-50,50,50,false,0,0,false
566,48017,50,50,true,260,50,-50,50,50,false,0,0,false
567,48017,50,50,true,260,50,-50,50,50,false,0,0,false
568,48017,50,61,true,260,50,-50,50,50,false,0,0,false
569,48017,50,60,true,260,50,-50,50,50,false,0,0,false
570,48017,50,61,true,260,50,-50,50,50,false,0,0,false
571,48017,50,50,true,260,50,-50,50,50,false,0,0,false
572,48017,50,60,true,260,50,-50,50,50,false,0,0,false
573,48017,50,50,true,260,50,-50,50,50,false,0,0,false
574,48017,50,60,true,260,50,-50,50,50,false,0,0,false
575,48017,50,60,true,260,50,-50,50,50,false,0,0,false
576,48017,50,61,true,260,50,-50,50,50,false,0,0,false
577,48017,50,50,true,260,50,-50,50,50,false,0,0,false
578,48017,50,63,true,260,50,-50,50,50,false,0,0,false
579,48017,50,63,true,260,50,-50,50,50,false,0,0,false
580,48017,50,50,true,260,50,-50,50,50,false,0,0,false
581,48017,50,63,true,260,50,-50,50,50,false,0,0,false
582,48017,50,50,true,260,50,-50,50,50,false,0,0,false
583,48017,50,48,true,260,50,-50,50,50,false,0,0,false
584,48017,50,60,true,260,50,-50,50,50,false,0,0,false
585,48017,50,60,true,260,50,-50,50,50,false,0,0,false
586,48017,50,60,true,260,50,-50,50,50,false,0,0,false
587,48017,50,61,true,260,50,-50,50,50,false,0,0,false
588,48017,50,61,true,260,50,-50,50,50,false,0,0,false
589,48017,50,63,true,260,50,-50,50,50,false,0,0,false
590,48017,50,50,true,260,50,-50,50,50,false,0,0,false
591,48017,50,58,true,260,50,-50,50,50,false,0,0,false
592,48017,50,60,true,260,50,-50,50,50,false,0,0,false
593,48017,50,63,true,260,50,-50,50,50,false,0,0,false
594,48017,50,61,true,260,50,-50,50,50,false,0,0,false
595,48017,50,50,true,260,50,-50,50,50,false,0,0,false
596,48017,50,50,true,260,50,-50,50,50,false,0,0,false
597,48017,50,60,true,260,50,-50,50,50,false,0,0,false
598,48017,50,61,true,260,50,-50,50,50,false,0,0,false
599,48017,50,50,true,260,50,-50,50,50,false,0,0,false
600,48017,50,50,true,260,50,-50,50,50,false,0,0,false
601,48017,50,63,true,260,50,-50,50,50,false,0,0,false
602,48017,50,50,true,260,50,-50,50,50,false,0,0,false
603,48017,50,61,true,260,50,-50,50,50,false,0,0,false
604,48017,50,48,true,260,50,-50,50,50,false,0,0,false
605,48017,50,50,true,260,50,-50,50,50,false,0,0,false
606,48017,50,50,true,260,50,-50,50,50,false,0,0,false
607,48017,50,50,true,260,50,-50,50,50,false,0,0,false
608,48017,50,50,true,260,50,-50,50,50,false,0,0,false
609,48017,50,50,true,260,50,-50,50,50,false,0,0,false
610,48017,50,50,true,260,50,-50,50,50,false,0,0,false
611,48017,50,60,true,260,50,-50,50,50,false,0,0,false
612,48017,50,60,true,260,50,-50,50,50,false,0,0,false
613,48017,50,60,true,260,50,-50,50,50,false,0,0,false
614,48017,50,50,true,260,50,-50,50,50,false,0,0,false
615,48017,50,48,true,260,50,-50,50,50,false,0,0,false
616,48017,50,50,true,260,50,-50,50,50,false,0,0,false
617,48017,50,61,true,260,50,-50,50,50,false,0,0,false
618,48017,50,60,true,260,50,-50,50,50,false,0,0,false
619,48017,50,63,true,260,50,-50,50,50,false,0,0,false
620,48017,50,50,true,260,50,-50,50,50,false,0,0,false
621,48017,50,63,true,260,50,-50,50,50,false,0,0,false
622,48017,50,61,true,260,50,-50,50,50,false,0,0,false
623,48017,50,60,true,260,50,-50,50,50,false,0,0,false
624,48017,50,63,true,260,50,-50,50,50,false,0,0,false
625,48017,50,60,true,260,50,-50,50,50,false,0,0,false
626,48017,50,63,true,260,50,-50,50,50,false,0,0,false
627,48017,50,61,true,260,50,-50,50,50,false,0,0,false
628,48017,50,60,true,260,50,-50,50,50,false,0,0,false
629,48017,50,50,true,260,50,-50,50,50,false,0,0,false
630,48017,50,58,true,260,50,-50,50,50,false,0,0,false
631,48017,50,60,true,260,50,-50,50,50,false,0,0,false
632,48017,50,61,true,260,50,-50,50,50,false,0,0,false
633,48017,50,60,true,260,50,-50,50,50,false,0,0,false
634,48017,50,61,true,260,50,-50,50,50,false,0,0,false
635,48017,50,60,true,260,50,-50,50,50,false,0,0,false
636,48017,50,60,true,260,50,-50,50,50,false,0,0,false
637,48017,50,48,true,260,50,-50,50,50,false,0,0,false
638,48017,50,50,true,260,50,-50,50,50,false,0,0,false
639,48017,50,60,true,260,50,-50,50,50,false,0,0,false
640,48017,50,50,true,260,50,-50,50,50,false,0,0,false
641,48017,50,61,true,260,50,-50,50,50,false,0,0,false
642,48017,50,63,true,260,50,-50,50,50,false,0,0,false
643,48017,50,60,true,260,50,-50,50,50,false,0,0,false
644,48018,50,50,true,260,50,-50,50,50,false,0,0,false
645,48019,50,63,true,260,50,-50,50,50,false,0,0,false
646,48019,50,61,true,260,50,-50,50,50,false,0,0,false
647,48020,50,61,true,260,50,-50,50,50,false,0,0,false
648,48021,50,50,true,260,50,-50,50,50,false,0,0,false
649,48022,50,50,true,260,50,-50,50,50,false,0,0,false
650,48022,50,63,true,260,50,-50,50,50,false,0,0,false
651,48022,50,61,true,260,50,-50,50,50,false,0,0,false
652,48022,50,60,true,260,50,-50,50,50,false,0,0,false
653,48024,50,60,true,260,50,-50,50,50,false,0,0,false
654,48024,50,60,true,260,50,-50,50,50,false,0,0,false
655,48024,50,50,true,260,50,-50,50,50,false,0,0,false
656,48024,50,61,true,260,50,-50,50,50,false,0,0,false
657,48024,50,60,true,260,50,-50,50,50,false,0,0,false
658,48024,50,63,true,260,50,-50,50,50,false,0,0,false
659,48025,50,60,true,260,50,-50,50,50,false,0,0,false
660,48027,50,58,true,260,50,-50,50,50,false,0,0,false
661,48028,50,60,true,260,50,-50,50,50,false,0,0,false
662,48028,50,63,true,260,50,-50,50,50,false,0,0,false
663,48028,50,63,true,260,50,-50,50,50,false,0,0,false
664,48028,50,58,true,260,50,-50,50,50,false,0,0,false
665,48030,50,63,true,260,50,-50,50,50,false,0,0,false
666,48030,50,58,true,260,50,-50,50,50,false,0,0,false
667,48030,50,61,true,260,50,-50,50,50,false,0,0,false
668,48032,50,50,true,260,50,-50,50,50,false,0,0,false
669,48032,50,50,true,260,50,-50,50,50,false,0,0,false
670,48033,50,61,true,260,50,-50,50,50,false,0,0,false
671,48033,50,60,true,260,50,-50,50,50,false,0,0,false
672,48033,50,63,true,260,50,-50,50,50,false,0,0,false
673,48033,50,60,true,260,50,-50,50,50,false,0,0,false
674,48033,50,60,true,260,50,-50,50,50,false,0,0,false
675,48033,50,63,true,260,50,-50,50,50,false,0,0,false
676,48035,50,48,true,260,50,-50,50,50,false,0,0,false
677,48035,50,48,true,260,50,-50,50,50,false,0,0,false
678,48035,50,63,true,260,50,-50,50,50,false,0,0,false
679,48036,50,60,true,260,50,-50,50,50,false,0,0,false
680,48036,50,63,true,260,50,-50,50,50,false,0,0,false
681,48037,50,60,true,260,50,-50,50,50,false,0,0,false
682,48037,50,63,true,260,50,-50,50,50,false,0,0,false
683,48037,50,60,true,260,50,-50,50,50,false,0,0,false
684,48038,50,50,true,260,50,-50,50,50,false,0,0,false
685,48038,50,60,true,260,50,-50,50,50,false,0,0,false
686,48038,50,50,true,260,50,-50,50,50,false,0,0,false
687,48038,50,61,true,260,50,-50,50,50,false,0,0,false
688,48041,50,61,true,260,50,-50,50,50,false,0,0,false
689,48041,50,60,true,260,50,-50,50,50,false,0,0,false
690,48041,50,50,true,260,50,-50,50,50,false,0,0,false
691,48041,50,63,true,260,50,-50,50,50,false,0,0,false
692,48041,50,60,true,260,50,-50,50,50,false,0,0,false
693,48041,50,50,true,260,50,-50,50,50,false,0,0,false
694,48041,50,61,true,260,50,-50,50,50,false,0,0,false
695,48041,50,58,true,260,50,-50,50,50,false,0,0,false
696,48041,50,50,true,260,50,-50,50,50,false,0,0,false
697,48043,50,60,true,260,50,-50,50,50,false,0,0,false
698,48043,50,61,true,260,50,-50,50,50,false,0,0,false
699,48043,50,50,true,260,50,-50,50,50,false,0,0,false
700,48043,50,60,true,260,50,-50,50,50,false,0,0,false
701,48043,50,61,true,260,50,-50,50,50,false,0,0,false
702,48043,50,61,true,260,50,-50,50,50,false,0,0,false
703,48043,50,61,true,260,50,-50,50,50,false,0,0,false
704,48043,50,63,true,260,50,-50,50,50,false,0,0,false
705,48043,50,60,true,260,50,-50,50,50,false,0,0,false
706,48043,50,60,true,260,50,-50,50,50,false,0,0,false
707,48043,50,50,true,260,50,-50,50,50,false,0,0,false
708,48043,50,63,true,260,50,-50,50,50,false,0,0,false
709,48043,50,50,true,260,50,-50,50,50,false,0,0,false
710,48043,50,63,true,260,50,-50,50,50,false,0,0,false
711,48043,50,63,true,260,50,-50,50,50,false,0,0,false
712,48043,50,60,true,260,50,-50,50,50,false,0,0,false
713,48043,50,60,true,260,50,-50,50,50,false,0,0,false
714,48043,50,50,true,260,50,-50,50,50,false,0,0,false
715,48043,50,50,true,260,50,-50,50,50,false,0,0,false
716,48043,50,50,true,260,50,-50,50,50,false,0,0,false
717,48043,50,50,true,260,50,-50,50,50,false,0,0,false
718,48043,50,61,true,260,50,-50,50,50,false,0,0,false
719,48043,50,58,true,260,50,-50,50,50,false,0,0,false
720,48043,50,61,true,260,50,-50,50,50,false,0,0,false
721,48043,50,61,true,260,50,-50,50,50,false,0,0,false
722,48043,50,61,true,260,50,-50,50,50,false,0,0,false
723,48043,50,61,true,260,50,-50,50,50,false,0,0,false
724,48043,50,50,true,260,50,-50,50,50,false,0,0,false
725,48043,50,61,true,260,50,-50,50,50,false,0,0,false
726,48043,50,63,true,260,50,-50,50,50,false,0,0,false
727,48043,50,48,true,260,50,-50,50,50,false,0,0,false
728,48043,50,50,true,260,50,-50,50,50,false,0,0,false
729,48043,50,63,true,260,50,-50,50,50,false,0,0,false
730,48043,50,61,true,260,50,-50,50,50,false,0,0,false
731,48043,50,60,true,260,50,-50,50,50,false,0,0,false
732,48043,50,50,true,260,50,-50,50,50,false,0,0,false
733,48043,50,60,true,260,50,-50,50,50,false,0,0,false
734,48043,50,61,true,260,50,-50,50,50,false,0,0,false
735,48043,50,60,true,260,50,-50,50,50,false,0,0,false
736,48044,50,58,true,260,50,-50,50,50,false,0,0,false
737,48044,50,50,true,260,50,-50,50,50,false,0,0,false
738,48044,50,50,true,260,50,-50,50,50,false,0,0,false
739,48044,50,60,true,260,50,-50,50,50,false,0,0,false
740,48044,50,50,true,260,50,-50,50,50,false,0,0,false
741,48044,50,63,true,260,50,-50,50,50,false,0,0,false
742,48044,50,50,true,260,50,-50,50,50,false,0,0,false
743,48044,50,61,true,260,50,-50,50,50,false,0,0,false
744,48044,50,58,true,260,50,-50,50,50,false,0,0,false
745,48046,50,50,true,260,50,-50,50,50,false,0,0,false
746,48046,50,60,true,260,50,-50,50,50,false,0,0,false
747,48046,50,61,true,260,50,-50,50,50,false,0,0,false
748,48049,50,50,true,260,50,-50,50,50,false,0,0,false
749,48050,50,50,true,260,50,-50,50,50,false,0,0,false
750,48050,50,58,true,260,50,-50,50,50,false,0,0,false
751,48050,50,63,true,260,50,-50,50,50,false,0,0,false
752,48052,50,61,true,260,50,-50,50,50,false,0,0,false
753,48052,50,61,true,260,50,-50,50,50,false,0,0,false
754,48052,50,63,true,260,50,-50,50,50,false,0,0,false
755,48052,50,50,true,260,50,-50,50,50,false,0,0,false
756,48052,50,48,true,260,50,-50,50,50,false,0,0,false
757,48052,50,48,true,260,50,-50,50,50,false,0,0,false
758,48053,50,61,true,260,50,-50,50,50,false,0,0,false
759,48053,50,61,true,260,50,-50,50,50,false,0,0,false
760,48054,50,63,true,260,50,-50,50,50,false,0,0,false
761,48054,50,61,true,260,50,-50,50,50,false,0,0,false
762,53004,50,48,true,260,50,-50,50,50,false,0,0,false
763,53006,50,63,true,260,50,-50,50,50,false,0,0,false
764,53007,50,48,true,260,50,-50,50,50,false,0,0,false
765,53009,50,58,true,260,50,-50,50,50,false,0,0,false
766,53011,50,50,true,260,50,-50,50,50,false,0,0,false
767,53016,50,60,true,260,50,-50,50,50,false,0,0,false
768,53022,50,48,true,260,50,-50,50,50,false,0,0,false
769,49007,50,50,true,260,50,-50,50,50,false,0,0,false
770,49009,50,58,true,260,50,-50,50,50,false,0,0,false
771,49009,50,58,true,260,50,-50,50,50,false,0,0,false
772,49012,50,58,true,260,50,-50,50,50,false,0,0,false
773,49014,50,58,true,260,50,-50,50,50,false,0,0,false
774,49017,50,63,true,260,50,-50,50,50,false,0,0,false
775,49020,50,58,true,260,50,-50,50,50,false,0,0,false
776,49021,50,58,true,260,50,-50,50,50,false,0,0,false
777,46001,50,50,true,260,50,-50,50,50,false,0,0,false
778,46003,50,60,true,260,50,-50,50,50,false,0,0,false
779,46004,50,63,true,260,50,-50,50,50,false,0,0,false
780,46005,50,50,true,260,50,-50,50,50,false,0,0,false
781,46006,50,58,true,260,50,-50,50,50,false,0,0,false
782,46007,50,58,true,260,50,-50,50,50,false,0,0,false
783,46017,50,60,true,260,50,-50,50,50,false,0,0,false
784,46020,50,58,true,260,50,-50,50,50,false,0,0,false
785,46033,50,58,true,260,50,-50,50,50,false,0,0,false
786,45003,50,58,true,260,50,-50,50,50,false,0,0,false
787,45004,50,63,true,260,50,-50,50,50,false,0,0,false
788,50004,50,58,true,260,50,-50,50,50,false,0,0,false
789,50008,50,63,true,260,50,-50,50,50,false,0,0,false
790,50009,50,50,true,260,50,-50,50,50,false,0,0,false
791,50022,50,58,true,260,50,-50,50,50,false,0,0,false
792,50024,50,60,true,260,50,-50,50,50,false,0,0,false
793,50025,50,58,true,260,50,-50,50,50,false,0,0,false
794,50026,50,63,true,260,50,-50,50,50,false,0,0,false
795,50029,50,63,true,260,50,-50,50,50,false,0,0,false
796,50032,50,63,true,260,50,-50,50,50,false,0,0,false
797,50032,50,60,true,260,50,-50,50,50,false,0,0,false
798,50033,50,58,true,260,50,-50,50,50,false,0,0,false
799,50035,50,60,true,260,50,-50,50,50,false,0,0,false
800,50037,50,58,true,260,50,-50,50,50,false,0,0,false
801,50040,50,63,true,260,50,-50,50,50,false,0,0,false
802,100001,50,61,true,260,50,-50,50,50,false,0,0,false
803,100002,50,63,true,260,50,-50,50,50,false,0,0,false
804,100002,50,60,true,260,50,-50,50,50,false,0,0,false
805,100003,50,63,true,260,50,-50,50,50,false,0,0,false
806,100004,50,60,true,260,50,-50,50,50,false,0,0,false
807,100004,50,63,true,260,50,-50,50,50,false,0,0,false
808,100005,50,61,true,260,50,-50,50,50,false,0,0,false
809,100005,50,50,true,260,50,-50,50,50,false,0,0,false
810,100005,50,61,true,260,50,-50,50,50,false,0,0,false
811,100005,50,61,true,260,50,-50,50,50,false,0,0,false
812,100005,50,60,true,260,50,-50,50,50,false,0,0,false
813,100005,50,61,true,260,50,-50,50,50,false,0,0,false
814,100005,50,60,true,260,50,-50,50,50,false,0,0,false
815,100005,50,60,true,260,50,-50,50,50,false,0,0,false
816,100005,50,61,true,260,50,-50,50,50,false,0,0,false
817,100005,50,63,true,260,50,-50,50,50,false,0,0,false
818,100006,50,60,true,260,50,-50,50,50,false,0,0,false
819,100007,50,50,true,260,50,-50,50,50,false,0,0,false
820,47002,50,63,true,260,50,-50,50,50,false,0,0,false
821,47003,50,61,true,260,50,-50,50,50,false,0,0,false
822,47005,50,63,true,260,50,-50,50,50,false,0,0,false
823,47006,50,50,true,260,50,-50,50,50,false,0,0,false
824,47009,50,60,true,260,50,-50,50,50,false,0,0,false
825,47009,50,60,true,260,50,-50,50,50,false,0,0,false
826,47010,50,60,true,260,50,-50,50,50,false,0,0,false
827,47011,50,60,true,260,50,-50,50,50,false,0,0,false
828,47011,50,60,true,260,50,-50,50,50,false,0,0,false
829,47012,50,61,true,260,50,-50,50,50,false,0,0,false
830,47013,50,63,true,260,50,-50,50,50,false,0,0,false
831,47014,50,50,true,260,50,-50,50,50,false,0,0,false
832,47014,50,61,true,260,50,-50,50,50,false,0,0,false
833,47014,50,60,true,260,50,-50,50,50,false,0,0,false
834,47016,50,60,true,260,50,-50,50,50,false,0,0,false
835,47017,50,60,true,260,50,-50,50,50,false,0,0,false
836,47017,50,60,true,260,50,-50,50,50,false,0,0,false
837,47020,50,58,true,260,50,-50,50,50,false,0,0,false
838,47021,50,63,true,260,50,-50,50,50,false,0,0,false
839,47022,50,61,true,260,50,-50,50,50,false,0,0,false
840,47023,50,63,true,260,50,-50,50,50,false,0,0,false
841,52001,50,48,true,260,50,-50,50,50,false,0,0,false
842,52004,50,50,true,260,50,-50,50,50,false,0,0,false
843,52009,50,48,true,260,50,-50,50,50,false,0,0,false
844,52011,50,48,true,260,50,-50,50,50,false,0,0,false
845,52012,50,63,true,260,50,-50,50,50,false,0,0,false
846,52016,50,63,true,260,50,-50,50,50,false,0,0,false
847,52017,50,48,true,260,50,-50,50,50,false,0,0,false
848,52022,50,50,true,260,50,-50,50,50,false,0,0,false
849,52022,50,60,true,260,50,-50,50,50,false,0,0,false
850,52023,50,63,true,260,50,-50,50,50,false,0,0,false
851,52026,50,48,true,260,50,-50,50,50,false,0,0,false
852,52028,50,60,true,260,50,-50,50,50,false,0,0,false
853,52031,50,48,true,260,50,-50,50,50,false,0,0,false
854,52032,50,60,true,260,50,-50,50,50,false,0,0,false
855,52033,50,48,true,260,50,-50,50,50,false,0,0,false
856,52034,50,50,true,260,50,-50,50,50,false,0,0,false
857,52035,50,48,true,260,50,-50,50,50,false,0,0,false
858,52037,50,48,true,260,50,-50,50,50,false,0,0,false
859,51002,51,50,true,260,50,-50,50,50,false,0,0,false
860,51005,51,48,true,260,50,-50,50,50,false,0,0,false
861,51016,51,48,true,260,50,-50,50,50,false,0,0,false
862,51017,51,48,true,260,50,-50,50,50,false,0,0,false
863,51018,51,48,true,260,50,-50,50,50,false,0,0,false
864,51021,51,48,true,260,50,-50,50,50,false,0,0,false
865,51022,51,48,true,260,50,-50,50,50,false,0,0,false
866,51026,51,48,true,260,50,-50,50,50,false,0,0,false
867,51027,51,50,true,260,50,-50,50,50,false,0,0,false
868,51034,51,61,true,260,50,-50,50,50,false,0,0,false
869,48010,51,60,true,260,50,-50,50,50,false,0,0,false
870,48012,51,60,true,260,50,-50,50,50,false,0,0,false
871,48012,51,60,true,260,50,-50,50,50,false,0,0,false
872,48020,51,60,true,260,50,-50,50,50,false,0,0,false
873,48038,51,50,true,260,50,-50,50,50,false,0,0,false
874,48054,51,63,true,260,50,-50,50,50,false,0,0,false
875,53001,51,48,true,260,50,-50,50,50,false,0,0,false
876,53005,51,48,true,260,50,-50,50,50,false,0,0,false
877,53006,51,58,true,260,50,-50,50,50,false,0,0,false
878,53008,51,63,true,260,50,-50,50,50,false,0,0,false
879,53009,51,58,true,260,50,-50,50,50,false,0,0,false
880,53010,51,58,true,260,50,-50,50,50,false,0,0,false
881,53011,51,50,true,260,50,-50,50,50,false,0,0,false
882,53014,51,48,true,260,50,-50,50,50,false,0,0,false
883,53015,51,50,true,260,50,-50,50,50,false,0,0,false
884,53016,51,60,true,260,50,-50,50,50,false,0,0,false
885,53018,51,60,true,260,50,-50,50,50,false,0,0,false
886,53021,51,48,true,260,50,-50,50,50,false,0,0,false
887,53026,51,48,true,260,50,-50,50,50,false,0,0,false
888,49009,51,58,true,260,50,-50,50,50,false,0,0,false
889,49014,51,58,true,260,50,-50,50,50,false,0,0,false
890,46001,51,50,true,260,50,-50,50,50,false,0,0,false
891,50011,51,60,true,260,50,-50,50,50,false,0,0,false
892,50026,51,58,true,260,50,-50,50,50,false,0,0,false
893,50032,51,60,true,260,50,-50,50,50,false,0,0,false
894,50039,51,60,true,260,50,-50,50,50,false,0,0,false
895,47006,51,60,true,260,50,-50,50,50,false,0,0,false
896,52001,51,48,true,260,50,-50,50,50,false,0,0,false
897,52002,51,48,true,260,50,-50,50,50,false,0,0,false
898,52002,51,50,true,260,50,-50,50,50,false,0,0,false
899,52002,51,48,true,260,50,-50,50,50,false,0,0,false
900,52002,51,50,true,260,50,-50,50,50,false,0,0,false
901,52002,51,48,true,260,50,-50,50,50,false,0,0,false
902,52003,51,48,true,260,50,-50,50,50,false,0,0,false
903,52003,51,63,true,260,50,-50,50,50,false,0,0,false
904,52003,51,48,true,260,50,-50,50,50,false,0,0,false
905,52004,51,63,true,260,50,-50,50,50,false,0,0,false
906,52005,51,50,true,260,50,-50,50,50,false,0,0,false
907,52005,51,61,true,260,50,-50,50,50,false,0,0,false
908,52006,51,48,true,260,50,-50,50,50,false,0,0,false
909,52006,51,60,true,260,50,-50,50,50,false,0,0,false
910,52006,51,50,true,260,50,-50,50,50,false,0,0,false
911,52006,51,48,true,260,50,-50,50,50,false,0,0,false
912,52006,51,50,true,260,50,-50,50,50,false,0,0,false
913,52006,51,50,true,260,50,-50,50,50,false,0,0,false
914,52007,51,48,true,260,50,-50,50,50,false,0,0,false
915,52008,51,48,true,260,50,-50,50,50,false,0,0,false
916,52009,51,48,true,260,50,-50,50,50,false,0,0,false
917,52010,51,48,true,260,50,-50,50,50,false,0,0,false
918,52011,51,48,true,260,50,-50,50,50,false,0,0,false
919,52012,51,50,true,260,50,-50,50,50,false,0,0,false
920,52012,51,60,true,260,50,-50,50,50,false,0,0,false
921,52012,51,60,true,260,50,-50,50,50,false,0,0,false
922,52012,51,61,true,260,50,-50,50,50,false,0,0,false
923,52013,51,50,true,260,50,-50,50,50,false,0,0,false
924,52015,51,48,true,260,50,-50,50,50,false,0,0,false
925,52016,51,60,true,260,50,-50,50,50,false,0,0,false
926,52016,51,50,true,260,50,-50,50,50,false,0,0,false
927,52016,51,50,true,260,50,-50,50,50,false,0,0,false
928,52016,51,60,true,260,50,-50,50,50,false,0,0,false
929,52016,51,60,true,260,50,-50,50,50,false,0,0,false
930,52016,51,50,true,260,50,-50,50,50,false,0,0,false
931,52016,51,50,true,260,50,-50,50,50,false,0,0,false
932,52016,51,60,true,260,50,-50,50,50,false,0,0,false
933,52017,51,60,true,260,50,-50,50,50,false,0,0,false
934,52017,51,60,true,260,50,-50,50,50,false,0,0,false
935,52017,51,50,true,260,50,-50,50,50,false,0,0,false
936,52017,51,61,true,260,50,-50,50,50,false,0,0,false
937,52017,51,60,true,260,50,-50,50,50,false,0,0,false
938,52017,51,50,true,260,50,-50,50,50,false,0,0,false
939,52017,51,60,true,260,50,-50,50,50,false,0,0,false
940,52017,51,60,true,260,50,-50,50,50,false,0,0,false
941,52017,51,50,true,260,50,-50,50,50,false,0,0,false
942,52018,51,60,true,260,50,-50,50,50,false,0,0,false
943,52019,51,50,true,260,50,-50,50,50,false,0,0,false
944,52019,51,50,true,260,50,-50,50,50,false,0,0,false
945,52019,51,50,true,260,50,-50,50,50,false,0,0,false
946,52020,51,48,true,260,50,-50,50,50,false,0,0,false
947,52021,51,48,true,260,50,-50,50,50,false,0,0,false
948,52022,51,63,true,260,50,-50,50,50,false,0,0,false
949,52022,51,60,true,260,50,-50,50,50,false,0,0,false
950,52022,51,60,true,260,50,-50,50,50,false,0,0,false
951,52023,51,61,true,260,50,-50,50,50,false,0,0,false
952,52024,51,48,true,260,50,-50,50,50,false,0,0,false
953,52026,51,48,true,260,50,-50,50,50,false,0,0,false
954,52026,51,60,true,260,50,-50,50,50,false,0,0,false
955,52026,51,50,true,260,50,-50,50,50,false,0,0,false
956,52026,51,48,true,260,50,-50,50,50,false,0,0,false
957,52028,51,61,true,260,50,-50,50,50,false,0,0,false
958,52030,51,48,true,260,50,-50,50,50,false,0,0,false
959,52031,51,61,true,260,50,-50,50,50,false,0,0,false
960,52032,51,50,true,260,50,-50,50,50,false,0,0,false
961,52032,51,61,true,260,50,-50,50,50,false,0,0,false
962,52032,51,50,true,260,50,-50,50,50,false,0,0,false
963,52032,51,60,true,260,50,-50,50,50,false,0,0,false
964,52032,51,50,true,260,50,-50,50,50,false,0,0,false
965,52032,51,50,true,260,50,-50,50,50,false,0,0,false
966,52032,51,50,true,260,50,-50,50,50,false,0,0,false
967,52032,51,63,true,260,50,-50,50,50,false,0,0,false
968,52032,51,50,true,260,50,-50,50,50,false,0,0,false
969,52032,51,50,true,260,50,-50,50,50,false,0,0,false
970,52032,51,50,true,260,50,-50,50,50,false,0,0,false
971,52032,51,50,true,260,50,-50,50,50,false,0,0,false
972,52032,51,50,true,260,50,-50,50,50,false,0,0,false
973,52032,51,50,true,260,50,-50,50,50,false,0,0,false
974,52032,51,50,true,260,50,-50,50,50,false,0,0,false
975,52032,51,61,true,260,50,-50,50,50,false,0,0,false
976,52032,51,60,true,260,50,-50,50,50,false,0,0,false
977,52032,51,50,true,260,50,-50,50,50,false,0,0,false
978,52032,51,60,true,260,50,-50,50,50,false,0,0,false
979,52032,51,61,true,260,50,-50,50,50,false,0,0,false
980,52032,51,50,true,260,50,-50,50,50,false,0,0,false
981,52032,51,60,true,260,50,-50,50,50,false,0,0,false
982,52032,51,61,true,260,50,-50,50,50,false,0,0,false
983,52032,51,60,true,260,50,-50,50,50,false,0,0,false
984,52032,51,60,true,260,50,-50,50,50,false,0,0,false
985,52032,51,60,true,260,50,-50,50,50,false,0,0,false
986,52032,51,63,true,260,50,-50,50,50,false,0,0,false
987,52032,51,60,true,260,50,-50,50,50,false,0,0,false
988,52032,51,50,true,260,50,-50,50,50,false,0,0,false
989,52032,51,60,true,260,50,-50,50,50,false,0,0,false
990,52032,51,50,true,260,50,-50,50,50,false,0,0,false
991,52032,51,60,true,260,50,-50,50,50,false,0,0,false
992,52032,51,60,true,260,50,-50,50,50,false,0,0,false
993,52032,51,61,true,260,50,-50,50,50,false,0,0,false
994,52032,51,60,true,260,50,-50,50,50,false,0,0,false
995,52033,51,48,true,260,50,-50,50,50,false,0,0,false
996,52033,51,48,true,260,50,-50,50,50,false,0,0,false
997,52034,51,50,true,260,50,-50,50,50,false,0,0,false
998,52034,51,61,true,260,50,-50,50,50,false,0,0,false
999,52034,51,60,true,260,50,-50,50,50,false,0,0,false
1000,52034,51,50,true,260,50,-50,50,50,false,0,0,false
1001,52034,51,60,true,260,50,-50,50,50,false,0,0,false
1002,52034,51,50,true,260,50,-50,50,50,false,0,0,false
1003,52034,51,61,true,260,50,-50,50,50,false,0,0,false
1004,52034,51,61,true,260,50,-50,50,50,false,0,0,false
1005,52034,51,61,true,260,50,-50,50,50,false,0,0,false
1006,52034,51,60,true,260,50,-50,50,50,false,0,0,false
1007,52034,51,60,true,260,50,-50,50,50,false,0,0,false
1008,52035,51,48,true,260,50,-50,50,50,false,0,0,false
1009,52036,51,48,true,260,50,-50,50,50,false,0,0,false
1010,52037,51,48,true,260,50,-50,50,50,false,0,0,false
1011,52037,51,50,true,260,50,-50,50,50,false,0,0,false
1012,51002,52,48,true,260,50,-50,50,50,false,0,0,false
1013,51011,52,48,true,260,50,-50,50,50,false,0,0,false
1014,51012,52,48,true,260,50,-50,50,50,false,0,0,false
1015,51017,52,48,true,260,50,-50,50,50,false,0,0,false
1016,51017,52,48,true,260,50,-50,50,50,false,0,0,false
1017,51018,52,60,true,260,50,-50,50,50,false,0,0,false
1018,51018,52,48,true,260,50,-50,50,50,false,0,0,false
1019,51021,52,48,true,260,50,-50,50,50,false,0,0,false
1020,51025,52,48,true,260,50,-50,50,50,false,0,0,false
1021,53001,52,48,true,260,50,-50,50,50,false,0,0,false
1022,53004,52,48,true,260,50,-50,50,50,false,0,0,false
1023,53007,52,61,true,260,50,-50,50,50,false,0,0,false
1024,53011,52,61,true,260,50,-50,50,50,false,0,0,false
1025,53014,52,48,true,260,50,-50,50,50,false,0,0,false
1026,53019,52,48,true,260,50,-50,50,50,false,0,0,false
1027,53022,52,48,true,260,50,-50,50,50,false,0,0,false
1028,53025,52,48,true,260,50,-50,50,50,false,0,0,false
1029,52001,52,48,true,260,50,-50,50,50,false,0,0,false
1030,52001,52,48,true,260,50,-50,50,50,false,0,0,false
1031,52001,52,48,true,260,50,-50,50,50,false,0,0,false
1032,52002,52,50,true,260,50,-50,50,50,false,0,0,false
1033,52007,52,48,true,260,50,-50,50,50,false,0,0,false
1034,52008,52,48,true,260,50,-50,50,50,false,0,0,false
1035,52009,52,48,true,260,50,-50,50,50,false,0,0,false
1036,52009,52,48,true,260,50,-50,50,50,false,0,0,false
1037,52009,52,48,true,260,50,-50,50,50,false,0,0,false
1038,52009,52,50,true,260,50,-50,50,50,false,0,0,false
1039,52011,52,48,true,260,50,-50,50,50,false,0,0,false
1040,52011,52,48,true,260,50,-50,50,50,false,0,0,false
1041,52011,52,61,true,260,50,-50,50,50,false,0,0,false
1042,52011,52,48,true,260,50,-50,50,50,false,0,0,false
1043,52011,52,48,true,260,50,-50,50,50,false,0,0,false
1044,52011,52,48,true,260,50,-50,50,50,false,0,0,false
1045,52012,52,61,true,260,50,-50,50,50,false,0,0,false
1046,52015,52,48,true,260,50,-50,50,50,false,0,0,false
1047,52015,52,48,true,260,50,-50,50,50,false,0,0,false
1048,52015,52,48,true,260,50,-50,50,50,false,0,0,false
1049,52015,52,48,true,260,50,-50,50,50,false,0,0,false
1050,52015,52,48,true,260,50,-50,50,50,false,0,0,false
1051,52015,52,48,true,260,50,-50,50,50,false,0,0,false
1052,52015,52,48,true,260,50,-50,50,50,false,0,0,false
1053,52015,52,48,true,260,50,-50,50,50,false,0,0,false
1054,52017,52,60,true,260,50,-50,50,50,false,0,0,false
1055,52020,52,48,true,260,50,-50,50,50,false,0,0,false
1056,52020,52,48,true,260,50,-50,50,50,false,0,0,false
1057,52020,52,48,true,260,50,-50,50,50,false,0,0,false
1058,52021,52,48,true,260,50,-50,50,50,false,0,0,false
1059,52021,52,48,true,260,50,-50,50,50,false,0,0,false
1060,52022,52,63,true,260,50,-50,50,50,false,0,0,false
1061,52024,52,48,true,260,50,-50,50,50,false,0,0,false
1062,52026,52,61,true,260,50,-50,50,50,false,0,0,false
1063,52027,52,48,true,260,50,-50,50,50,false,0,0,false
1064,52030,52,48,true,260,50,-50,50,50,false,0,0,false
1065,52030,52,50,true,260,50,-50,50,50,false,0,0,false
1066,52031,52,48,true,260,50,-50,50,50,false,0,0,false
1067,52031,52,48,true,260,50,-50,50,50,false,0,0,false
1068,52033,52,48,true,260,50,-50,50,50,false,0,0,false
1069,52033,52,50,true,260,50,-50,50,50,false,0,0,false
1070,52033,52,48,true,260,50,-50,50,50,false,0,0,false
1071,52033,52,48,true,260,50,-50,50,50,false,0,0,false
1072,52033,52,63,true,260,50,-50,50,50,false,0,0,false
1073,52033,52,48,true,260,50,-50,50,50,false,0,0,false
1074,52033,52,61,true,260,50,-50,50,50,false,0,0,false
1075,52035,52,48,true,260,50,-50,50,50,false,0,0,false
1076,52035,52,48,true,260,50,-50,50,50,false,0,0,false
1077,52036,52,48,true,260,50,-50,50,50,false,0,0,false
1078,52037,52,48,true,260,50,-50,50,50,false,0,0,false
1079,51002,53,61,true,260,50,-50,50,50,false,0,0,false
1080,48017,53,50,true,260,50,-50,50,50,false,0,0,false
1081,48022,53,48,true,260,50,-50,50,50,false,0,0,false
1082,53001,53,48,true,260,50,-50,50,50,false,0,0,false
1083,53001,53,48,true,260,50,-50,50,50,false,0,0,false
1084,53001,53,48,true,260,50,-50,50,50,false,0,0,false
1085,53002,53,48,true,260,50,-50,50,50,false,0,0,false
1086,53003,53,60,true,260,50,-50,50,50,false,0,0,false
1087,53004,53,48,true,260,50,-50,50,50,false,0,0,false
1088,53004,53,48,true,260,50,-50,50,50,false,0,0,false
1089,53005,53,48,true,260,50,-50,50,50,false,0,0,false
1090,53006,53,58,true,260,50,-50,50,50,false,0,0,false
1091,53006,53,58,true,260,50,-50,50,50,false,0,0,false
1092,53006,53,58,true,260,50,-50,50,50,false,0,0,false
1093,53006,53,58,true,260,50,-50,50,50,false,0,0,false
1094,53007,53,50,true,260,50,-50,50,50,false,0,0,false
1095,53007,53,60,true,260,50,-50,50,50,false,0,0,false
1096,53008,53,50,true,260,50,-50,50,50,false,0,0,false
1097,53008,53,60,true,260,50,-50,50,50,false,0,0,false
1098,53009,53,58,true,260,50,-50,50,50,false,0,0,false
1099,53009,53,58,true,260,50,-50,50,50,false,0,0,false
1100,53009,53,58,true,260,50,-50,50,50,false,0,0,false
1101,53009,53,58,true,260,50,-50,50,50,false,0,0,false
1102,53009,53,58,true,260,50,-50,50,50,false,0,0,false
1103,53009,53,58,true,260,50,-50,50,50,false,0,0,false
1104,53009,53,58,true,260,50,-50,50,50,false,0,0,false
1105,53009,53,58,true,260,50,-50,50,50,false,0,0,false
1106,53009,53,58,true,260,50,-50,50,50,false,0,0,false
1107,53009,53,58,true,260,50,-50,50,50,false,0,0,false
1108,53009,53,58,true,260,50,-50,50,50,false,0,0,false
1109,53010,53,58,true,260,50,-50,50,50,false,0,0,false
1110,53010,53,58,true,260,50,-50,50,50,false,0,0,false
1111,53010,53,58,true,260,50,-50,50,50,false,0,0,false
1112,53010,53,58,true,260,50,-50,50,50,false,0,0,false
1113,53010,53,58,true,260,50,-50,50,50,false,0,0,false
1114,53010,53,58,true,260,50,-50,50,50,false,0,0,false
1115,53011,53,58,true,260,50,-50,50,50,false,0,0,false
1116,53011,53,50,true,260,50,-50,50,50,false,0,0,false
1117,53011,53,60,true,260,50,-50,50,50,false,0,0,false
1118,53011,53,63,true,260,50,-50,50,50,false,0,0,false
1119,53011,53,61,true,260,50,-50,50,50,false,0,0,false
1120,53011,53,60,true,260,50,-50,50,50,false,0,0,false
1121,53011,53,60,true,260,50,-50,50,50,false,0,0,false
1122,53011,53,60,true,260,50,-50,50,50,false,0,0,false
1123,53011,53,60,true,260,50,-50,50,50,false,0,0,false
1124,53011,53,50,true,260,50,-50,50,50,false,0,0,false
1125,53011,53,60,true,260,50,-50,50,50,false,0,0,false
1126,53011,53,58,true,260,50,-50,50,50,false,0,0,false
1127,53011,53,60,true,260,50,-50,50,50,false,0,0,false
1128,53011,53,60,true,260,50,-50,50,50,false,0,0,false
1129,53011,53,60,true,260,50,-50,50,50,false,0,0,false
1130,53011,53,60,true,260,50,-50,50,50,false,0,0,false
1131,53011,53,60,true,260,50,-50,50,50,false,0,0,false
1132,53011,53,60,true,260,50,-50,50,50,false,0,0,false
1133,53011,53,58,true,260,50,-50,50,50,false,0,0,false
1134,53011,53,50,true,260,50,-50,50,50,false,0,0,false
1135,53011,53,50,true,260,50,-50,50,50,false,0,0,false
1136,53011,53,50,true,260,50,-50,50,50,false,0,0,false
1137,53011,53,61,true,260,50,-50,50,50,false,0,0,false
1138,53011,53,58,true,260,50,-50,50,50,false,0,0,false
1139,53011,53,61,true,260,50,-50,50,50,false,0,0,false
1140,53011,53,50,true,260,50,-50,50,50,false,0,0,false
1141,53011,53,60,true,260,50,-50,50,50,false,0,0,false
1142,53011,53,50,true,260,50,-50,50,50,false,0,0,false
1143,53011,53,61,true,260,50,-50,50,50,false,0,0,false
1144,53011,53,60,true,260,50,-50,50,50,false,0,0,false
1145,53011,53,50,true,260,50,-50,50,50,false,0,0,false
1146,53011,53,50,true,260,50,-50,50,50,false,0,0,false
1147,53011,53,48,true,260,50,-50,50,50,false,0,0,false
1148,53011,53,50,true,260,50,-50,50,50,false,0,0,false
1149,53011,53,50,true,260,50,-50,50,50,false,0,0,false
1150,53011,53,60,true,260,50,-50,50,50,false,0,0,false
1151,53011,53,50,true,260,50,-50,50,50,false,0,0,false
1152,53011,53,61,true,260,50,-50,50,50,false,0,0,false
1153,53011,53,58,true,260,50,-50,50,50,false,0,0,false
1154,53011,53,50,true,260,50,-50,50,50,false,0,0,false
1155,53011,53,50,true,260,50,-50,50,50,false,0,0,false
1156,53011,53,48,true,260,50,-50,50,50,false,0,0,false
1157,53011,53,58,true,260,50,-50,50,50,false,0,0,false
1158,53011,53,60,true,260,50,-50,50,50,false,0,0,false
1159,53011,53,60,true,260,50,-50,50,50,false,0,0,false
1160,53011,53,58,true,260,50,-50,50,50,false,0,0,false
1161,53011,53,50,true,260,50,-50,50,50,false,0,0,false
1162,53011,53,50,true,260,50,-50,50,50,false,0,0,false
1163,53011,53,58,true,260,50,-50,50,50,false,0,0,false
1164,53011,53,60,true,260,50,-50,50,50,false,0,0,false
1165,53011,53,58,true,260,50,-50,50,50,false,0,0,false
1166,53011,53,60,true,260,50,-50,50,50,false,0,0,false
1167,53011,53,63,true,260,50,-50,50,50,false,0,0,false
1168,53011,53,60,true,260,50,-50,50,50,false,0,0,false
1169,53011,53,60,true,260,50,-50,50,50,false,0,0,false
1170,53011,53,60,true,260,50,-50,50,50,false,0,0,false
1171,53011,53,60,true,260,50,-50,50,50,false,0,0,false
1172,53012,53,50,true,260,50,-50,50,50,false,0,0,false
1173,53013,53,60,true,260,50,-50,50,50,false,0,0,false
1174,53013,53,50,true,260,50,-50,50,50,false,0,0,false
1175,53014,53,48,true,260,50,-50,50,50,false,0,0,false
1176,53014,53,48,true,260,50,-50,50,50,false,0,0,false
1177,53014,53,48,true,260,50,-50,50,50,false,0,0,false
1178,53014,53,48,true,260,50,-50,50,50,false,0,0,false
1179,53015,53,58,true,260,50,-50,50,50,false,0,0,false
1180,53015,53,50,true,260,50,-50,50,50,false,0,0,false
1181,53015,53,58,true,260,50,-50,50,50,false,0,0,false
1182,53015,53,58,true,260,50,-50,50,50,false,0,0,false
1183,53015,53,58,true,260,50,-50,50,50,false,0,0,false
1184,53016,53,58,true,260,50,-50,50,50,false,0,0,false
1185,53016,53,48,true,260,50,-50,50,50,false,0,0,false
1186,53016,53,50,true,260,50,-50,50,50,false,0,0,false
1187,53016,53,60,true,260,50,-50,50,50,false,0,0,false
1188,53016,53,60,true,260,50,-50,50,50,false,0,0,false
1189,53016,53,60,true,260,50,-50,50,50,false,0,0,false
1190,53016,53,48,true,260,50,-50,50,50,false,0,0,false
1191,53016,53,58,true,260,50,-50,50,50,false,0,0,false
1192,53017,53,60,true,260,50,-50,50,50,false,0,0,false
1193,53018,53,60,true,260,50,-50,50,50,false,0,0,false
1194,53018,53,60,true,260,50,-50,50,50,false,0,0,false
1195,53018,53,50,true,260,50,-50,50,50,false,0,0,false
1196,53018,53,60,true,260,50,-50,50,50,false,0,0,false
1197,53018,53,58,true,260,50,-50,50,50,false,0,0,false
1198,53018,53,60,true,260,50,-50,50,50,false,0,0,false
1199,53018,53,50,true,260,50,-50,50,50,false,0,0,false
1200,53018,53,58,true,260,50,-50,50,50,false,0,0,false
1201,53018,53,60,true,260,50,-50,50,50,false,0,0,false
1202,53018,53,60,true,260,50,-50,50,50,false,0,0,false
1203,53019,53,48,true,260,50,-50,50,50,false,0,0,false
1204,53019,53,48,true,260,50,-50,50,50,false,0,0,false
1205,53020,53,48,true,260,50,-50,50,50,false,0,0,false
1206,53021,53,61,true,260,50,-50,50,50,false,0,0,false
1207,53021,53,60,true,260,50,-50,50,50,false,0,0,false
1208,53021,53,60,true,260,50,-50,50,50,false,0,0,false
1209,53021,53,50,true,260,50,-50,50,50,false,0,0,false
1210,53021,53,50,true,260,50,-50,50,50,false,0,0,false
1211,53021,53,50,true,260,50,-50,50,50,false,0,0,false
1212,53022,53,50,true,260,50,-50,50,50,false,0,0,false
1213,53023,53,48,true,260,50,-50,50,50,false,0,0,false
1214,53023,53,50,true,260,50,-50,50,50,false,0,0,false
1215,53024,53,58,true,260,50,-50,50,50,false,0,0,false
1216,53024,53,58,true,260,50,-50,50,50,false,0,0,false
1217,53026,53,48,true,260,50,-50,50,50,false,0,0,false
1218,53027,53,50,true,260,50,-50,50,50,false,0,0,false
1219,53028,53,48,true,260,50,-50,50,50,false,0,0,false
1220,49002,53,58,true,260,50,-50,50,50,false,0,0,false
1221,49002,53,58,true,260,50,-50,50,50,false,0,0,false
1222,49007,53,61,true,260,50,-50,50,50,false,0,0,false
1223,49009,53,63,true,260,50,-50,50,50,false,0,0,false
1224,49012,53,58,true,260,50,-50,50,50,false,0,0,false
1225,49012,53,58,true,260,50,-50,50,50,false,0,0,false
1226,49012,53,58,true,260,50,-50,50,50,false,0,0,false
1227,49012,53,58,true,260,50,-50,50,50,false,0,0,false
1228,49012,53,58,true,260,50,-50,50,50,false,0,0,false
1229,49014,53,58,true,260,50,-50,50,50,false,0,0,false
1230,49018,53,63,true,260,50,-50,50,50,false,0,0,false
1231,49020,53,58,true,260,50,-50,50,50,false,0,0,false
1232,50011,53,60,true,260,50,-50,50,50,false,0,0,false
1233,50027,53,58,true,260,50,-50,50,50,false,0,0,false
1234,47011,53,50,true,260,50,-50,50,50,false,0,0,false
1235,52001,53,48,true,260,50,-50,50,50,false,0,0,false
1236,52017,53,48,true,260,50,-50,50,50,false,0,0,false
1237,52020,53,48,true,260,50,-50,50,50,false,0,0,false
1238,52023,53,48,true,260,50,-50,50,50,false,0,0,false
1239,52030,53,48,true,260,50,-50,50,50,false,0,0,false
1240,52032,53,50,true,260,50,-50,50,50,false,0,0,false
1241,52037,53,61,true,260,50,-50,50,50,false,0,0,false
1242,51002,54,48,true,260,50,-50,50,50,false,0,0,false
1243,48001,54,60,true,260,50,-50,50,50,false,0,0,false
1244,48002,54,50,true,260,50,-50,50,50,false,0,0,false
1245,48002,54,50,true,260,50,-50,50,50,false,0,0,false
1246,48002,54,61,true,260,50,-50,50,50,false,0,0,false
1247,48002,54,60,true,260,50,-50,50,50,false,0,0,false
1248,48002,54,60,true,260,50,-50,50,50,false,0,0,false
1249,48002,54,63,true,260,50,-50,50,50,false,0,0,false
1250,48002,54,50,true,260,50,-50,50,50,false,0,0,false
1251,48002,54,61,true,260,50,-50,50,50,false,0,0,false
1252,48004,54,50,true,260,50,-50,50,50,false,0,0,false
1253,48004,54,61,true,260,50,-50,50,50,false,0,0,false
1254,48004,54,63,true,260,50,-50,50,50,false,0,0,false
1255,48004,54,61,true,260,50,-50,50,50,false,0,0,false
1256,48004,54,60,true,260,50,-50,50,50,false,0,0,false
1257,48004,54,61,true,260,50,-50,50,50,false,0,0,false
1258,48004,54,50,true,260,50,-50,50,50,false,0,0,false
1259,48004,54,61,true,260,50,-50,50,50,false,0,0,false
1260,48004,54,63,true,260,50,-50,50,50,false,0,0,false
1261,48004,54,60,true,260,50,-50,50,50,false,0,0,false
1262,48004,54,63,true,260,50,-50,50,50,false,0,0,false
1263,48004,54,60,true,260,50,-50,50,50,false,0,0,false
1264,48004,54,61,true,260,50,-50,50,50,false,0,0,false
1265,48005,54,50,true,260,50,-50,50,50,false,0,0,false
1266,48013,54,60,true,260,50,-50,50,50,false,0,0,false
1267,48013,54,61,true,260,50,-50,50,50,false,0,0,false
1268,48013,54,61,true,260,50,-50,50,50,false,0,0,false
1269,48015,54,61,true,260,50,-50,50,50,false,0,0,false
1270,48017,54,63,true,260,50,-50,50,50,false,0,0,false
1271,48018,54,50,true,260,50,-50,50,50,false,0,0,false
1272,48018,54,61,true,260,50,-50,50,50,false,0,0,false
1273,48025,54,60,true,260,50,-50,50,50,false,0,0,false
1274,48026,54,50,true,260,50,-50,50,50,false,0,0,false
1275,48031,54,50,true,260,50,-50,50,50,false,0,0,false
1276,48032,54,48,true,260,50,-50,50,50,false,0,0,false
1277,48033,54,48,true,260,50,-50,50,50,false,0,0,false
1278,48035,54,61,true,260,50,-50,50,50,false,0,0,false
1279,48037,54,60,true,260,50,-50,50,50,false,0,0,false
1280,48039,54,50,true,260,50,-50,50,50,false,0,0,false
1281,48041,54,61,true,260,50,-50,50,50,false,0,0,false
1282,48046,54,50,true,260,50,-50,50,50,false,0,0,false
1283,48049,54,63,true,260,50,-50,50,50,false,0,0,false
1284,48049,54,61,true,260,50,-50,50,50,false,0,0,false
1285,48049,54,63,true,260,50,-50,50,50,false,0,0,false
1286,48049,54,60,true,260,50,-50,50,50,false,0,0,false
1287,48049,54,60,true,260,50,-50,50,50,false,0,0,false
1288,48053,54,50,true,260,50,-50,50,50,false,0,0,false
1289,48053,54,60,true,260,50,-50,50,50,false,0,0,false
1290,48053,54,61,true,260,50,-50,50,50,false,0,0,false
1291,48053,54,60,true,260,50,-50,50,50,false,0,0,false
1292,48053,54,63,true,260,50,-50,50,50,false,0,0,false
1293,48053,54,50,true,260,50,-50,50,50,false,0,0,false
1294,48053,54,63,true,260,50,-50,50,50,false,0,0,false
1295,48053,54,60,true,260,50,-50,50,50,false,0,0,false
1296,53011,54,50,true,260,50,-50,50,50,false,0,0,false
1297,100005,54,61,true,260,50,-50,50,50,false,0,0,false
1298,47011,54,61,true,260,50,-50,50,50,false,0,0,false
1299,52009,54,48,true,260,50,-50,50,50,false,0,0,false
1300,51002,55,48,true,260,50,-50,50,50,false,0,0,false
1301,51015,55,48,true,260,50,-50,50,50,false,0,0,false
1302,51018,55,48,true,260,50,-50,50,50,false,0,0,false
1303,48006,55,63,true,260,50,-50,50,50,false,0,0,false
1304,48010,55,61,true,260,50,-50,50,50,false,0,0,false
1305,48010,55,50,true,260,50,-50,50,50,false,0,0,false
1306,48010,55,60,true,260,50,-50,50,50,false,0,0,false
1307,48011,55,63,true,260,50,-50,50,50,false,0,0,false
1308,48012,55,60,true,260,50,-50,50,50,false,0,0,false
1309,48012,55,58,true,260,50,-50,50,50,false,0,0,false
1310,48012,55,60,true,260,50,-50,50,50,false,0,0,false
1311,48012,55,60,true,260,50,-50,50,50,false,0,0,false
1312,48012,55,50,true,260,50,-50,50,50,false,0,0,false
1313,48012,55,61,true,260,50,-50,50,50,false,0,0,false
1314,48012,55,50,true,260,50,-50,50,50,false,0,0,false
1315,48012,55,60,true,260,50,-50,50,50,false,0,0,false
1316,48014,55,63,true,260,50,-50,50,50,false,0,0,false
1317,48017,55,61,true,260,50,-50,50,50,false,0,0,false
1318,48019,55,60,true,260,50,-50,50,50,false,0,0,false
1319,48020,55,61,true,260,50,-50,50,50,false,0,0,false
1320,48020,55,50,true,260,50,-50,50,50,false,0,0,false
1321,48021,55,61,true,260,50,-50,50,50,false,0,0,false
1322,48024,55,50,true,260,50,-50,50,50,false,0,0,false
1323,48025,55,60,true,260,50,-50,50,50,false,0,0,false
1324,48027,55,50,true,260,50,-50,50,50,false,0,0,false
1325,48027,55,60,true,260,50,-50,50,50,false,0,0,false
1326,48028,55,50,true,260,50,-50,50,50,false,0,0,false
1327,48030,55,60,true,260,50,-50,50,50,false,0,0,false
1328,48030,55,50,true,260,50,-50,50,50,false,0,0,false
1329,48038,55,61,true,260,50,-50,50,50,false,0,0,false
1330,48050,55,63,true,260,50,-50,50,50,false,0,0,false
1331,48054,55,50,true,260,50,-50,50,50,false,0,0,false
1332,48054,55,50,true,260,50,-50,50,50,false,0,0,false
1333,48054,55,61,true,260,50,-50,50,50,false,0,0,false
1334,48054,55,48,true,260,50,-50,50,50,false,0,0,false
1335,53006,55,50,true,260,50,-50,50,50,false,0,0,false
1336,53008,55,50,true,260,50,-50,50,50,false,0,0,false
1337,53011,55,61,true,260,50,-50,50,50,false,0,0,false
1338,53017,55,61,true,260,50,-50,50,50,false,0,0,false
1339,53018,55,50,true,260,50,-50,50,50,false,0,0,false
1340,53023,55,50,true,260,50,-50,50,50,false,0,0,false
1341,49009,55,58,true,260,50,-50,50,50,false,0,0,false
1342,49012,55,58,true,260,50,-50,50,50,false,0,0,false
1343,50004,55,63,true,260,50,-50,50,50,false,0,0,false
1344,50019,55,63,true,260,50,-50,50,50,false,0,0,false
1345,50022,55,58,true,260,50,-50,50,50,false,0,0,false
1346,50026,55,58,true,260,50,-50,50,50,false,0,0,false
1347,50027,55,63,true,260,50,-50,50,50,false,0,0,false
1348,50032,55,63,true,260,50,-50,50,50,false,0,0,false
1349,50032,55,60,true,260,50,-50,50,50,false,0,0,false
1350,50032,55,50,true,260,50,-50,50,50,false,0,0,false
1351,50033,55,61,true,260,50,-50,50,50,false,0,0,false
1352,50039,55,60,true,260,50,-50,50,50,false,0,0,false
1353,47005,55,50,true,260,50,-50,50,50,false,0,0,false
1354,47012,55,61,true,260,50,-50,50,50,false,0,0,false
1355,52002,55,48,true,260,50,-50,50,50,false,0,0,false
1356,52004,55,63,true,260,50,-50,50,50,false,0,0,false
1357,52004,55,60,true,260,50,-50,50,50,false,0,0,false
1358,52005,55,61,true,260,50,-50,50,50,false,0,0,false
1359,52006,55,60,true,260,50,-50,50,50,false,0,0,false
1360,52010,55,50,true,260,50,-50,50,50,false,0,0,false
1361,52012,55,61,true,260,50,-50,50,50,false,0,0,false
1362,52012,55,61,true,260,50,-50,50,50,false,0,0,false
1363,52012,55,50,true,260,50,-50,50,50,false,0,0,false
1364,52012,55,63,true,260,50,-50,50,50,false,0,0,false
1365,52012,55,60,true,260,50,-50,50,50,false,0,0,false
1366,52012,55,61,true,260,50,-50,50,50,false,0,0,false
1367,52012,55,63,true,260,50,-50,50,50,false,0,0,false
1368,52012,55,60,true,260,50,-50,50,50,false,0,0,false
1369,52012,55,60,true,260,50,-50,50,50,false,0,0,false
1370,52012,55,50,true,260,50,-50,50,50,false,0,0,false
1371,52012,55,63,true,260,50,-50,50,50,false,0,0,false
1372,52012,55,60,true,260,50,-50,50,50,false,0,0,false
1373,52012,55,63,true,260,50,-50,50,50,false,0,0,false
1374,52012,55,61,true,260,50,-50,50,50,false,0,0,false
1375,52012,55,60,true,260,50,-50,50,50,false,0,0,false
1376,52012,55,60,true,260,50,-50,50,50,false,0,0,false
1377,52012,55,63,true,260,50,-50,50,50,false,0,0,false
1378,52013,55,48,true,260,50,-50,50,50,false,0,0,false
1379,52016,55,61,true,260,50,-50,50,50,false,0,0,false
1380,52016,55,50,true,260,50,-50,50,50,false,0,0,false
1381,52017,55,60,true,260,50,-50,50,50,false,0,0,false
1382,52018,55,60,true,260,50,-50,50,50,false,0,0,false
1383,52019,55,48,true,260,50,-50,50,50,false,0,0,false
1384,52022,55,50,true,260,50,-50,50,50,false,0,0,false
1385,52022,55,60,true,260,50,-50,50,50,false,0,0,false
1386,52022,55,50,true,260,50,-50,50,50,false,0,0,false
1387,52022,55,61,true,260,50,-50,50,50,false,0,0,false
1388,52022,55,50,true,260,50,-50,50,50,false,0,0,false
1389,52022,55,61,true,260,50,-50,50,50,false,0,0,false
1390,52022,55,63,true,260,50,-50,50,50,false,0,0,false
1391,52022,55,50,true,260,50,-50,50,50,false,0,0,false
1392,52022,55,48,true,260,50,-50,50,50,false,0,0,false
1393,52022,55,61,true,260,50,-50,50,50,false,0,0,false
1394,52022,55,61,true,260,50,-50,50,50,false,0,0,false
1395,52022,55,50,true,260,50,-50,50,50,false,0,0,false
1396,52022,55,50,true,260,50,-50,50,50,false,0,0,false
1397,52022,55,50,true,260,50,-50,50,50,false,0,0,false
1398,52022,55,60,true,260,50,-50,50,50,false,0,0,false
1399,52022,55,50,true,260,50,-50,50,50,false,0,0,false
1400,52022,55,50,true,260,50,-50,50,50,false,0,0,false
1401,52022,55,50,true,260,50,-50,50,50,false,0,0,false
1402,52022,55,61,true,260,50,-50,50,50,false,0,0,false
1403,52022,55,63,true,260,50,-50,50,50,false,0,0,false
1404,52023,55,48,true,260,50,-50,50,50,false,0,0,false
1405,52025,55,60,true,260,50,-50,50,50,false,0,0,false
1406,52028,55,50,true,260,50,-50,50,50,false,0,0,false
1407,52028,55,50,true,260,50,-50,50,50,false,0,0,false
1408,52028,55,50,true,260,50,-50,50,50,false,0,0,false
1409,52028,55,63,true,260,50,-50,50,50,false,0,0,false
1410,52028,55,61,true,260,50,-50,50,50,false,0,0,false
1411,52032,55,50,true,260,50,-50,50,50,false,0,0,false
1412,52032,55,60,true,260,50,-50,50,50,false,0,0,false
1413,52033,55,48,true,260,50,-50,50,50,false,0,0,false
1414,52034,55,61,true,260,50,-50,50,50,false,0,0,false
1415,51002,56,48,true,260,50,-50,50,50,false,0,0,false
1416,51004,56,48,true,260,50,-50,50,50,false,0,0,false
1417,51013,56,48,true,260,50,-50,50,50,false,0,0,false
1418,51022,56,48,true,260,50,-50,50,50,false,0,0,false
1419,48006,56,61,true,260,50,-50,50,50,false,0,0,false
1420,48014,56,60,true,260,50,-50,50,50,false,0,0,false
1421,48017,56,60,true,260,50,-50,50,50,false,0,0,false
1422,48018,56,61,true,260,50,-50,50,50,false,0,0,false
1423,48019,56,63,true,260,50,-50,50,50,false,0,0,false
1424,48021,56,63,true,260,50,-50,50,50,false,0,0,false
1425,53009,56,58,true,260,50,-50,50,50,false,0,0,false
1426,49004,56,58,true,260,50,-50,50,50,false,0,0,false
1427,49007,56,60,true,260,50,-50,50,50,false,0,0,false
1428,49009,56,58,true,260,50,-50,50,50,false,0,0,false
1429,49014,56,58,true,260,50,-50,50,50,false,0,0,false
1430,49017,56,58,true,260,50,-50,50,50,false,0,0,false
1431,46001,56,58,true,260,50,-50,50,50,false,0,0,false
1432,46005,56,61,true,260,50,-50,50,50,false,0,0,false
1433,46005,56,58,true,260,50,-50,50,50,false,0,0,false
1434,46007,56,58,true,260,50,-50,50,50,false,0,0,false
1435,46009,56,58,true,260,50,-50,50,50,false,0,0,false
1436,46011,56,63,true,260,50,-50,50,50,false,0,0,false
1437,46013,56,58,true,260,50,-50,50,50,false,0,0,false
1438,46015,56,63,true,260,50,-50,50,50,false,0,0,false
1439,46017,56,61,true,260,50,-50,50,50,false,0,0,false
1440,46018,56,63,true,260,50,-50,50,50,false,0,0,false
1441,46022,56,58,true,260,50,-50,50,50,false,0,0,false
1442,46023,56,58,true,260,50,-50,50,50,false,0,0,false
1443,46024,56,63,true,260,50,-50,50,50,false,0,0,false
1444,46028,56,58,true,260,50,-50,50,50,false,0,0,false
1445,46030,56,58,true,260,50,-50,50,50,false,0,0,false
1446,46033,56,58,true,260,50,-50,50,50,false,0,0,false
1447,45001,56,58,true,260,50,-50,50,50,false,0,0,false
1448,45001,56,58,true,260,50,-50,50,50,false,0,0,false
1449,45001,56,58,true,260,50,-50,50,50,false,0,0,false
1450,45001,56,58,true,260,50,-50,50,50,false,0,0,false
1451,45001,56,58,true,260,50,-50,50,50,false,0,0,false
1452,45001,56,61,true,260,50,-50,50,50,false,0,0,false
1453,45001,56,61,true,260,50,-50,50,50,false,0,0,false
1454,45001,56,61,true,260,50,-50,50,50,false,0,0,false
1455,45002,56,58,true,260,50,-50,50,50,false,0,0,false
1456,45003,56,58,true,260,50,-50,50,50,false,0,0,false
1457,45003,56,61,true,260,50,-50,50,50,false,0,0,false
1458,45003,56,61,true,260,50,-50,50,50,false,0,0,false
1459,45003,56,58,true,260,50,-50,50,50,false,0,0,false
1460,45003,56,58,true,260,50,-50,50,50,false,0,0,false
1461,45003,56,63,true,260,50,-50,50,50,false,0,0,false
1462,45003,56,58,true,260,50,-50,50,50,false,0,0,false
1463,45003,56,58,true,260,50,-50,50,50,false,0,0,false
1464,45003,56,58,true,260,50,-50,50,50,false,0,0,false
1465,45003,56,58,true,260,50,-50,50,50,false,0,0,false
1466,45003,56,58,true,260,50,-50,50,50,false,0,0,false
1467,45003,56,63,true,260,50,-50,50,50,false,0,0,false
1468,45003,56,58,true,260,50,-50,50,50,false,0,0,false
1469,45003,56,58,true,260,50,-50,50,50,false,0,0,false
1470,45003,56,58,true,260,50,-50,50,50,false,0,0,false
1471,45003,56,58,true,260,50,-50,50,50,false,0,0,false
1472,45003,56,58,true,260,50,-50,50,50,false,0,0,false
1473,45003,56,58,true,260,50,-50,50,50,false,0,0,false
1474,45003,56,50,true,260,50,-50,50,50,false,0,0,false
1475,45003,56,63,true,260,50,-50,50,50,false,0,0,false
1476,45003,56,63,true,260,50,-50,50,50,false,0,0,false
1477,45003,56,63,true,260,50,-50,50,50,false,0,0,false
1478,45003,56,58,true,260,50,-50,50,50,false,0,0,false
1479,45003,56,58,true,260,50,-50,50,50,false,0,0,false
1480,45003,56,58,true,260,50,-50,50,50,false,0,0,false
1481,45003,56,58,true,260,50,-50,50,50,false,0,0,false
1482,45003,56,63,true,260,50,-50,50,50,false,0,0,false
1483,45003,56,63,true,260,50,-50,50,50,false,0,0,false
1484,45003,56,63,true,260,50,-50,50,50,false,0,0,false
1485,45003,56,58,true,260,50,-50,50,50,false,0,0,false
1486,45003,56,50,true,260,50,-50,50,50,false,0,0,false
1487,45003,56,58,true,260,50,-50,50,50,false,0,0,false
1488,45003,56,58,true,260,50,-50,50,50,false,0,0,false
1489,45003,56,58,true,260,50,-50,50,50,false,0,0,false
1490,45003,56,58,true,260,50,-50,50,50,false,0,0,false
1491,45003,56,58,true,260,50,-50,50,50,false,0,0,false
1492,45004,56,58,true,260,50,-50,50,50,false,0,0,false
1493,45005,56,58,true,260,50,-50,50,50,false,0,0,false
1494,45006,56,58,true,260,50,-50,50,50,false,0,0,false
1495,45007,56,58,true,260,50,-50,50,50,false,0,0,false
1496,45007,56,58,true,260,50,-50,50,50,false,0,0,false
1497,45008,56,58,true,260,50,-50,50,50,false,0,0,false
1498,45008,56,58,true,260,50,-50,50,50,false,0,0,false
1499,45008,56,63,true,260,50,-50,50,50,false,0,0,false
1500,45009,56,58,true,260,50,-50,50,50,false,0,0,false
1501,45009,56,58,true,260,50,-50,50,50,false,0,0,false
1502,45010,56,58,true,260,50,-50,50,50,false,0,0,false
1503,45010,56,58,true,260,50,-50,50,50,false,0,0,false
1504,45010,56,61,true,260,50,-50,50,50,false,0,0,false
1505,45010,56,58,true,260,50,-50,50,50,false,0,0,false
1506,45010,56,58,true,260,50,-50,50,50,false,0,0,false
1507,45010,56,58,true,260,50,-50,50,50,false,0,0,false
1508,45010,56,63,true,260,50,-50,50,50,false,0,0,false
1509,45010,56,58,true,260,50,-50,50,50,false,0,0,false
1510,45010,56,58,true,260,50,-50,50,50,false,0,0,false
1511,45010,56,60,true,260,50,-50,50,50,false,0,0,false
1512,45010,56,58,true,260,50,-50,50,50,false,0,0,false
1513,45010,56,58,true,260,50,-50,50,50,false,0,0,false
1514,45010,56,58,true,260,50,-50,50,50,false,0,0,false
1515,45010,56,61,true,260,50,-50,50,50,false,0,0,false
1516,45010,56,58,true,260,50,-50,50,50,false,0,0,false
1517,45010,56,58,true,260,50,-50,50,50,false,0,0,false
1518,45010,56,63,true,260,50,-50,50,50,false,0,0,false
1519,45010,56,58,true,260,50,-50,50,50,false,0,0,false
1520,45010,56,58,true,260,50,-50,50,50,false,0,0,false
1521,45010,56,58,true,260,50,-50,50,50,false,0,0,false
1522,45010,56,58,true,260,50,-50,50,50,false,0,0,false
1523,45010,56,50,true,260,50,-50,50,50,false,0,0,false
1524,45010,56,58,true,260,50,-50,50,50,false,0,0,false
1525,45010,56,58,true,260,50,-50,50,50,false,0,0,false
1526,45010,56,63,true,260,50,-50,50,50,false,0,0,false
1527,45010,56,63,true,260,50,-50,50,50,false,0,0,false
1528,45010,56,58,true,260,50,-50,50,50,false,0,0,false
1529,45010,56,58,true,260,50,-50,50,50,false,0,0,false
1530,45010,56,61,true,260,50,-50,50,50,false,0,0,false
1531,45010,56,58,true,260,50,-50,50,50,false,0,0,false
1532,45010,56,58,true,260,50,-50,50,50,false,0,0,false
1533,45010,56,58,true,260,50,-50,50,50,false,0,0,false
1534,45010,56,58,true,260,50,-50,50,50,false,0,0,false
1535,45010,56,63,true,260,50,-50,50,50,false,0,0,false
1536,45010,56,61,true,260,50,-50,50,50,false,0,0,false
1537,45010,56,61,true,260,50,-50,50,50,false,0,0,false
1538,45010,56,58,true,260,50,-50,50,50,false,0,0,false
1539,45010,56,58,true,260,50,-50,50,50,false,0,0,false
1540,45010,56,58,true,260,50,-50,50,50,false,0,0,false
1541,45010,56,58,true,260,50,-50,50,50,false,0,0,false
1542,45010,56,58,true,260,50,-50,50,50,false,0,0,false
1543,45010,56,58,true,260,50,-50,50,50,false,0,0,false
1544,45010,56,58,true,260,50,-50,50,50,false,0,0,false
1545,45011,56,58,true,260,50,-50,50,50,false,0,0,false
1546,45011,56,58,true,260,50,-50,50,50,false,0,0,false
1547,45011,56,58,true,260,50,-50,50,50,false,0,0,false
1548,45011,56,58,true,260,50,-50,50,50,false,0,0,false
1549,45011,56,58,true,260,50,-50,50,50,false,0,0,false
1550,45011,56,50,true,260,50,-50,50,50,false,0,0,false
1551,45012,56,61,true,260,50,-50,50,50,false,0,0,false
1552,45013,56,58,true,260,50,-50,50,50,false,0,0,false
1553,45014,56,58,true,260,50,-50,50,50,false,0,0,false
1554,45014,56,50,true,260,50,-50,50,50,false,0,0,false
1555,45014,56,58,true,260,50,-50,50,50,false,0,0,false
1556,45015,56,61,true,260,50,-50,50,50,false,0,0,false
1557,45016,56,63,true,260,50,-50,50,50,false,0,0,false
1558,45016,56,58,true,260,50,-50,50,50,false,0,0,false
1559,45016,56,58,true,260,50,-50,50,50,false,0,0,false
1560,45017,56,58,true,260,50,-50,50,50,false,0,0,false
1561,50004,56,58,true,260,50,-50,50,50,false,0,0,false
1562,50005,56,58,true,260,50,-50,50,50,false,0,0,false
1563,50006,56,58,true,260,50,-50,50,50,false,0,0,false
1564,50009,56,58,true,260,50,-50,50,50,false,0,0,false
1565,50010,56,58,true,260,50,-50,50,50,false,0,0,false
1566,50019,56,58,true,260,50,-50,50,50,false,0,0,false
1567,50025,56,58,true,260,50,-50,50,50,false,0,0,false
1568,50026,56,58,true,260,50,-50,50,50,false,0,0,false
1569,50028,56,63,true,260,50,-50,50,50,false,0,0,false
1570,50029,56,58,true,260,50,-50,50,50,false,0,0,false
1571,50031,56,60,true,260,50,-50,50,50,false,0,0,false
1572,50032,56,60,true,260,50,-50,50,50,false,0,0,false
1573,50037,56,58,true,260,50,-50,50,50,false,0,0,false
1574,100001,56,63,true,260,50,-50,50,50,false,0,0,false
1575,100005,56,61,true,260,50,-50,50,50,false,0,0,false
1576,47009,56,63,true,260,50,-50,50,50,false,0,0,false
1577,47014,56,61,true,260,50,-50,50,50,false,0,0,false
1578,47016,56,60,true,260,50,-50,50,50,false,0,0,false
1579,47017,56,50,true,260,50,-50,50,50,false,0,0,false
1580,47021,56,60,true,260,50,-50,50,50,false,0,0,false
1581,52011,56,48,true,260,50,-50,50,50,false,0,0,false
1582,52033,56,50,true,260,50,-50,50,50,false,0,0,false
1583,51013,57,61,true,260,50,-50,50,50,false,0,0,false
1584,51020,57,60,true,260,50,-50,50,50,false,0,0,false
1585,51026,57,60,true,260,50,-50,50,50,false,0,0,false
1586,51031,57,60,true,260,50,-50,50,50,false,0,0,false
1587,51033,57,61,true,260,50,-50,50,50,false,0,0,false
1588,51034,57,48,true,260,50,-50,50,50,false,0,0,false
1589,51040,57,60,true,260,50,-50,50,50,false,0,0,false
1590,51041,57,50,true,260,50,-50,50,50,false,0,0,false
1591,48001,57,63,true,260,50,-50,50,50,false,0,0,false
1592,48001,57,60,true,260,50,-50,50,50,false,0,0,false
1593,48001,57,50,true,260,50,-50,50,50,false,0,0,false
1594,48001,57,60,true,260,50,-50,50,50,false,0,0,false
1595,48001,57,63,true,260,50,-50,50,50,false,0,0,false
1596,48001,57,63,true,260,50,-50,50,50,false,0,0,false
1597,48001,57,61,true,260,50,-50,50,50,false,0,0,false
1598,48001,57,50,true,260,50,-50,50,50,false,0,0,false
1599,48002,57,63,true,260,50,-50,50,50,false,0,0,false
1600,48004,57,50,true,260,50,-50,50,50,false,0,0,false
1601,48005,57,63,true,260,50,-50,50,50,false,0,0,false
1602,48006,57,61,true,260,50,-50,50,50,false,0,0,false
1603,48013,57,50,true,260,50,-50,50,50,false,0,0,false
1604,48014,57,63,true,260,50,-50,50,50,false,0,0,false
1605,48015,57,61,true,260,50,-50,50,50,false,0,0,false
1606,48015,57,63,true,260,50,-50,50,50,false,0,0,false
1607,48017,57,50,true,260,50,-50,50,50,false,0,0,false
1608,48017,57,50,true,260,50,-50,50,50,false,0,0,false
1609,48017,57,50,true,260,50,-50,50,50,false,0,0,false
1610,48017,57,50,true,260,50,-50,50,50,false,0,0,false
1611,48017,57,61,true,260,50,-50,50,50,false,0,0,false
1612,48017,57,63,true,260,50,-50,50,50,false,0,0,false
1613,48017,57,50,true,260,50,-50,50,50,false,0,0,false
1614,48017,57,63,true,260,50,-50,50,50,false,0,0,false
1615,48017,57,61,true,260,50,-50,50,50,false,0,0,false
1616,48017,57,61,true,260,50,-50,50,50,false,0,0,false
1617,48017,57,60,true,260,50,-50,50,50,false,0,0,false
1618,48017,57,50,true,260,50,-50,50,50,false,0,0,false
1619,48017,57,61,true,260,50,-50,50,50,false,0,0,false
1620,48017,57,61,true,260,50,-50,50,50,false,0,0,false
1621,48017,57,60,true,260,50,-50,50,50,false,0,0,false
1622,48017,57,61,true,260,50,-50,50,50,false,0,0,false
1623,48017,57,61,true,260,50,-50,50,50,false,0,0,false
1624,48017,57,50,true,260,50,-50,50,50,false,0,0,false
1625,48017,57,50,true,260,50,-50,50,50,false,0,0,false
1626,48017,57,63,true,260,50,-50,50,50,false,0,0,false
1627,48017,57,63,true,260,50,-50,50,50,false,0,0,false
1628,48017,57,50,true,260,50,-50,50,50,false,0,0,false
1629,48017,57,60,true,260,50,-50,50,50,false,0,0,false
1630,48017,57,50,true,260,50,-50,50,50,false,0,0,false
1631,48017,57,60,true,260,50,-50,50,50,false,0,0,false
1632,48017,57,63,true,260,50,-50,50,50,false,0,0,false
1633,48017,57,60,true,260,50,-50,50,50,false,0,0,false
1634,48017,57,60,true,260,50,-50,50,50,false,0,0,false
1635,48017,57,63,true,260,50,-50,50,50,false,0,0,false
1636,48017,57,50,true,260,50,-50,50,50,false,0,0,false
1637,48017,57,61,true,260,50,-50,50,50,false,0,0,false
1638,48017,57,60,true,260,50,-50,50,50,false,0,0,false
1639,48017,57,50,true,260,50,-50,50,50,false,0,0,false
1640,48017,57,50,true,260,50,-50,50,50,false,0,0,false
1641,48017,57,61,true,260,50,-50,50,50,false,0,0,false
1642,48017,57,61,true,260,50,-50,50,50,false,0,0,false
1643,48017,57,60,true,260,50,-50,50,50,false,0,0,false
1644,48021,57,61,true,260,50,-50,50,50,false,0,0,false
1645,48021,57,60,true,260,50,-50,50,50,false,0,0,false
1646,48021,57,61,true,260,50,-50,50,50,false,0,0,false
1647,48021,57,50,true,260,50,-50,50,50,false,0,0,false
1648,48021,57,48,true,260,50,-50,50,50,false,0,0,false
1649,48021,57,60,true,260,50,-50,50,50,false,0,0,false
1650,48022,57,50,true,260,50,-50,50,50,false,0,0,false
1651,48022,57,50,true,260,50,-50,50,50,false,0,0,false
1652,48022,57,50,true,260,50,-50,50,50,false,0,0,false
1653,48022,57,50,true,260,50,-50,50,50,false,0,0,false
1654,48024,57,50,true,260,50,-50,50,50,false,0,0,false
1655,48025,57,50,true,260,50,-50,50,50,false,0,0,false
1656,48028,57,63,true,260,50,-50,50,50,false,0,0,false
1657,48030,57,60,true,260,50,-50,50,50,false,0,0,false
1658,48032,57,48,true,260,50,-50,50,50,false,0,0,false
1659,48032,57,50,true,260,50,-50,50,50,false,0,0,false
1660,48032,57,50,true,260,50,-50,50,50,false,0,0,false
1661,48032,57,63,true,260,50,-50,50,50,false,0,0,false
1662,48033,57,50,true,260,50,-50,50,50,false,0,0,false
1663,48033,57,50,true,260,50,-50,50,50,false,0,0,false
1664,48033,57,50,true,260,50,-50,50,50,false,0,0,false
1665,48033,57,60,true,260,50,-50,50,50,false,0,0,false
1666,48033,57,60,true,260,50,-50,50,50,false,0,0,false
1667,48033,57,60,true,260,50,-50,50,50,false,0,0,false
1668,48033,57,63,true,260,50,-50,50,50,false,0,0,false
1669,48033,57,60,true,260,50,-50,50,50,false,0,0,false
1670,48035,57,60,true,260,50,-50,50,50,false,0,0,false
1671,48035,57,63,true,260,50,-50,50,50,false,0,0,false
1672,48035,57,50,true,260,50,-50,50,50,false,0,0,false
1673,48035,57,61,true,260,50,-50,50,50,false,0,0,false
1674,48035,57,60,true,260,50,-50,50,50,false,0,0,false
1675,48035,57,48,true,260,50,-50,50,50,false,0,0,false
1676,48036,57,50,true,260,50,-50,50,50,false,0,0,false
1677,48036,57,63,true,260,50,-50,50,50,false,0,0,false
1678,48036,57,63,true,260,50,-50,50,50,false,0,0,false
1679,48037,57,60,true,260,50,-50,50,50,false,0,0,false
1680,48038,57,60,true,260,50,-50,50,50,false,0,0,false
1681,48038,57,63,true,260,50,-50,50,50,false,0,0,false
1682,48039,57,60,true,260,50,-50,50,50,false,0,0,false
1683,48041,57,61,true,260,50,-50,50,50,false,0,0,false
1684,48041,57,50,true,260,50,-50,50,50,false,0,0,false
1685,48043,57,61,true,260,50,-50,50,50,false,0,0,false
1686,48044,57,60,true,260,50,-50,50,50,false,0,0,false
1687,48046,57,50,true,260,50,-50,50,50,false,0,0,false
1688,48050,57,61,true,260,50,-50,50,50,false,0,0,false
1689,48052,57,60,true,260,50,-50,50,50,false,0,0,false
1690,48052,57,61,true,260,50,-50,50,50,false,0,0,false
1691,48052,57,60,true,260,50,-50,50,50,false,0,0,false
1692,48052,57,50,true,260,50,-50,50,50,false,0,0,false
1693,48052,57,61,true,260,50,-50,50,50,false,0,0,false
1694,48052,57,61,true,260,50,-50,50,50,false,0,0,false
1695,48052,57,50,true,260,50,-50,50,50,false,0,0,false
1696,48052,57,48,true,260,50,-50,50,50,false,0,0,false
1697,48054,57,60,true,260,50,-50,50,50,false,0,0,false
1698,49018,57,63,true,260,50,-50,50,50,false,0,0,false
1699,49021,57,58,true,260,50,-50,50,50,false,0,0,false
1700,46007,57,50,true,260,50,-50,50,50,false,0,0,false
1701,100003,57,50,true,260,50,-50,50,50,false,0,0,false
1702,100005,57,61,true,260,50,-50,50,50,false,0,0,false
1703,47002,57,63,true,260,50,-50,50,50,false,0,0,false
1704,47003,57,63,true,260,50,-50,50,50,false,0,0,false
1705,47011,57,60,true,260,50,-50,50,50,false,0,0,false
1706,47014,57,58,true,260,50,-50,50,50,false,0,0,false
1707,47016,57,50,true,260,50,-50,50,50,false,0,0,false
1708,52006,57,48,true,260,50,-50,50,50,false,0,0,false
1709,52023,57,60,true,260,50,-50,50,50,false,0,0,false
1710,51016,58,60,true,260,50,-50,50,50,false,0,0,false
1711,51042,58,63,true,260,50,-50,50,50,false,0,0,false
1712,48012,58,61,true,260,50,-50,50,50,false,0,0,false
1713,48019,58,60,true,260,50,-50,50,50,false,0,0,false
1714,48020,58,63,true,260,50,-50,50,50,false,0,0,false
1715,48050,58,50,true,260,50,-50,50,50,false,0,0,false
1716,53009,58,58,true,260,50,-50,50,50,false,0,0,false
1717,49001,58,58,true,260,50,-50,50,50,false,0,0,false
1718,49002,58,58,true,260,50,-50,50,50,false,0,0,false
1719,49003,58,58,true,260,50,-50,50,50,false,0,0,false
1720,49004,58,58,true,260,50,-50,50,50,false,0,0,false
1721,49005,58,58,true,260,50,-50,50,50,false,0,0,false
1722,49006,58,58,true,260,50,-50,50,50,false,0,0,false
1723,49007,58,58,true,260,50,-50,50,50,false,0,0,false
1724,49007,58,58,true,260,50,-50,50,50,false,0,0,false
1725,49008,58,58,true,260,50,-50,50,50,false,0,0,false
1726,49008,58,63,true,260,50,-50,50,50,false,0,0,false
1727,49008,58,58,true,260,50,-50,50,50,false,0,0,false
1728,49008,58,58,true,260,50,-50,50,50,false,0,0,false
1729,49008,58,58,true,260,50,-50,50,50,false,0,0,false
1730,49009,58,58,true,260,50,-50,50,50,false,0,0,false
1731,49009,58,61,true,260,50,-50,50,50,false,0,0,false
1732,49009,58,50,true,260,50,-50,50,50,false,0,0,false
1733,49009,58,63,true,260,50,-50,50,50,false,0,0,false
1734,49009,58,58,true,260,50,-50,50,50,false,0,0,false
1735,49009,58,58,true,260,50,-50,50,50,false,0,0,false
1736,49009,58,58,true,260,50,-50,50,50,false,0,0,false
1737,49009,58,58,true,260,50,-50,50,50,false,0,0,false
1738,49009,58,58,true,260,50,-50,50,50,false,0,0,false
1739,49009,58,58,true,260,50,-50,50,50,false,0,0,false
1740,49009,58,63,true,260,50,-50,50,50,false,0,0,false
1741,49009,58,58,true,260,50,-50,50,50,false,0,0,false
1742,49009,58,58,true,260,50,-50,50,50,false,0,0,false
1743,49009,58,63,true,260,50,-50,50,50,false,0,0,false
1744,49012,58,58,true,260,50,-50,50,50,false,0,0,false
1745,49012,58,58,true,260,50,-50,50,50,false,0,0,false
1746,49013,58,58,true,260,50,-50,50,50,false,0,0,false
1747,49014,58,58,true,260,50,-50,50,50,false,0,0,false
1748,49017,58,63,true,260,50,-50,50,50,false,0,0,false
1749,49017,58,58,true,260,50,-50,50,50,false,0,0,false
1750,49017,58,61,true,260,50,-50,50,50,false,0,0,false
1751,49020,58,58,true,260,50,-50,50,50,false,0,0,false
1752,46001,58,58,true,260,50,-50,50,50,false,0,0,false
1753,46002,58,61,true,260,50,-50,50,50,false,0,0,false
1754,46003,58,63,true,260,50,-50,50,50,false,0,0,false
1755,46004,58,58,true,260,50,-50,50,50,false,0,0,false
1756,46005,58,58,true,260,50,-50,50,50,false,0,0,false
1757,46007,58,60,true,260,50,-50,50,50,false,0,0,false
1758,46007,58,63,true,260,50,-50,50,50,false,0,0,false
1759,46007,58,63,true,260,50,-50,50,50,false,0,0,false
1760,46007,58,60,true,260,50,-50,50,50,false,0,0,false
1761,46009,58,58,true,260,50,-50,50,50,false,0,0,false
1762,46010,58,63,true,260,50,-50,50,50,false,0,0,false
1763,46011,58,58,true,260,50,-50,50,50,false,0,0,false
1764,46013,58,58,true,260,50,-50,50,50,false,0,0,false
1765,46015,58,63,true,260,50,-50,50,50,false,0,0,false
1766,46017,58,50,true,260,50,-50,50,50,false,0,0,false
1767,46017,58,58,true,260,50,-50,50,50,false,0,0,false
1768,46017,58,61,true,260,50,-50,50,50,false,0,0,false
1769,46017,58,63,true,260,50,-50,50,50,false,0,0,false
1770,46017,58,63,true,260,50,-50,50,50,false,0,0,false
1771,46017,58,61,true,260,50,-50,50,50,false,0,0,false
1772,46017,58,63,true,260,50,-50,50,50,false,0,0,false
1773,46017,58,61,true,260,50,-50,50,50,false,0,0,false
1774,46017,58,61,true,260,50,-50,50,50,false,0,0,false
1775,46017,58,60,true,260,50,-50,50,50,false,0,0,false
1776,46017,58,58,true,260,50,-50,50,50,false,0,0,false
1777,46018,58,63,true,260,50,-50,50,50,false,0,0,false
1778,46019,58,58,true,260,50,-50,50,50,false,0,0,false
1779,46021,58,63,true,260,50,-50,50,50,false,0,0,false
1780,46022,58,63,true,260,50,-50,50,50,false,0,0,false
1781,46023,58,58,true,260,50,-50,50,50,false,0,0,false
1782,46024,58,61,true,260,50,-50,50,50,false,0,0,false
1783,46026,58,61,true,260,50,-50,50,50,false,0,0,false
1784,46033,58,61,true,260,50,-50,50,50,false,0,0,false
1785,46033,58,61,true,260,50,-50,50,50,false,0,0,false
1786,46033,58,61,true,260,50,-50,50,50,false,0,0,false
1787,46035,58,63,true,260,50,-50,50,50,false,0,0,false
1788,46037,58,58,true,260,50,-50,50,50,false,0,0,false
1789,45003,58,58,true,260,50,-50,50,50,false,0,0,false
1790,45008,58,63,true,260,50,-50,50,50,false,0,0,false
1791,45009,58,58,true,260,50,-50,50,50,false,0,0,false
1792,45010,58,58,true,260,50,-50,50,50,false,0,0,false
1793,45010,58,58,true,260,50,-50,50,50,false,0,0,false
1794,45011,58,61,true,260,50,-50,50,50,false,0,0,false
1795,45012,58,61,true,260,50,-50,50,50,false,0,0,false
1796,50001,58,58,true,260,50,-50,50,50,false,0,0,false
1797,50001,58,58,true,260,50,-50,50,50,false,0,0,false
1798,50001,58,58,true,260,50,-50,50,50,false,0,0,false
1799,50002,58,58,true,260,50,-50,50,50,false,0,0,false
1800,50003,58,58,true,260,50,-50,50,50,false,0,0,false
1801,50003,58,58,true,260,50,-50,50,50,false,0,0,false
1802,50003,58,58,true,260,50,-50,50,50,false,0,0,false
1803,50003,58,58,true,260,50,-50,50,50,false,0,0,false
1804,50004,58,58,true,260,50,-50,50,50,false,0,0,false
1805,50004,58,50,true,260,50,-50,50,50,false,0,0,false
1806,50004,58,60,true,260,50,-50,50,50,false,0,0,false
1807,50004,58,63,true,260,50,-50,50,50,false,0,0,false
1808,50004,58,63,true,260,50,-50,50,50,false,0,0,false
1809,50004,58,50,true,260,50,-50,50,50,false,0,0,false
1810,50005,58,58,true,260,50,-50,50,50,false,0,0,false
1811,50008,58,58,true,260,50,-50,50,50,false,0,0,false
1812,50008,58,58,true,260,50,-50,50,50,false,0,0,false
1813,50008,58,58,true,260,50,-50,50,50,false,0,0,false
1814,50008,58,58,true,260,50,-50,50,50,false,0,0,false
1815,50008,58,61,true,260,50,-50,50,50,false,0,0,false
1816,50008,58,58,true,260,50,-50,50,50,false,0,0,false
1817,50008,58,58,true,260,50,-50,50,50,false,0,0,false
1818,50008,58,58,true,260,50,-50,50,50,false,0,0,false
1819,50008,58,63,true,260,50,-50,50,50,false,0,0,false
1820,50008,58,63,true,260,50,-50,50,50,false,0,0,false
1821,50008,58,63,true,260,50,-50,50,50,false,0,0,false
1822,50008,58,63,true,260,50,-50,50,50,false,0,0,false
1823,50008,58,58,true,260,50,-50,50,50,false,0,0,false
1824,50008,58,61,true,260,50,-50,50,50,false,0,0,false
1825,50008,58,60,true,260,50,-50,50,50,false,0,0,false
1826,50008,58,58,true,260,50,-50,50,50,false,0,0,false
1827,50008,58,58,true,260,50,-50,50,50,false,0,0,false
1828,50008,58,58,true,260,50,-50,50,50,false,0,0,false
1829,50008,58,63,true,260,50,-50,50,50,false,0,0,false
1830,50008,58,60,true,260,50,-50,50,50,false,0,0,false
1831,50008,58,58,true,260,50,-50,50,50,false,0,0,false
1832,50008,58,58,true,260,50,-50,50,50,false,0,0,false
1833,50008,58,63,true,260,50,-50,50,50,false,0,0,false
1834,50008,58,58,true,260,50,-50,50,50,false,0,0,false
1835,50008,58,58,true,260,50,-50,50,50,false,0,0,false
1836,50008,58,58,true,260,50,-50,50,50,false,0,0,false
1837,50008,58,58,true,260,50,-50,50,50,false,0,0,false
1838,50008,58,58,true,260,50,-50,50,50,false,0,0,false
1839,50008,58,58,true,260,50,-50,50,50,false,0,0,false
1840,50008,58,60,true,260,50,-50,50,50,false,0,0,false
1841,50008,58,58,true,260,50,-50,50,50,false,0,0,false
1842,50008,58,63,true,260,50,-50,50,50,false,0,0,false
1843,50008,58,63,true,260,50,-50,50,50,false,0,0,false
1844,50009,58,60,true,260,50,-50,50,50,false,0,0,false
1845,50009,58,60,true,260,50,-50,50,50,false,0,0,false
1846,50010,58,58,true,260,50,-50,50,50,false,0,0,false
1847,50011,58,60,true,260,50,-50,50,50,false,0,0,false
1848,50012,58,50,true,260,50,-50,50,50,false,0,0,false
1849,50014,58,58,true,260,50,-50,50,50,false,0,0,false
1850,50014,58,58,true,260,50,-50,50,50,false,0,0,false
1851,50019,58,58,true,260,50,-50,50,50,false,0,0,false
1852,50020,58,61,true,260,50,-50,50,50,false,0,0,false
1853,50022,58,50,true,260,50,-50,50,50,false,0,0,false
1854,50022,58,63,true,260,50,-50,50,50,false,0,0,false
1855,50023,58,58,true,260,50,-50,50,50,false,0,0,false
1856,50024,58,58,true,260,50,-50,50,50,false,0,0,false
1857,50025,58,61,true,260,50,-50,50,50,false,0,0,false
1858,50025,58,60,true,260,50,-50,50,50,false,0,0,false
1859,50026,58,58,true,260,50,-50,50,50,false,0,0,false
1860,50026,58,61,true,260,50,-50,50,50,false,0,0,false
1861,50026,58,63,true,260,50,-50,50,50,false,0,0,false
1862,50026,58,58,true,260,50,-50,50,50,false,0,0,false
1863,50026,58,58,true,260,50,-50,50,50,false,0,0,false
1864,50026,58,63,true,260,50,-50,50,50,false,0,0,false
1865,50026,58,50,true,260,50,-50,50,50,false,0,0,false
1866,50026,58,58,true,260,50,-50,50,50,false,0,0,false
1867,50026,58,58,true,260,50,-50,50,50,false,0,0,false
1868,50026,58,58,true,260,50,-50,50,50,false,0,0,false
1869,50026,58,58,true,260,50,-50,50,50,false,0,0,false
1870,50026,58,58,true,260,50,-50,50,50,false,0,0,false
1871,50026,58,58,true,260,50,-50,50,50,false,0,0,false
1872,50026,58,58,true,260,50,-50,50,50,false,0,0,false
1873,50026,58,58,true,260,50,-50,50,50,false,0,0,false
1874,50026,58,58,true,260,50,-50,50,50,false,0,0,false
1875,50026,58,63,true,260,50,-50,50,50,false,0,0,false
1876,50026,58,58,true,260,50,-50,50,50,false,0,0,false
1877,50026,58,58,true,260,50,-50,50,50,false,0,0,false
1878,50026,58,61,true,260,50,-50,50,50,false,0,0,false
1879,50026,58,58,true,260,50,-50,50,50,false,0,0,false
1880,50026,58,58,true,260,50,-50,50,50,false,0,0,false
1881,50026,58,58,true,260,50,-50,50,50,false,0,0,false
1882,50026,58,58,true,260,50,-50,50,50,false,0,0,false
1883,50026,58,58,true,260,50,-50,50,50,false,0,0,false
1884,50026,58,58,true,260,50,-50,50,50,false,0,0,false
1885,50026,58,58,true,260,50,-50,50,50,false,0,0,false
1886,50026,58,58,true,260,50,-50,50,50,false,0,0,false
1887,50026,58,58,true,260,50,-50,50,50,false,0,0,false
1888,50026,58,63,true,260,50,-50,50,50,false,0,0,false
1889,50026,58,58,true,260,50,-50,50,50,false,0,0,false
1890,50026,58,61,true,260,50,-50,50,50,false,0,0,false
1891,50026,58,61,true,260,50,-50,50,50,false,0,0,false
1892,50026,58,58,true,260,50,-50,50,50,false,0,0,false
1893,50026,58,58,true,260,50,-50,50,50,false,0,0,false
1894,50026,58,58,true,260,50,-50,50,50,false,0,0,false
1895,50026,58,58,true,260,50,-50,50,50,false,0,0,false
1896,50026,58,58,true,260,50,-50,50,50,false,0,0,false
1897,50026,58,58,true,260,50,-50,50,50,false,0,0,false
1898,50026,58,58,true,260,50,-50,50,50,false,0,0,false
1899,50026,58,58,true,260,50,-50,50,50,false,0,0,false
1900,50026,58,63,true,260,50,-50,50,50,false,0,0,false
1901,50026,58,60,true,260,50,-50,50,50,false,0,0,false
1902,50026,58,58,true,260,50,-50,50,50,false,0,0,false
1903,50026,58,63,true,260,50,-50,50,50,false,0,0,false
1904,50026,58,63,true,260,50,-50,50,50,false,0,0,false
1905,50026,58,58,true,260,50,-50,50,50,false,0,0,false
1906,50026,58,58,true,260,50,-50,50,50,false,0,0,false
1907,50026,58,58,true,260,50,-50,50,50,false,0,0,false
1908,50026,58,58,true,260,50,-50,50,50,false,0,0,false
1909,50026,58,58,true,260,50,-50,50,50,false,0,0,false
1910,50026,58,58,true,260,50,-50,50,50,false,0,0,false
1911,50026,58,58,true,260,50,-50,50,50,false,0,0,false
1912,50026,58,58,true,260,50,-50,50,50,false,0,0,false
1913,50026,58,58,true,260,50,-50,50,50,false,0,0,false
1914,50026,58,58,true,260,50,-50,50,50,false,0,0,false
1915,50026,58,58,true,260,50,-50,50,50,false,0,0,false
1916,50026,58,63,true,260,50,-50,50,50,false,0,0,false
1917,50026,58,58,true,260,50,-50,50,50,false,0,0,false
1918,50026,58,58,true,260,50,-50,50,50,false,0,0,false
1919,50026,58,58,true,260,50,-50,50,50,false,0,0,false
1920,50026,58,63,true,260,50,-50,50,50,false,0,0,false
1921,50026,58,63,true,260,50,-50,50,50,false,0,0,false
1922,50026,58,58,true,260,50,-50,50,50,false,0,0,false
1923,50026,58,58,true,260,50,-50,50,50,false,0,0,false
1924,50026,58,58,true,260,50,-50,50,50,false,0,0,false
1925,50026,58,58,true,260,50,-50,50,50,false,0,0,false
1926,50026,58,58,true,260,50,-50,50,50,false,0,0,false
1927,50026,58,58,true,260,50,-50,50,50,false,0,0,false
1928,50026,58,63,true,260,50,-50,50,50,false,0,0,false
1929,50026,58,58,true,260,50,-50,50,50,false,0,0,false
1930,50026,58,61,true,260,50,-50,50,50,false,0,0,false
1931,50026,58,58,true,260,50,-50,50,50,false,0,0,false
1932,50026,58,63,true,260,50,-50,50,50,false,0,0,false
1933,50027,58,58,true,260,50,-50,50,50,false,0,0,false
1934,50028,58,58,true,260,50,-50,50,50,false,0,0,false
1935,50028,58,50,true,260,50,-50,50,50,false,0,0,false
1936,50028,58,60,true,260,50,-50,50,50,false,0,0,false
1937,50028,58,50,true,260,50,-50,50,50,false,0,0,false
1938,50029,58,50,true,260,50,-50,50,50,false,0,0,false
1939,50029,58,50,true,260,50,-50,50,50,false,0,0,false
1940,50029,58,63,true,260,50,-50,50,50,false,0,0,false
1941,50029,58,58,true,260,50,-50,50,50,false,0,0,false
1942,50029,58,58,true,260,50,-50,50,50,false,0,0,false
1943,50031,58,61,true,260,50,-50,50,50,false,0,0,false
1944,50031,58,58,true,260,50,-50,50,50,false,0,0,false
1945,50031,58,58,true,260,50,-50,50,50,false,0,0,false
1946,50031,58,58,true,260,50,-50,50,50,false,0,0,false
1947,50031,58,58,true,260,50,-50,50,50,false,0,0,false
1948,50031,58,63,true,260,50,-50,50,50,false,0,0,false
1949,50031,58,63,true,260,50,-50,50,50,false,0,0,false
1950,50031,58,63,true,260,50,-50,50,50,false,0,0,false
1951,50031,58,58,true,260,50,-50,50,50,false,0,0,false
1952,50031,58,61,true,260,50,-50,50,50,false,0,0,false
1953,50031,58,58,true,260,50,-50,50,50,false,0,0,false
1954,50031,58,50,true,260,50,-50,50,50,false,0,0,false
1955,50031,58,61,true,260,50,-50,50,50,false,0,0,false
1956,50031,58,63,true,260,50,-50,50,50,false,0,0,false
1957,50031,58,63,true,260,50,-50,50,50,false,0,0,false
1958,50031,58,58,true,260,50,-50,50,50,false,0,0,false
1959,50031,58,58,true,260,50,-50,50,50,false,0,0,false
1960,50031,58,60,true,260,50,-50,50,50,false,0,0,false
1961,50031,58,63,true,260,50,-50,50,50,false,0,0,false
1962,50031,58,58,true,260,50,-50,50,50,false,0,0,false
1963,50031,58,63,true,260,50,-50,50,50,false,0,0,false
1964,50031,58,58,true,260,50,-50,50,50,false,0,0,false
1965,50031,58,58,true,260,50,-50,50,50,false,0,0,false
1966,50031,58,58,true,260,50,-50,50,50,false,0,0,false
1967,50032,58,63,true,260,50,-50,50,50,false,0,0,false
1968,50032,58,60,true,260,50,-50,50,50,false,0,0,false
1969,50033,58,61,true,260,50,-50,50,50,false,0,0,false
1970,50034,58,58,true,260,50,-50,50,50,false,0,0,false
1971,50035,58,61,true,260,50,-50,50,50,false,0,0,false
1972,50035,58,50,true,260,50,-50,50,50,false,0,0,false
1973,50035,58,58,true,260,50,-50,50,50,false,0,0,false
1974,50036,58,63,true,260,50,-50,50,50,false,0,0,false
1975,50036,58,58,true,260,50,-50,50,50,false,0,0,false
1976,50037,58,63,true,260,50,-50,50,50,false,0,0,false
1977,50037,58,58,true,260,50,-50,50,50,false,0,0,false
1978,50037,58,63,true,260,50,-50,50,50,false,0,0,false
1979,50037,58,58,true,260,50,-50,50,50,false,0,0,false
1980,50037,58,58,true,260,50,-50,50,50,false,0,0,false
1981,50037,58,63,true,260,50,-50,50,50,false,0,0,false
1982,50037,58,58,true,260,50,-50,50,50,false,0,0,false
1983,50037,58,50,true,260,50,-50,50,50,false,0,0,false
1984,50038,58,50,true,260,50,-50,50,50,false,0,0,false
1985,50038,58,58,true,260,50,-50,50,50,false,0,0,false
1986,50038,58,58,true,260,50,-50,50,50,false,0,0,false
1987,50038,58,58,true,260,50,-50,50,50,false,0,0,false
1988,50038,58,50,true,260,50,-50,50,50,false,0,0,false
1989,50038,58,61,true,260,50,-50,50,50,false,0,0,false
1990,50039,58,50,true,260,50,-50,50,50,false,0,0,false
1991,50040,58,63,true,260,50,-50,50,50,false,0,0,false
1992,50040,58,58,true,260,50,-50,50,50,false,0,0,false
1993,50040,58,58,true,260,50,-50,50,50,false,0,0,false
1994,50041,58,50,true,260,50,-50,50,50,false,0,0,false
1995,50041,58,50,true,260,50,-50,50,50,false,0,0,false
1996,50041,58,58,true,260,50,-50,50,50,false,0,0,false
1997,47011,58,50,true,260,50,-50,50,50,false,0,0,false
1998,47012,58,58,true,260,50,-50,50,50,false,0,0,false
1999,47014,58,60,true,260,50,-50,50,50,false,0,0,false
2000,47021,58,63,true,260,50,-50,50,50,false,0,0,false
2001,47022,58,63,true,260,50,-50,50,50,false,0,0,false
2002,52028,58,58,true,260,50,-50,50,50,false,0,0,false
2003,48017,58,50,true,260,50,-50,50,50,false,0,0,false
2004,51026,59,60,true,260,50,-50,50,50,false,0,0,false
2005,48011,59,61,true,260,50,-50,50,50,false,0,0,false
2006,49001,59,58,true,260,50,-50,50,50,false,0,0,false
2007,49002,59,58,true,260,50,-50,50,50,false,0,0,false
2008,49004,59,58,true,260,50,-50,50,50,false,0,0,false
2009,49006,59,58,true,260,50,-50,50,50,false,0,0,false
2010,49007,59,63,true,260,50,-50,50,50,false,0,0,false
2011,49008,59,58,true,260,50,-50,50,50,false,0,0,false
2012,49008,59,60,true,260,50,-50,50,50,false,0,0,false
2013,49008,59,58,true,260,50,-50,50,50,false,0,0,false
2014,49008,59,58,true,260,50,-50,50,50,false,0,0,false
2015,49008,59,60,true,260,50,-50,50,50,false,0,0,false
2016,49008,59,58,true,260,50,-50,50,50,false,0,0,false
2017,49008,59,63,true,260,50,-50,50,50,false,0,0,false
2018,49008,59,60,true,260,50,-50,50,50,false,0,0,false
2019,49008,59,58,true,260,50,-50,50,50,false,0,0,false
2020,49008,59,61,true,260,50,-50,50,50,false,0,0,false
2021,49009,59,58,true,260,50,-50,50,50,false,0,0,false
2022,49009,59,58,true,260,50,-50,50,50,false,0,0,false
2023,49009,59,60,true,260,50,-50,50,50,false,0,0,false
2024,49009,59,58,true,260,50,-50,50,50,false,0,0,false
2025,49009,59,58,true,260,50,-50,50,50,false,0,0,false
2026,49009,59,58,true,260,50,-50,50,50,false,0,0,false
2027,49009,59,58,true,260,50,-50,50,50,false,0,0,false
2028,49009,59,63,true,260,50,-50,50,50,false,0,0,false
2029,49009,59,58,true,260,50,-50,50,50,false,0,0,false
2030,49009,59,58,true,260,50,-50,50,50,false,0,0,false
2031,49009,59,58,true,260,50,-50,50,50,false,0,0,false
2032,49009,59,50,true,260,50,-50,50,50,false,0,0,false
2033,49009,59,58,true,260,50,-50,50,50,false,0,0,false
2034,49009,59,58,true,260,50,-50,50,50,false,0,0,false
2035,49009,59,58,true,260,50,-50,50,50,false,0,0,false
2036,49009,59,61,true,260,50,-50,50,50,false,0,0,false
2037,49009,59,58,true,260,50,-50,50,50,false,0,0,false
2038,49009,59,61,true,260,50,-50,50,50,false,0,0,false
2039,49009,59,58,true,260,50,-50,50,50,false,0,0,false
2040,49009,59,58,true,260,50,-50,50,50,false,0,0,false
2041,49009,59,58,true,260,50,-50,50,50,false,0,0,false
2042,49009,59,58,true,260,50,-50,50,50,false,0,0,false
2043,49009,59,58,true,260,50,-50,50,50,false,0,0,false
2044,49009,59,58,true,260,50,-50,50,50,false,0,0,false
2045,49009,59,58,true,260,50,-50,50,50,false,0,0,false
2046,49009,59,58,true,260,50,-50,50,50,false,0,0,false
2047,49009,59,63,true,260,50,-50,50,50,false,0,0,false
2048,49009,59,58,true,260,50,-50,50,50,false,0,0,false
2049,49009,59,58,true,260,50,-50,50,50,false,0,0,false
2050,49009,59,60,true,260,50,-50,50,50,false,0,0,false
2051,49009,59,58,true,260,50,-50,50,50,false,0,0,false
2052,49009,59,58,true,260,50,-50,50,50,false,0,0,false
2053,49009,59,61,true,260,50,-50,50,50,false,0,0,false
2054,49009,59,58,true,260,50,-50,50,50,false,0,0,false
2055,49009,59,58,true,260,50,-50,50,50,false,0,0,false
2056,49009,59,58,true,260,50,-50,50,50,false,0,0,false
2057,49009,59,58,true,260,50,-50,50,50,false,0,0,false
2058,49009,59,63,true,260,50,-50,50,50,false,0,0,false
2059,49009,59,58,true,260,50,-50,50,50,false,0,0,false
2060,49009,59,58,true,260,50,-50,50,50,false,0,0,false
2061,49009,59,58,true,260,50,-50,50,50,false,0,0,false
2062,49009,59,58,true,260,50,-50,50,50,false,0,0,false
2063,49009,59,61,true,260,50,-50,50,50,false,0,0,false
2064,49009,59,58,true,260,50,-50,50,50,false,0,0,false
2065,49009,59,58,true,260,50,-50,50,50,false,0,0,false
2066,49009,59,61,true,260,50,-50,50,50,false,0,0,false
2067,49009,59,50,true,260,50,-50,50,50,false,0,0,false
2068,49009,59,58,true,260,50,-50,50,50,false,0,0,false
2069,49009,59,60,true,260,50,-50,50,50,false,0,0,false
2070,49009,59,58,true,260,50,-50,50,50,false,0,0,false
2071,49009,59,58,true,260,50,-50,50,50,false,0,0,false
2072,49009,59,58,true,260,50,-50,50,50,false,0,0,false
2073,49009,59,58,true,260,50,-50,50,50,false,0,0,false
2074,49009,59,63,true,260,50,-50,50,50,false,0,0,false
2075,49009,59,58,true,260,50,-50,50,50,false,0,0,false
2076,49009,59,58,true,260,50,-50,50,50,false,0,0,false
2077,49009,59,58,true,260,50,-50,50,50,false,0,0,false
2078,49009,59,58,true,260,50,-50,50,50,false,0,0,false
2079,49009,59,58,true,260,50,-50,50,50,false,0,0,false
2080,49009,59,61,true,260,50,-50,50,50,false,0,0,false
2081,49009,59,63,true,260,50,-50,50,50,false,0,0,false
2082,49009,59,60,true,260,50,-50,50,50,false,0,0,false
2083,49009,59,58,true,260,50,-50,50,50,false,0,0,false
2084,49009,59,58,true,260,50,-50,50,50,false,0,0,false
2085,49009,59,58,true,260,50,-50,50,50,false,0,0,false
2086,49009,59,58,true,260,50,-50,50,50,false,0,0,false
2087,49009,59,58,true,260,50,-50,50,50,false,0,0,false
2088,49009,59,58,true,260,50,-50,50,50,false,0,0,false
2089,49009,59,60,true,260,50,-50,50,50,false,0,0,false
2090,49009,59,58,true,260,50,-50,50,50,false,0,0,false
2091,49009,59,63,true,260,50,-50,50,50,false,0,0,false
2092,49009,59,58,true,260,50,-50,50,50,false,0,0,false
2093,49009,59,58,true,260,50,-50,50,50,false,0,0,false
2094,49009,59,58,true,260,50,-50,50,50,false,0,0,false
2095,49009,59,58,true,260,50,-50,50,50,false,0,0,false
2096,49009,59,63,true,260,50,-50,50,50,false,0,0,false
2097,49009,59,63,true,260,50,-50,50,50,false,0,0,false
2098,49009,59,58,true,260,50,-50,50,50,false,0,0,false
2099,49009,59,61,true,260,50,-50,50,50,false,0,0,false
2100,49009,59,63,true,260,50,-50,50,50,false,0,0,false
2101,49009,59,58,true,260,50,-50,50,50,false,0,0,false
2102,49009,59,50,true,260,50,-50,50,50,false,0,0,false
2103,49009,59,58,true,260,50,-50,50,50,false,0,0,false
2104,49009,59,58,true,260,50,-50,50,50,false,0,0,false
2105,49009,59,58,true,260,50,-50,50,50,false,0,0,false
2106,49009,59,58,true,260,50,-50,50,50,false,0,0,false
2107,49009,59,61,true,260,50,-50,50,50,false,0,0,false
2108,49009,59,58,true,260,50,-50,50,50,false,0,0,false
2109,49009,59,58,true,260,50,-50,50,50,false,0,0,false
2110,49009,59,58,true,260,50,-50,50,50,false,0,0,false
2111,49009,59,58,true,260,50,-50,50,50,false,0,0,false
2112,49009,59,58,true,260,50,-50,50,50,false,0,0,false
2113,49009,59,58,true,260,50,-50,50,50,false,0,0,false
2114,49009,59,58,true,260,50,-50,50,50,false,0,0,false
2115,49009,59,61,true,260,50,-50,50,50,false,0,0,false
2116,49009,59,61,true,260,50,-50,50,50,false,0,0,false
2117,49009,59,60,true,260,50,-50,50,50,false,0,0,false
2118,49009,59,58,true,260,50,-50,50,50,false,0,0,false
2119,49010,59,58,true,260,50,-50,50,50,false,0,0,false
2120,49012,59,58,true,260,50,-50,50,50,false,0,0,false
2121,49013,59,58,true,260,50,-50,50,50,false,0,0,false
2122,49017,59,61,true,260,50,-50,50,50,false,0,0,false
2123,46017,59,58,true,260,50,-50,50,50,false,0,0,false
2124,50002,59,60,true,260,50,-50,50,50,false,0,0,false
2125,50014,59,58,true,260,50,-50,50,50,false,0,0,false
2126,50021,59,58,true,260,50,-50,50,50,false,0,0,false
2127,50023,59,58,true,260,50,-50,50,50,false,0,0,false
2128,50026,59,61,true,260,50,-50,50,50,false,0,0,false
2129,50027,59,58,true,260,50,-50,50,50,false,0,0,false
2130,50029,59,63,true,260,50,-50,50,50,false,0,0,false
2131,50034,59,58,true,260,50,-50,50,50,false,0,0,false
2132,50040,59,58,true,260,50,-50,50,50,false,0,0,false
2133,47007,59,58,true,260,50,-50,50,50,false,0,0,false
2134,47011,59,63,true,260,50,-50,50,50,false,0,0,false
2135,51033,60,50,true,260,50,-50,50,50,false,0,0,false
2136,51040,60,48,true,260,50,-50,50,50,false,0,0,false
2137,48001,60,61,true,260,50,-50,50,50,false,0,0,false
2138,48001,60,60,true,260,50,-50,50,50,false,0,0,false
2139,48001,60,50,true,260,50,-50,50,50,false,0,0,false
2140,48002,60,63,true,260,50,-50,50,50,false,0,0,false
2141,48004,60,61,true,260,50,-50,50,50,false,0,0,false
2142,48005,60,61,true,260,50,-50,50,50,false,0,0,false
2143,48005,60,63,true,260,50,-50,50,50,false,0,0,false
2144,48006,60,60,true,260,50,-50,50,50,false,0,0,false
2145,48006,60,60,true,260,50,-50,50,50,false,0,0,false
2146,48006,60,50,true,260,50,-50,50,50,false,0,0,false
2147,48006,60,63,true,260,50,-50,50,50,false,0,0,false
2148,48006,60,63,true,260,50,-50,50,50,false,0,0,false
2149,48006,60,63,true,260,50,-50,50,50,false,0,0,false
2150,48006,60,63,true,260,50,-50,50,50,false,0,0,false
2151,48006,60,61,true,260,50,-50,50,50,false,0,0,false
2152,48006,60,61,true,260,50,-50,50,50,false,0,0,false
2153,48008,60,61,true,260,50,-50,50,50,false,0,0,false
2154,48010,60,60,true,260,50,-50,50,50,false,0,0,false
2155,48011,60,61,true,260,50,-50,50,50,false,0,0,false
2156,48013,60,60,true,260,50,-50,50,50,false,0,0,false
2157,48014,60,60,true,260,50,-50,50,50,false,0,0,false
2158,48014,60,50,true,260,50,-50,50,50,false,0,0,false
2159,48014,60,61,true,260,50,-50,50,50,false,0,0,false
2160,48015,60,50,true,260,50,-50,50,50,false,0,0,false
2161,48017,60,60,true,260,50,-50,50,50,false,0,0,false
2162,48017,60,61,true,260,50,-50,50,50,false,0,0,false
2163,48017,60,60,true,260,50,-50,50,50,false,0,0,false
2164,48017,60,50,true,260,50,-50,50,50,false,0,0,false
2165,48017,60,60,true,260,50,-50,50,50,false,0,0,false
2166,48017,60,50,true,260,50,-50,50,50,false,0,0,false
2167,48017,60,63,true,260,50,-50,50,50,false,0,0,false
2168,48017,60,60,true,260,50,-50,50,50,false,0,0,false
2169,48017,60,60,true,260,50,-50,50,50,false,0,0,false
2170,48017,60,61,true,260,50,-50,50,50,false,0,0,false
2171,48017,60,63,true,260,50,-50,50,50,false,0,0,false
2172,48017,60,50,true,260,50,-50,50,50,false,0,0,false
2173,48017,60,48,true,260,50,-50,50,50,false,0,0,false
2174,48017,60,48,true,260,50,-50,50,50,false,0,0,false
2175,48017,60,50,true,260,50,-50,50,50,false,0,0,false
2176,48017,60,50,true,260,50,-50,50,50,false,0,0,false
2177,48017,60,61,true,260,50,-50,50,50,false,0,0,false
2178,48017,60,61,true,260,50,-50,50,50,false,0,0,false
2179,48017,60,63,true,260,50,-50,50,50,false,0,0,false
2180,48017,60,50,true,260,50,-50,50,50,false,0,0,false
2181,48017,60,50,true,260,50,-50,50,50,false,0,0,false
2182,48017,60,60,true,260,50,-50,50,50,false,0,0,false
2183,48017,60,63,true,260,50,-50,50,50,false,0,0,false
2184,48017,60,60,true,260,50,-50,50,50,false,0,0,false
2185,48017,60,60,true,260,50,-50,50,50,false,0,0,false
2186,48017,60,60,true,260,50,-50,50,50,false,0,0,false
2187,48017,60,50,true,260,50,-50,50,50,false,0,0,false
2188,48017,60,60,true,260,50,-50,50,50,false,0,0,false
2189,48017,60,50,true,260,50,-50,50,50,false,0,0,false
2190,48017,60,50,true,260,50,-50,50,50,false,0,0,false
2191,48017,60,50,true,260,50,-50,50,50,false,0,0,false
2192,48017,60,61,true,260,50,-50,50,50,false,0,0,false
2193,48017,60,60,true,260,50,-50,50,50,false,0,0,false
2194,48017,60,63,true,260,50,-50,50,50,false,0,0,false
2195,48017,60,50,true,260,50,-50,50,50,false,0,0,false
2196,48017,60,50,true,260,50,-50,50,50,false,0,0,false
2197,48017,60,61,true,260,50,-50,50,50,false,0,0,false
2198,48017,60,63,true,260,50,-50,50,50,false,0,0,false
2199,48017,60,50,true,260,50,-50,50,50,false,0,0,false
2200,48017,60,60,true,260,50,-50,50,50,false,0,0,false
2201,48017,60,60,true,260,50,-50,50,50,false,0,0,false
2202,48017,60,60,true,260,50,-50,50,50,false,0,0,false
2203,48017,60,63,true,260,50,-50,50,50,false,0,0,false
2204,48017,60,60,true,260,50,-50,50,50,false,0,0,false
2205,48017,60,63,true,260,50,-50,50,50,false,0,0,false
2206,48017,60,63,true,260,50,-50,50,50,false,0,0,false
2207,48017,60,63,true,260,50,-50,50,50,false,0,0,false
2208,48017,60,60,true,260,50,-50,50,50,false,0,0,false
2209,48017,60,61,true,260,50,-50,50,50,false,0,0,false
2210,48017,60,60,true,260,50,-50,50,50,false,0,0,false
2211,48017,60,50,true,260,50,-50,50,50,false,0,0,false
2212,48017,60,60,true,260,50,-50,50,50,false,0,0,false
2213,48017,60,63,true,260,50,-50,50,50,false,0,0,false
2214,48017,60,50,true,260,50,-50,50,50,false,0,0,false
2215,48017,60,61,true,260,50,-50,50,50,false,0,0,false
2216,48017,60,60,true,260,50,-50,50,50,false,0,0,false
2217,48017,60,50,true,260,50,-50,50,50,false,0,0,false
2218,48017,60,63,true,260,50,-50,50,50,false,0,0,false
2219,48017,60,58,true,260,50,-50,50,50,false,0,0,false
2220,48017,60,50,true,260,50,-50,50,50,false,0,0,false
2221,48017,60,60,true,260,50,-50,50,50,false,0,0,false
2222,48017,60,50,true,260,50,-50,50,50,false,0,0,false
2223,48017,60,50,true,260,50,-50,50,50,false,0,0,false
2224,48017,60,61,true,260,50,-50,50,50,false,0,0,false
2225,48017,60,60,true,260,50,-50,50,50,false,0,0,false
2226,48017,60,60,true,260,50,-50,50,50,false,0,0,false
2227,48017,60,60,true,260,50,-50,50,50,false,0,0,false
2228,48017,60,63,true,260,50,-50,50,50,false,0,0,false
2229,48017,60,50,true,260,50,-50,50,50,false,0,0,false
2230,48017,60,60,true,260,50,-50,50,50,false,0,0,false
2231,48017,60,60,true,260,50,-50,50,50,false,0,0,false
2232,48017,60,60,true,260,50,-50,50,50,false,0,0,false
2233,48017,60,50,true,260,50,-50,50,50,false,0,0,false
2234,48017,60,63,true,260,50,-50,50,50,false,0,0,false
2235,48017,60,61,true,260,50,-50,50,50,false,0,0,false
2236,48017,60,63,true,260,50,-50,50,50,false,0,0,false
2237,48017,60,63,true,260,50,-50,50,50,false,0,0,false
2238,48017,60,60,true,260,50,-50,50,50,false,0,0,false
2239,48017,60,50,true,260,50,-50,50,50,false,0,0,false
2240,48017,60,61,true,260,50,-50,50,50,false,0,0,false
2241,48017,60,60,true,260,50,-50,50,50,false,0,0,false
2242,48017,60,63,true,260,50,-50,50,50,false,0,0,false
2243,48017,60,63,true,260,50,-50,50,50,false,0,0,false
2244,48017,60,61,true,260,50,-50,50,50,false,0,0,false
2245,48017,60,61,true,260,50,-50,50,50,false,0,0,false
2246,48018,60,63,true,260,50,-50,50,50,false,0,0,false
2247,48019,60,50,true,260,50,-50,50,50,false,0,0,false
2248,48019,60,61,true,260,50,-50,50,50,false,0,0,false
2249,48020,60,50,true,260,50,-50,50,50,false,0,0,false
2250,48021,60,61,true,260,50,-50,50,50,false,0,0,false
2251,48021,60,50,true,260,50,-50,50,50,false,0,0,false
2252,48022,60,48,true,260,50,-50,50,50,false,0,0,false
2253,48022,60,48,true,260,50,-50,50,50,false,0,0,false
2254,48022,60,60,true,260,50,-50,50,50,false,0,0,false
2255,48022,60,60,true,260,50,-50,50,50,false,0,0,false
2256,48022,60,50,true,260,50,-50,50,50,false,0,0,false
2257,48024,60,61,true,260,50,-50,50,50,false,0,0,false
2258,48024,60,60,true,260,50,-50,50,50,false,0,0,false
2259,48024,60,61,true,260,50,-50,50,50,false,0,0,false
2260,48024,60,60,true,260,50,-50,50,50,false,0,0,false
2261,48024,60,50,true,260,50,-50,50,50,false,0,0,false
2262,48024,60,63,true,260,50,-50,50,50,false,0,0,false
2263,48024,60,60,true,260,50,-50,50,50,false,0,0,false
2264,48024,60,60,true,260,50,-50,50,50,false,0,0,false
2265,48024,60,60,true,260,50,-50,50,50,false,0,0,false
2266,48024,60,50,true,260,50,-50,50,50,false,0,0,false
2267,48024,60,60,true,260,50,-50,50,50,false,0,0,false
2268,48024,60,63,true,260,50,-50,50,50,false,0,0,false
2269,48027,60,63,true,260,50,-50,50,50,false,0,0,false
2270,48028,60,60,true,260,50,-50,50,50,false,0,0,false
2271,48028,60,60,true,260,50,-50,50,50,false,0,0,false
2272,48030,60,60,true,260,50,-50,50,50,false,0,0,false
2273,48030,60,60,true,260,50,-50,50,50,false,0,0,false
2274,48030,60,60,true,260,50,-50,50,50,false,0,0,false
2275,48030,60,60,true,260,50,-50,50,50,false,0,0,false
2276,48032,60,50,true,260,50,-50,50,50,false,0,0,false
2277,48033,60,63,true,260,50,-50,50,50,false,0,0,false
2278,48033,60,63,true,260,50,-50,50,50,false,0,0,false
2279,48035,60,61,true,260,50,-50,50,50,false,0,0,false
2280,48036,60,60,true,260,50,-50,50,50,false,0,0,false
2281,48037,60,60,true,260,50,-50,50,50,false,0,0,false
2282,48038,60,60,true,260,50,-50,50,50,false,0,0,false
2283,48038,60,50,true,260,50,-50,50,50,false,0,0,false
2284,48038,60,50,true,260,50,-50,50,50,false,0,0,false
2285,48038,60,50,true,260,50,-50,50,50,false,0,0,false
2286,48038,60,50,true,260,50,-50,50,50,false,0,0,false
2287,48038,60,60,true,260,50,-50,50,50,false,0,0,false
2288,48041,60,50,true,260,50,-50,50,50,false,0,0,false
2289,48041,60,61,true,260,50,-50,50,50,false,0,0,false
2290,48041,60,60,true,260,50,-50,50,50,false,0,0,false
2291,48041,60,61,true,260,50,-50,50,50,false,0,0,false
2292,48041,60,58,true,260,50,-50,50,50,false,0,0,false
2293,48041,60,61,true,260,50,-50,50,50,false,0,0,false
2294,48041,60,50,true,260,50,-50,50,50,false,0,0,false
2295,48041,60,50,true,260,50,-50,50,50,false,0,0,false
2296,48041,60,58,true,260,50,-50,50,50,false,0,0,false
2297,48041,60,50,true,260,50,-50,50,50,false,0,0,false
2298,48041,60,50,true,260,50,-50,50,50,false,0,0,false
2299,48041,60,63,true,260,50,-50,50,50,false,0,0,false
2300,48041,60,60,true,260,50,-50,50,50,false,0,0,false
2301,48041,60,50,true,260,50,-50,50,50,false,0,0,false
2302,48041,60,50,true,260,50,-50,50,50,false,0,0,false
2303,48041,60,61,true,260,50,-50,50,50,false,0,0,false
2304,48041,60,60,true,260,50,-50,50,50,false,0,0,false
2305,48041,60,61,true,260,50,-50,50,50,false,0,0,false
2306,48041,60,63,true,260,50,-50,50,50,false,0,0,false
2307,48041,60,60,true,260,50,-50,50,50,false,0,0,false
2308,48041,60,50,true,260,50,-50,50,50,false,0,0,false
2309,48041,60,61,true,260,50,-50,50,50,false,0,0,false
2310,48041,60,50,true,260,50,-50,50,50,false,0,0,false
2311,48041,60,50,true,260,50,-50,50,50,false,0,0,false
2312,48041,60,61,true,260,50,-50,50,50,false,0,0,false
2313,48041,60,50,true,260,50,-50,50,50,false,0,0,false
2314,48041,60,50,true,260,50,-50,50,50,false,0,0,false
2315,48041,60,63,true,260,50,-50,50,50,false,0,0,false
2316,48041,60,50,true,260,50,-50,50,50,false,0,0,false
2317,48041,60,60,true,260,50,-50,50,50,false,0,0,false
2318,48043,60,58,true,260,50,-50,50,50,false,0,0,false
2319,48043,60,63,true,260,50,-50,50,50,false,0,0,false
2320,48043,60,50,true,260,50,-50,50,50,false,0,0,false
2321,48043,60,50,true,260,50,-50,50,50,false,0,0,false
2322,48043,60,60,true,260,50,-50,50,50,false,0,0,false
2323,48044,60,61,true,260,50,-50,50,50,false,0,0,false
2324,48044,60,50,true,260,50,-50,50,50,false,0,0,false
2325,48044,60,60,true,260,50,-50,50,50,false,0,0,false
2326,48044,60,63,true,260,50,-50,50,50,false,0,0,false
2327,48044,60,61,true,260,50,-50,50,50,false,0,0,false
2328,48044,60,48,true,260,50,-50,50,50,false,0,0,false
2329,48046,60,60,true,260,50,-50,50,50,false,0,0,false
2330,48049,60,50,true,260,50,-50,50,50,false,0,0,false
2331,48050,60,61,true,260,50,-50,50,50,false,0,0,false
2332,48052,60,50,true,260,50,-50,50,50,false,0,0,false
2333,48052,60,60,true,260,50,-50,50,50,false,0,0,false
2334,48053,60,60,true,260,50,-50,50,50,false,0,0,false
2335,48054,60,50,true,260,50,-50,50,50,false,0,0,false
2336,48054,60,61,true,260,50,-50,50,50,false,0,0,false
2337,48054,60,63,true,260,50,-50,50,50,false,0,0,false
2338,53006,60,58,true,260,50,-50,50,50,false,0,0,false
2339,53011,60,58,true,260,50,-50,50,50,false,0,0,false
2340,49002,60,63,true,260,50,-50,50,50,false,0,0,false
2341,49004,60,58,true,260,50,-50,50,50,false,0,0,false
2342,49006,60,58,true,260,50,-50,50,50,false,0,0,false
2343,49009,60,61,true,260,50,-50,50,50,false,0,0,false
2344,49014,60,58,true,260,50,-50,50,50,false,0,0,false
2345,49017,60,58,true,260,50,-50,50,50,false,0,0,false
2346,46017,60,63,true,260,50,-50,50,50,false,0,0,false
2347,45007,60,58,true,260,50,-50,50,50,false,0,0,false
2348,50009,60,58,true,260,50,-50,50,50,false,0,0,false
2349,50022,60,50,true,260,50,-50,50,50,false,0,0,false
2350,50028,60,58,true,260,50,-50,50,50,false,0,0,false
2351,50032,60,50,true,260,50,-50,50,50,false,0,0,false
2352,50033,60,58,true,260,50,-50,50,50,false,0,0,false
2353,50035,60,61,true,260,50,-50,50,50,false,0,0,false
2354,100002,60,50,true,260,50,-50,50,50,false,0,0,false
2355,100003,60,60,true,260,50,-50,50,50,false,0,0,false
2356,100004,60,63,true,260,50,-50,50,50,false,0,0,false
2357,100005,60,61,true,260,50,-50,50,50,false,0,0,false
2358,100005,60,58,true,260,50,-50,50,50,false,0,0,false
2359,47003,60,61,true,260,50,-50,50,50,false,0,0,false
2360,47006,60,58,true,260,50,-50,50,50,false,0,0,false
2361,47012,60,50,true,260,50,-50,50,50,false,0,0,false
2362,47013,60,60,true,260,50,-50,50,50,false,0,0,false
2363,47014,60,63,true,260,50,-50,50,50,false,0,0,false
2364,47016,60,60,true,260,50,-50,50,50,false,0,0,false
2365,47017,60,50,true,260,50,-50,50,50,false,0,0,false
2366,47021,60,63,true,260,50,-50,50,50,false,0,0,false
2367,47024,60,61,true,260,50,-50,50,50,false,0,0,false
2368,52001,60,48,true,260,50,-50,50,50,false,0,0,false
2369,52009,60,48,true,260,50,-50,50,50,false,0,0,false
2370,52012,60,60,true,260,50,-50,50,50,false,0,0,false
2371,52013,60,60,true,260,50,-50,50,50,false,0,0,false
2372,52016,60,61,true,260,50,-50,50,50,false,0,0,false
2373,52022,60,60,true,260,50,-50,50,50,false,0,0,false
2374,52028,60,61,true,260,50,-50,50,50,false,0,0,false
2375,52032,60,63,true,260,50,-50,50,50,false,0,0,false
2376,48005,61,50,true,260,50,-50,50,50,false,0,0,false
2377,48005,61,60,true,260,50,-50,50,50,false,0,0,false
2378,48006,61,50,true,260,50,-50,50,50,false,0,0,false
2379,48006,61,60,true,260,50,-50,50,50,false,0,0,false
2380,48006,61,60,true,260,50,-50,50,50,false,0,0,false
2381,48006,61,60,true,260,50,-50,50,50,false,0,0,false
2382,48006,61,50,true,260,50,-50,50,50,false,0,0,false
2383,48006,61,50,true,260,50,-50,50,50,false,0,0,false
2384,48006,61,60,true,260,50,-50,50,50,false,0,0,false
2385,48006,61,60,true,260,50,-50,50,50,false,0,0,false
2386,48006,61,60,true,260,50,-50,50,50,false,0,0,false
2387,48008,61,50,true,260,50,-50,50,50,false,0,0,false
2388,48011,61,63,true,260,50,-50,50,50,false,0,0,false
2389,48014,61,63,true,260,50,-50,50,50,false,0,0,false
2390,48017,61,60,true,260,50,-50,50,50,false,0,0,false
2391,48017,61,50,true,260,50,-50,50,50,false,0,0,false
2392,48017,61,60,true,260,50,-50,50,50,false,0,0,false
2393,48019,61,50,true,260,50,-50,50,50,false,0,0,false
2394,48024,61,50,true,260,50,-50,50,50,false,0,0,false
2395,48035,61,61,true,260,50,-50,50,50,false,0,0,false
2396,48041,61,61,true,260,50,-50,50,50,false,0,0,false
2397,48043,61,50,true,260,50,-50,50,50,false,0,0,false
2398,48044,61,61,true,260,50,-50,50,50,false,0,0,false
2399,48046,61,60,true,260,50,-50,50,50,false,0,0,false
2400,48050,61,63,true,260,50,-50,50,50,false,0,0,false
2401,53011,61,58,true,260,50,-50,50,50,false,0,0,false
2402,49012,61,58,true,260,50,-50,50,50,false,0,0,false
2403,49014,61,58,true,260,50,-50,50,50,false,0,0,false
2404,46001,61,50,true,260,50,-50,50,50,false,0,0,false
2405,46013,61,58,true,260,50,-50,50,50,false,0,0,false
2406,46017,61,58,true,260,50,-50,50,50,false,0,0,false
2407,45010,61,61,true,260,50,-50,50,50,false,0,0,false
2408,50009,61,50,true,260,50,-50,50,50,false,0,0,false
2409,100001,61,60,true,260,50,-50,50,50,false,0,0,false
2410,100001,61,60,true,260,50,-50,50,50,false,0,0,false
2411,100002,61,61,true,260,50,-50,50,50,false,0,0,false
2412,100002,61,63,true,260,50,-50,50,50,false,0,0,false
2413,100002,61,63,true,260,50,-50,50,50,false,0,0,false
2414,100002,61,50,true,260,50,-50,50,50,false,0,0,false
2415,100002,61,61,true,260,50,-50,50,50,false,0,0,false
2416,100002,61,63,true,260,50,-50,50,50,false,0,0,false
2417,100002,61,60,true,260,50,-50,50,50,false,0,0,false
2418,100002,61,60,true,260,50,-50,50,50,false,0,0,false
2419,100002,61,60,true,260,50,-50,50,50,false,0,0,false
2420,100002,61,61,true,260,50,-50,50,50,false,0,0,false
2421,100003,61,50,true,260,50,-50,50,50,false,0,0,false
2422,100003,61,63,true,260,50,-50,50,50,false,0,0,false
2423,100003,61,50,true,260,50,-50,50,50,false,0,0,false
2424,100003,61,63,true,260,50,-50,50,50,false,0,0,false
2425,100003,61,60,true,260,50,-50,50,50,false,0,0,false
2426,100003,61,61,true,260,50,-50,50,50,false,0,0,false
2427,100003,61,50,true,260,50,-50,50,50,false,0,0,false
2428,100003,61,50,true,260,50,-50,50,50,false,0,0,false
2429,100003,61,61,true,260,50,-50,50,50,false,0,0,false
2430,100003,61,61,true,260,50,-50,50,50,false,0,0,false
2431,100003,61,61,true,260,50,-50,50,50,false,0,0,false
2432,100003,61,60,true,260,50,-50,50,50,false,0,0,false
2433,100003,61,63,true,260,50,-50,50,50,false,0,0,false
2434,100003,61,63,true,260,50,-50,50,50,false,0,0,false
2435,100003,61,63,true,260,50,-50,50,50,false,0,0,false
2436,100003,61,58,true,260,50,-50,50,50,false,0,0,false
2437,100004,61,61,true,260,50,-50,50,50,false,0,0,false
2438,100004,61,50,true,260,50,-50,50,50,false,0,0,false
2439,100004,61,61,true,260,50,-50,50,50,false,0,0,false
2440,100004,61,60,true,260,50,-50,50,50,false,0,0,false
2441,100004,61,60,true,260,50,-50,50,50,false,0,0,false
2442,100004,61,50,true,260,50,-50,50,50,false,0,0,false
2443,100005,61,63,true,260,50,-50,50,50,false,0,0,false
2444,100005,61,60,true,260,50,-50,50,50,false,0,0,false
2445,100005,61,60,true,260,50,-50,50,50,false,0,0,false
2446,100005,61,50,true,260,50,-50,50,50,false,0,0,false
2447,100005,61,50,true,260,50,-50,50,50,false,0,0,false
2448,100005,61,50,true,260,50,-50,50,50,false,0,0,false
2449,100005,61,60,true,260,50,-50,50,50,false,0,0,false
2450,100005,61,50,true,260,50,-50,50,50,false,0,0,false
2451,100005,61,63,true,260,50,-50,50,50,false,0,0,false
2452,100005,61,61,true,260,50,-50,50,50,false,0,0,false
2453,100005,61,63,true,260,50,-50,50,50,false,0,0,false
2454,100005,61,61,true,260,50,-50,50,50,false,0,0,false
2455,100005,61,61,true,260,50,-50,50,50,false,0,0,false
2456,100005,61,60,true,260,50,-50,50,50,false,0,0,false
2457,100005,61,50,true,260,50,-50,50,50,false,0,0,false
2458,100005,61,61,true,260,50,-50,50,50,false,0,0,false
2459,100005,61,63,true,260,50,-50,50,50,false,0,0,false
2460,100005,61,61,true,260,50,-50,50,50,false,0,0,false
2461,100005,61,61,true,260,50,-50,50,50,false,0,0,false
2462,100005,61,60,true,260,50,-50,50,50,false,0,0,false
2463,100005,61,60,true,260,50,-50,50,50,false,0,0,false
2464,100005,61,48,true,260,50,-50,50,50,false,0,0,false
2465,100005,61,50,true,260,50,-50,50,50,false,0,0,false
2466,100005,61,63,true,260,50,-50,50,50,false,0,0,false
2467,100005,61,61,true,260,50,-50,50,50,false,0,0,false
2468,100005,61,60,true,260,50,-50,50,50,false,0,0,false
2469,100005,61,60,true,260,50,-50,50,50,false,0,0,false
2470,100005,61,60,true,260,50,-50,50,50,false,0,0,false
2471,100005,61,61,true,260,50,-50,50,50,false,0,0,false
2472,100005,61,50,true,260,50,-50,50,50,false,0,0,false
2473,100005,61,61,true,260,50,-50,50,50,false,0,0,false
2474,100005,61,50,true,260,50,-50,50,50,false,0,0,false
2475,100005,61,60,true,260,50,-50,50,50,false,0,0,false
2476,100005,61,48,true,260,50,-50,50,50,false,0,0,false
2477,100005,61,60,true,260,50,-50,50,50,false,0,0,false
2478,100005,61,60,true,260,50,-50,50,50,false,0,0,false
2479,100005,61,58,true,260,50,-50,50,50,false,0,0,false
2480,100005,61,63,true,260,50,-50,50,50,false,0,0,false
2481,100005,61,61,true,260,50,-50,50,50,false,0,0,false
2482,100005,61,63,true,260,50,-50,50,50,false,0,0,false
2483,100005,61,60,true,260,50,-50,50,50,false,0,0,false
2484,100005,61,60,true,260,50,-50,50,50,false,0,0,false
2485,100005,61,60,true,260,50,-50,50,50,false,0,0,false
2486,100005,61,63,true,260,50,-50,50,50,false,0,0,false
2487,100005,61,61,true,260,50,-50,50,50,false,0,0,false
2488,100005,61,50,true,260,50,-50,50,50,false,0,0,false
2489,100005,61,50,true,260,50,-50,50,50,false,0,0,false
2490,100005,61,63,true,260,50,-50,50,50,false,0,0,false
2491,100005,61,61,true,260,50,-50,50,50,false,0,0,false
2492,100005,61,60,true,260,50,-50,50,50,false,0,0,false
2493,100005,61,60,true,260,50,-50,50,50,false,0,0,false
2494,100005,61,63,true,260,50,-50,50,50,false,0,0,false
2495,100005,61,63,true,260,50,-50,50,50,false,0,0,false
2496,100005,61,61,true,260,50,-50,50,50,false,0,0,false
2497,100005,61,61,true,260,50,-50,50,50,false,0,0,false
2498,100005,61,60,true,260,50,-50,50,50,false,0,0,false
2499,100005,61,60,true,260,50,-50,50,50,false,0,0,false
2500,100005,61,50,true,260,50,-50,50,50,false,0,0,false
2501,100005,61,61,true,260,50,-50,50,50,false,0,0,false
2502,100005,61,61,true,260,50,-50,50,50,false,0,0,false
2503,100005,61,61,true,260,50,-50,50,50,false,0,0,false
2504,100005,61,63,true,260,50,-50,50,50,false,0,0,false
2505,100005,61,60,true,260,50,-50,50,50,false,0,0,false
2506,100005,61,61,true,260,50,-50,50,50,false,0,0,false
2507,100005,61,60,true,260,50,-50,50,50,false,0,0,false
2508,100005,61,63,true,260,50,-50,50,50,false,0,0,false
2509,100005,61,63,true,260,50,-50,50,50,false,0,0,false
2510,100005,61,50,true,260,50,-50,50,50,false,0,0,false
2511,100005,61,63,true,260,50,-50,50,50,false,0,0,false
2512,100005,61,60,true,260,50,-50,50,50,false,0,0,false
2513,100005,61,61,true,260,50,-50,50,50,false,0,0,false
2514,100005,61,60,true,260,50,-50,50,50,false,0,0,false
2515,100005,61,50,true,260,50,-50,50,50,false,0,0,false
2516,100005,61,61,true,260,50,-50,50,50,false,0,0,false
2517,100005,61,50,true,260,50,-50,50,50,false,0,0,false
2518,100005,61,60,true,260,50,-50,50,50,false,0,0,false
2519,100005,61,50,true,260,50,-50,50,50,false,0,0,false
2520,100005,61,60,true,260,50,-50,50,50,false,0,0,false
2521,100005,61,61,true,260,50,-50,50,50,false,0,0,false
2522,100005,61,58,true,260,50,-50,50,50,false,0,0,false
2523,100005,61,50,true,260,50,-50,50,50,false,0,0,false
2524,100005,61,61,true,260,50,-50,50,50,false,0,0,false
2525,100005,61,61,true,260,50,-50,50,50,false,0,0,false
2526,100005,61,61,true,260,50,-50,50,50,false,0,0,false
2527,100005,61,50,true,260,50,-50,50,50,false,0,0,false
2528,100005,61,60,true,260,50,-50,50,50,false,0,0,false
2529,100005,61,50,true,260,50,-50,50,50,false,0,0,false
2530,100005,61,50,true,260,50,-50,50,50,false,0,0,false
2531,100005,61,61,true,260,50,-50,50,50,false,0,0,false
2532,100005,61,48,true,260,50,-50,50,50,false,0,0,false
2533,100005,61,60,true,260,50,-50,50,50,false,0,0,false
2534,100005,61,50,true,260,50,-50,50,50,false,0,0,false
2535,100005,61,61,true,260,50,-50,50,50,false,0,0,false
2536,100005,61,60,true,260,50,-50,50,50,false,0,0,false
2537,100005,61,63,true,260,50,-50,50,50,false,0,0,false
2538,100005,61,50,true,260,50,-50,50,50,false,0,0,false
2539,100005,61,63,true,260,50,-50,50,50,false,0,0,false
2540,100005,61,61,true,260,50,-50,50,50,false,0,0,false
2541,100005,61,61,true,260,50,-50,50,50,false,0,0,false
2542,100005,61,50,true,260,50,-50,50,50,false,0,0,false
2543,100005,61,61,true,260,50,-50,50,50,false,0,0,false
2544,100005,61,50,true,260,50,-50,50,50,false,0,0,false
2545,100005,61,60,true,260,50,-50,50,50,false,0,0,false
2546,100005,61,60,true,260,50,-50,50,50,false,0,0,false
2547,100005,61,50,true,260,50,-50,50,50,false,0,0,false
2548,100005,61,63,true,260,50,-50,50,50,false,0,0,false
2549,100005,61,63,true,260,50,-50,50,50,false,0,0,false
2550,100005,61,63,true,260,50,-50,50,50,false,0,0,false
2551,100005,61,63,true,260,50,-50,50,50,false,0,0,false
2552,100005,61,63,true,260,50,-50,50,50,false,0,0,false
2553,100005,61,61,true,260,50,-50,50,50,false,0,0,false
2554,100005,61,63,true,260,50,-50,50,50,false,0,0,false
2555,100005,61,63,true,260,50,-50,50,50,false,0,0,false
2556,100005,61,61,true,260,50,-50,50,50,false,0,0,false
2557,100005,61,50,true,260,50,-50,50,50,false,0,0,false
2558,100005,61,50,true,260,50,-50,50,50,false,0,0,false
2559,100005,61,50,true,260,50,-50,50,50,false,0,0,false
2560,100005,61,60,true,260,50,-50,50,50,false,0,0,false
2561,100005,61,58,true,260,50,-50,50,50,false,0,0,false
2562,100005,61,61,true,260,50,-50,50,50,false,0,0,false
2563,100005,61,61,true,260,50,-50,50,50,false,0,0,false
2564,100005,61,50,true,260,50,-50,50,50,false,0,0,false
2565,100005,61,50,true,260,50,-50,50,50,false,0,0,false
2566,100005,61,50,true,260,50,-50,50,50,false,0,0,false
2567,100005,61,63,true,260,50,-50,50,50,false,0,0,false
2568,100005,61,50,true,260,50,-50,50,50,false,0,0,false
2569,100005,61,63,true,260,50,-50,50,50,false,0,0,false
2570,100005,61,61,true,260,50,-50,50,50,false,0,0,false
2571,100005,61,63,true,260,50,-50,50,50,false,0,0,false
2572,100005,61,50,true,260,50,-50,50,50,false,0,0,false
2573,100005,61,63,true,260,50,-50,50,50,false,0,0,false
2574,100005,61,63,true,260,50,-50,50,50,false,0,0,false
2575,100005,61,63,true,260,50,-50,50,50,false,0,0,false
2576,100005,61,63,true,260,50,-50,50,50,false,0,0,false
2577,100005,61,61,true,260,50,-50,50,50,false,0,0,false
2578,100005,61,63,true,260,50,-50,50,50,false,0,0,false
2579,100005,61,50,true,260,50,-50,50,50,false,0,0,false
2580,100005,61,50,true,260,50,-50,50,50,false,0,0,false
2581,100005,61,63,true,260,50,-50,50,50,false,0,0,false
2582,100005,61,60,true,260,50,-50,50,50,false,0,0,false
2583,100005,61,50,true,260,50,-50,50,50,false,0,0,false
2584,100005,61,63,true,260,50,-50,50,50,false,0,0,false
2585,100005,61,63,true,260,50,-50,50,50,false,0,0,false
2586,100005,61,61,true,260,50,-50,50,50,false,0,0,false
2587,100005,61,63,true,260,50,-50,50,50,false,0,0,false
2588,100005,61,61,true,260,50,-50,50,50,false,0,0,false
2589,100005,61,61,true,260,50,-50,50,50,false,0,0,false
2590,100005,61,60,true,260,50,-50,50,50,false,0,0,false
2591,100005,61,63,true,260,50,-50,50,50,false,0,0,false
2592,100005,61,63,true,260,50,-50,50,50,false,0,0,false
2593,100006,61,63,true,260,50,-50,50,50,false,0,0,false
2594,100006,61,50,true,260,50,-50,50,50,false,0,0,false
2595,100006,61,61,true,260,50,-50,50,50,false,0,0,false
2596,100006,61,50,true,260,50,-50,50,50,false,0,0,false
2597,100006,61,61,true,260,50,-50,50,50,false,0,0,false
2598,100006,61,50,true,260,50,-50,50,50,false,0,0,false
2599,100006,61,50,true,260,50,-50,50,50,false,0,0,false
2600,100006,61,61,true,260,50,-50,50,50,false,0,0,false
2601,100007,61,60,true,260,50,-50,50,50,false,0,0,false
2602,100007,61,61,true,260,50,-50,50,50,false,0,0,false
2603,100007,61,63,true,260,50,-50,50,50,false,0,0,false
2604,100007,61,60,true,260,50,-50,50,50,false,0,0,false
2605,100007,61,63,true,260,50,-50,50,50,false,0,0,false
2606,47002,61,50,true,260,50,-50,50,50,false,0,0,false
2607,47002,61,50,true,260,50,-50,50,50,false,0,0,false
2608,47002,61,60,true,260,50,-50,50,50,false,0,0,false
2609,47002,61,58,true,260,50,-50,50,50,false,0,0,false
2610,47002,61,50,true,260,50,-50,50,50,false,0,0,false
2611,47002,61,60,true,260,50,-50,50,50,false,0,0,false
2612,47002,61,58,true,260,50,-50,50,50,false,0,0,false
2613,47002,61,50,true,260,50,-50,50,50,false,0,0,false
2614,47002,61,63,true,260,50,-50,50,50,false,0,0,false
2615,47002,61,60,true,260,50,-50,50,50,false,0,0,false
2616,47002,61,60,true,260,50,-50,50,50,false,0,0,false
2617,47003,61,61,true,260,50,-50,50,50,false,0,0,false
2618,47005,61,63,true,260,50,-50,50,50,false,0,0,false
2619,47006,61,60,true,260,50,-50,50,50,false,0,0,false
2620,47007,61,61,true,260,50,-50,50,50,false,0,0,false
2621,47009,61,60,true,260,50,-50,50,50,false,0,0,false
2622,47010,61,60,true,260,50,-50,50,50,false,0,0,false
2623,47010,61,63,true,260,50,-50,50,50,false,0,0,false
2624,47010,61,58,true,260,50,-50,50,50,false,0,0,false
2625,47010,61,61,true,260,50,-50,50,50,false,0,0,false
2626,47010,61,63,true,260,50,-50,50,50,false,0,0,false
2627,47011,61,50,true,260,50,-50,50,50,false,0,0,false
2628,47011,61,61,true,260,50,-50,50,50,false,0,0,false
2629,47012,61,58,true,260,50,-50,50,50,false,0,0,false
2630,47013,61,63,true,260,50,-50,50,50,false,0,0,false
2631,47014,61,61,true,260,50,-50,50,50,false,0,0,false
2632,47014,61,58,true,260,50,-50,50,50,false,0,0,false
2633,47014,61,60,true,260,50,-50,50,50,false,0,0,false
2634,47014,61,50,true,260,50,-50,50,50,false,0,0,false
2635,47014,61,63,true,260,50,-50,50,50,false,0,0,false
2636,47014,61,63,true,260,50,-50,50,50,false,0,0,false
2637,47014,61,63,true,260,50,-50,50,50,false,0,0,false
2638,47014,61,50,true,260,50,-50,50,50,false,0,0,false
2639,47014,61,60,true,260,50,-50,50,50,false,0,0,false
2640,47014,61,60,true,260,50,-50,50,50,false,0,0,false
2641,47014,61,63,true,260,50,-50,50,50,false,0,0,false
2642,47016,61,50,true,260,50,-50,50,50,false,0,0,false
2643,47017,61,63,true,260,50,-50,50,50,false,0,0,false
2644,47017,61,61,true,260,50,-50,50,50,false,0,0,false
2645,47017,61,63,true,260,50,-50,50,50,false,0,0,false
2646,47017,61,61,true,260,50,-50,50,50,false,0,0,false
2647,47017,61,61,true,260,50,-50,50,50,false,0,0,false
2648,47017,61,63,true,260,50,-50,50,50,false,0,0,false
2649,47017,61,60,true,260,50,-50,50,50,false,0,0,false
2650,47017,61,63,true,260,50,-50,50,50,false,0,0,false
2651,47017,61,61,true,260,50,-50,50,50,false,0,0,false
2652,47017,61,50,true,260,50,-50,50,50,false,0,0,false
2653,47020,61,61,true,260,50,-50,50,50,false,0,0,false
2654,47020,61,60,true,260,50,-50,50,50,false,0,0,false
2655,47020,61,61,true,260,50,-50,50,50,false,0,0,false
2656,47021,61,63,true,260,50,-50,50,50,false,0,0,false
2657,47022,61,61,true,260,50,-50,50,50,false,0,0,false
2658,47024,61,50,true,260,50,-50,50,50,false,0,0,false
2659,52003,61,48,true,260,50,-50,50,50,false,0,0,false
2660,52028,61,61,true,260,50,-50,50,50,false,0,0,false
2661,48005,62,50,true,260,50,-50,50,50,false,0,0,false
2662,48010,62,58,true,260,50,-50,50,50,false,0,0,false
2663,48011,62,50,true,260,50,-50,50,50,false,0,0,false
2664,48017,62,61,true,260,50,-50,50,50,false,0,0,false
2665,53009,62,58,true,260,50,-50,50,50,false,0,0,false
2666,53009,62,58,true,260,50,-50,50,50,false,0,0,false
2667,53009,62,58,true,260,50,-50,50,50,false,0,0,false
2668,53009,62,58,true,260,50,-50,50,50,false,0,0,false
2669,53010,62,58,true,260,50,-50,50,50,false,0,0,false
2670,53015,62,50,true,260,50,-50,50,50,false,0,0,false
2671,53024,62,58,true,260,50,-50,50,50,false,0,0,false
2672,53027,62,58,true,260,50,-50,50,50,false,0,0,false
2673,49001,62,58,true,260,50,-50,50,50,false,0,0,false
2674,49001,62,63,true,260,50,-50,50,50,false,0,0,false
2675,49001,62,50,true,260,50,-50,50,50,false,0,0,false
2676,49002,62,58,true,260,50,-50,50,50,false,0,0,false
2677,49002,62,58,true,260,50,-50,50,50,false,0,0,false
2678,49002,62,58,true,260,50,-50,50,50,false,0,0,false
2679,49002,62,58,true,260,50,-50,50,50,false,0,0,false
2680,49002,62,58,true,260,50,-50,50,50,false,0,0,false
2681,49004,62,58,true,260,50,-50,50,50,false,0,0,false
2682,49006,62,58,true,260,50,-50,50,50,false,0,0,false
2683,49006,62,58,true,260,50,-50,50,50,false,0,0,false
2684,49006,62,50,true,260,50,-50,50,50,false,0,0,false
2685,49006,62,58,true,260,50,-50,50,50,false,0,0,false
2686,49006,62,58,true,260,50,-50,50,50,false,0,0,false
2687,49007,62,50,true,260,50,-50,50,50,false,0,0,false
2688,49007,62,58,true,260,50,-50,50,50,false,0,0,false
2689,49007,62,60,true,260,50,-50,50,50,false,0,0,false
2690,49007,62,58,true,260,50,-50,50,50,false,0,0,false
2691,49007,62,58,true,260,50,-50,50,50,false,0,0,false
2692,49007,62,63,true,260,50,-50,50,50,false,0,0,false
2693,49007,62,58,true,260,50,-50,50,50,false,0,0,false
2694,49007,62,50,true,260,50,-50,50,50,false,0,0,false
2695,49007,62,61,true,260,50,-50,50,50,false,0,0,false
2696,49007,62,58,true,260,50,-50,50,50,false,0,0,false
2697,49007,62,58,true,260,50,-50,50,50,false,0,0,false
2698,49007,62,58,true,260,50,-50,50,50,false,0,0,false
2699,49007,62,58,true,260,50,-50,50,50,false,0,0,false
2700,49007,62,58,true,260,50,-50,50,50,false,0,0,false
2701,49007,62,58,true,260,50,-50,50,50,false,0,0,false
2702,49007,62,58,true,260,50,-50,50,50,false,0,0,false
2703,49007,62,58,true,260,50,-50,50,50,false,0,0,false
2704,49007,62,58,true,260,50,-50,50,50,false,0,0,false
2705,49007,62,58,true,260,50,-50,50,50,false,0,0,false
2706,49007,62,58,true,260,50,-50,50,50,false,0,0,false
2707,49008,62,63,true,260,50,-50,50,50,false,0,0,false
2708,49009,62,58,true,260,50,-50,50,50,false,0,0,false
2709,49009,62,58,true,260,50,-50,50,50,false,0,0,false
2710,49011,62,58,true,260,50,-50,50,50,false,0,0,false
2711,49012,62,58,true,260,50,-50,50,50,false,0,0,false
2712,49012,62,58,true,260,50,-50,50,50,false,0,0,false
2713,49012,62,58,true,260,50,-50,50,50,false,0,0,false
2714,49012,62,58,true,260,50,-50,50,50,false,0,0,false
2715,49012,62,58,true,260,50,-50,50,50,false,0,0,false
2716,49012,62,58,true,260,50,-50,50,50,false,0,0,false
2717,49012,62,58,true,260,50,-50,50,50,false,0,0,false
2718,49012,62,58,true,260,50,-50,50,50,false,0,0,false
2719,49012,62,58,true,260,50,-50,50,50,false,0,0,false
2720,49012,62,58,true,260,50,-50,50,50,false,0,0,false
2721,49012,62,58,true,260,50,-50,50,50,false,0,0,false
2722,49012,62,58,true,260,50,-50,50,50,false,0,0,false
2723,49012,62,58,true,260,50,-50,50,50,false,0,0,false
2724,49012,62,58,true,260,50,-50,50,50,false,0,0,false
2725,49017,62,50,true,260,50,-50,50,50,false,0,0,false
2726,49017,62,58,true,260,50,-50,50,50,false,0,0,false
2727,49017,62,60,true,260,50,-50,50,50,false,0,0,false
2728,49017,62,63,true,260,50,-50,50,50,false,0,0,false
2729,49017,62,58,true,260,50,-50,50,50,false,0,0,false
2730,49017,62,63,true,260,50,-50,50,50,false,0,0,false
2731,49017,62,63,true,260,50,-50,50,50,false,0,0,false
2732,49017,62,58,true,260,50,-50,50,50,false,0,0,false
2733,49017,62,58,true,260,50,-50,50,50,false,0,0,false
2734,49017,62,58,true,260,50,-50,50,50,false,0,0,false
2735,49017,62,58,true,260,50,-50,50,50,false,0,0,false
2736,49017,62,63,true,260,50,-50,50,50,false,0,0,false
2737,49017,62,58,true,260,50,-50,50,50,false,0,0,false
2738,49017,62,58,true,260,50,-50,50,50,false,0,0,false
2739,49017,62,58,true,260,50,-50,50,50,false,0,0,false
2740,49017,62,60,true,260,50,-50,50,50,false,0,0,false
2741,49018,62,58,true,260,50,-50,50,50,false,0,0,false
2742,49018,62,58,true,260,50,-50,50,50,false,0,0,false
2743,49018,62,58,true,260,50,-50,50,50,false,0,0,false
2744,49019,62,58,true,260,50,-50,50,50,false,0,0,false
2745,49020,62,58,true,260,50,-50,50,50,false,0,0,false
2746,46017,62,63,true,260,50,-50,50,50,false,0,0,false
2747,50006,62,58,true,260,50,-50,50,50,false,0,0,false
2748,50008,62,58,true,260,50,-50,50,50,false,0,0,false
2749,50010,62,58,true,260,50,-50,50,50,false,0,0,false
2750,50010,62,58,true,260,50,-50,50,50,false,0,0,false
2751,50011,62,50,true,260,50,-50,50,50,false,0,0,false
2752,50015,62,58,true,260,50,-50,50,50,false,0,0,false
2753,50016,62,63,true,260,50,-50,50,50,false,0,0,false
2754,50019,62,58,true,260,50,-50,50,50,false,0,0,false
2755,50020,62,58,true,260,50,-50,50,50,false,0,0,false
2756,50020,62,58,true,260,50,-50,50,50,false,0,0,false
2757,50021,62,58,true,260,50,-50,50,50,false,0,0,false
2758,50027,62,50,true,260,50,-50,50,50,false,0,0,false
2759,50027,62,50,true,260,50,-50,50,50,false,0,0,false
2760,50030,62,58,true,260,50,-50,50,50,false,0,0,false
2761,50034,62,58,true,260,50,-50,50,50,false,0,0,false
2762,50039,62,58,true,260,50,-50,50,50,false,0,0,false
2763,47024,62,61,true,260,50,-50,50,50,false,0,0,false
2764,48005,63,61,true,260,50,-50,50,50,false,0,0,false
2765,48006,63,63,true,260,50,-50,50,50,false,0,0,false
2766,48010,63,61,true,260,50,-50,50,50,false,0,0,false
2767,48011,63,50,true,260,50,-50,50,50,false,0,0,false
2768,48014,63,61,true,260,50,-50,50,50,false,0,0,false
2769,48019,63,58,true,260,50,-50,50,50,false,0,0,false
2770,48030,63,60,true,260,50,-50,50,50,false,0,0,false
2771,48041,63,60,true,260,50,-50,50,50,false,0,0,false
2772,48050,63,50,true,260,50,-50,50,50,false,0,0,false
2773,53024,63,58,true,260,50,-50,50,50,false,0,0,false
2774,49011,63,58,true,260,50,-50,50,50,false,0,0,false
2775,49017,63,58,true,260,50,-50,50,50,false,0,0,false
2776,46001,63,50,true,260,50,-50,50,50,false,0,0,false
2777,46005,63,63,true,260,50,-50,50,50,false,0,0,false
2778,46007,63,63,true,260,50,-50,50,50,false,0,0,false
2779,46009,63,58,true,260,50,-50,50,50,false,0,0,false
2780,46010,63,58,true,260,50,-50,50,50,false,0,0,false
2781,46011,63,58,true,260,50,-50,50,50,false,0,0,false
2782,46017,63,60,true,260,50,-50,50,50,false,0,0,false
2783,46021,63,61,true,260,50,-50,50,50,false,0,0,false
2784,46024,63,63,true,260,50,-50,50,50,false,0,0,false
2785,46033,63,58,true,260,50,-50,50,50,false,0,0,false
2786,50001,63,61,true,260,50,-50,50,50,false,0,0,false
2787,50009,63,48,true,260,50,-50,50,50,false,0,0,false
2788,50022,63,63,true,260,50,-50,50,50,false,0,0,false
2789,50029,63,58,true,260,50,-50,50,50,false,0,0,false
2790,50032,63,50,true,260,50,-50,50,50,false,0,0,false
2791,50035,63,50,true,260,50,-50,50,50,false,0,0,false
2792,100003,63,61,true,260,50,-50,50,50,false,0,0,false
2793,100004,63,60,true,260,50,-50,50,50,false,0,0,false
2794,100005,63,50,true,260,50,-50,50,50,false,0,0,false
2795,47002,63,60,true,260,50,-50,50,50,false,0,0,false
2796,47002,63,60,true,260,50,-50,50,50,false,0,0,false
2797,47002,63,63,true,260,50,-50,50,50,false,0,0,false
2798,47002,63,63,true,260,50,-50,50,50,false,0,0,false
2799,47002,63,63,true,260,50,-50,50,50,false,0,0,false
2800,47002,63,61,true,260,50,-50,50,50,false,0,0,false
2801,47003,63,63,true,260,50,-50,50,50,false,0,0,false
2802,47003,63,60,true,260,50,-50,50,50,false,0,0,false
2803,47003,63,58,true,260,50,-50,50,50,false,0,0,false
2804,47005,63,50,true,260,50,-50,50,50,false,0,0,false
2805,47005,63,50,true,260,50,-50,50,50,false,0,0,false
2806,47006,63,60,true,260,50,-50,50,50,false,0,0,false
2807,47006,63,63,true,260,50,-50,50,50,false,0,0,false
2808,47006,63,50,true,260,50,-50,50,50,false,0,0,false
2809,47006,63,58,true,260,50,-50,50,50,false,0,0,false
2810,47007,63,63,true,260,50,-50,50,50,false,0,0,false
2811,47009,63,60,true,260,50,-50,50,50,false,0,0,false
2812,47009,63,60,true,260,50,-50,50,50,false,0,0,false
2813,47009,63,58,true,260,50,-50,50,50,false,0,0,false
2814,47009,63,61,true,260,50,-50,50,50,false,0,0,false
2815,47009,63,63,true,260,50,-50,50,50,false,0,0,false
2816,47009,63,63,true,260,50,-50,50,50,false,0,0,false
2817,47009,63,63,true,260,50,-50,50,50,false,0,0,false
2818,47009,63,50,true,260,50,-50,50,50,false,0,0,false
2819,47009,63,50,true,260,50,-50,50,50,false,0,0,false
2820,47009,63,58,true,260,50,-50,50,50,false,0,0,false
2821,47009,63,60,true,260,50,-50,50,50,false,0,0,false
2822,47009,63,60,true,260,50,-50,50,50,false,0,0,false
2823,47009,63,60,true,260,50,-50,50,50,false,0,0,false
2824,47009,63,63,true,260,50,-50,50,50,false,0,0,false
2825,47010,63,63,true,260,50,-50,50,50,false,0,0,false
2826,47010,63,60,true,260,50,-50,50,50,false,0,0,false
2827,47010,63,63,true,260,50,-50,50,50,false,0,0,false
2828,47011,63,60,true,260,50,-50,50,50,false,0,0,false
2829,47011,63,60,true,260,50,-50,50,50,false,0,0,false
2830,47011,63,63,true,260,50,-50,50,50,false,0,0,false
2831,47011,63,61,true,260,50,-50,50,50,false,0,0,false
2832,47011,63,63,true,260,50,-50,50,50,false,0,0,false
2833,47011,63,50,true,260,50,-50,50,50,false,0,0,false
2834,47011,63,50,true,260,50,-50,50,50,false,0,0,false
2835,47011,63,50,true,260,50,-50,50,50,false,0,0,false
2836,47011,63,63,true,260,50,-50,50,50,false,0,0,false
2837,47011,63,50,true,260,50,-50,50,50,false,0,0,false
2838,47011,63,60,true,260,50,-50,50,50,false,0,0,false
2839,47011,63,58,true,260,50,-50,50,50,false,0,0,false
2840,47011,63,61,true,260,50,-50,50,50,false,0,0,false
2841,47012,63,50,true,260,50,-50,50,50,false,0,0,false
2842,47012,63,63,true,260,50,-50,50,50,false,0,0,false
2843,47012,63,60,true,260,50,-50,50,50,false,0,0,false
2844,47012,63,60,true,260,50,-50,50,50,false,0,0,false
2845,47012,63,61,true,260,50,-50,50,50,false,0,0,false
2846,47012,63,61,true,260,50,-50,50,50,false,0,0,false
2847,47012,63,61,true,260,50,-50,50,50,false,0,0,false
2848,47012,63,63,true,260,50,-50,50,50,false,0,0,false
2849,47012,63,58,true,260,50,-50,50,50,false,0,0,false
2850,47012,63,58,true,260,50,-50,50,50,false,0,0,false
2851,47013,63,50,true,260,50,-50,50,50,false,0,0,false
2852,47013,63,61,true,260,50,-50,50,50,false,0,0,false
2853,47013,63,60,true,260,50,-50,50,50,false,0,0,false
2854,47013,63,61,true,260,50,-50,50,50,false,0,0,false
2855,47014,63,61,true,260,50,-50,50,50,false,0,0,false
2856,47014,63,63,true,260,50,-50,50,50,false,0,0,false
2857,47014,63,63,true,260,50,-50,50,50,false,0,0,false
2858,47014,63,61,true,260,50,-50,50,50,false,0,0,false
2859,47014,63,60,true,260,50,-50,50,50,false,0,0,false
2860,47014,63,60,true,260,50,-50,50,50,false,0,0,false
2861,47014,63,63,true,260,50,-50,50,50,false,0,0,false
2862,47014,63,50,true,260,50,-50,50,50,false,0,0,false
2863,47014,63,61,true,260,50,-50,50,50,false,0,0,false
2864,47014,63,60,true,260,50,-50,50,50,false,0,0,false
2865,47014,63,50,true,260,50,-50,50,50,false,0,0,false
2866,47014,63,58,true,260,50,-50,50,50,false,0,0,false
2867,47014,63,63,true,260,50,-50,50,50,false,0,0,false
2868,47014,63,61,true,260,50,-50,50,50,false,0,0,false
2869,47014,63,63,true,260,50,-50,50,50,false,0,0,false
2870,47014,63,60,true,260,50,-50,50,50,false,0,0,false
2871,47014,63,61,true,260,50,-50,50,50,false,0,0,false
2872,47014,63,50,true,260,50,-50,50,50,false,0,0,false
2873,47014,63,63,true,260,50,-50,50,50,false,0,0,false
2874,47014,63,60,true,260,50,-50,50,50,false,0,0,false
2875,47014,63,61,true,260,50,-50,50,50,false,0,0,false
2876,47014,63,63,true,260,50,-50,50,50,false,0,0,false
2877,47014,63,50,true,260,50,-50,50,50,false,0,0,false
2878,47014,63,63,true,260,50,-50,50,50,false,0,0,false
2879,47014,63,61,true,260,50,-50,50,50,false,0,0,false
2880,47014,63,61,true,260,50,-50,50,50,false,0,0,false
2881,47014,63,50,true,260,50,-50,50,50,false,0,0,false
2882,47014,63,61,true,260,50,-50,50,50,false,0,0,false
2883,47014,63,63,true,260,50,-50,50,50,false,0,0,false
2884,47014,63,63,true,260,50,-50,50,50,false,0,0,false
2885,47014,63,60,true,260,50,-50,50,50,false,0,0,false
2886,47014,63,61,true,260,50,-50,50,50,false,0,0,false
2887,47014,63,60,true,260,50,-50,50,50,false,0,0,false
2888,47014,63,50,true,260,50,-50,50,50,false,0,0,false
2889,47014,63,61,true,260,50,-50,50,50,false,0,0,false
2890,47014,63,50,true,260,50,-50,50,50,false,0,0,false
2891,47014,63,58,true,260,50,-50,50,50,false,0,0,false
2892,47014,63,60,true,260,50,-50,50,50,false,0,0,false
2893,47014,63,60,true,260,50,-50,50,50,false,0,0,false
2894,47014,63,61,true,260,50,-50,50,50,false,0,0,false
2895,47014,63,63,true,260,50,-50,50,50,false,0,0,false
2896,47014,63,63,true,260,50,-50,50,50,false,0,0,false
2897,47014,63,50,true,260,50,-50,50,50,false,0,0,false
2898,47014,63,63,true,260,50,-50,50,50,false,0,0,false
2899,47014,63,63,true,260,50,-50,50,50,false,0,0,false
2900,47014,63,63,true,260,50,-50,50,50,false,0,0,false
2901,47014,63,63,true,260,50,-50,50,50,false,0,0,false
2902,47014,63,63,true,260,50,-50,50,50,false,0,0,false
2903,47014,63,63,true,260,50,-50,50,50,false,0,0,false
2904,47014,63,63,true,260,50,-50,50,50,false,0,0,false
2905,47014,63,50,true,260,50,-50,50,50,false,0,0,false
2906,47014,63,61,true,260,50,-50,50,50,false,0,0,false
2907,47014,63,63,true,260,50,-50,50,50,false,0,0,false
2908,47016,63,50,true,260,50,-50,50,50,false,0,0,false
2909,47016,63,50,true,260,50,-50,50,50,false,0,0,false
2910,47016,63,60,true,260,50,-50,50,50,false,0,0,false
2911,47016,63,60,true,260,50,-50,50,50,false,0,0,false
2912,47016,63,63,true,260,50,-50,50,50,false,0,0,false
2913,47016,63,50,true,260,50,-50,50,50,false,0,0,false
2914,47016,63,58,true,260,50,-50,50,50,false,0,0,false
2915,47017,63,61,true,260,50,-50,50,50,false,0,0,false
2916,47017,63,60,true,260,50,-50,50,50,false,0,0,false
2917,47017,63,50,true,260,50,-50,50,50,false,0,0,false
2918,47017,63,63,true,260,50,-50,50,50,false,0,0,false
2919,47017,63,50,true,260,50,-50,50,50,false,0,0,false
2920,47017,63,50,true,260,50,-50,50,50,false,0,0,false
2921,47017,63,61,true,260,50,-50,50,50,false,0,0,false
2922,47017,63,61,true,260,50,-50,50,50,false,0,0,false
2923,47017,63,61,true,260,50,-50,50,50,false,0,0,false
2924,47017,63,50,true,260,50,-50,50,50,false,0,0,false
2925,47017,63,50,true,260,50,-50,50,50,false,0,0,false
2926,47017,63,61,true,260,50,-50,50,50,false,0,0,false
2927,47018,63,50,true,260,50,-50,50,50,false,0,0,false
2928,47020,63,50,true,260,50,-50,50,50,false,0,0,false
2929,47020,63,61,true,260,50,-50,50,50,false,0,0,false
2930,47020,63,60,true,260,50,-50,50,50,false,0,0,false
2931,47020,63,63,true,260,50,-50,50,50,false,0,0,false
2932,47020,63,50,true,260,50,-50,50,50,false,0,0,false
2933,47020,63,50,true,260,50,-50,50,50,false,0,0,false
2934,47020,63,60,true,260,50,-50,50,50,false,0,0,false
2935,47020,63,61,true,260,50,-50,50,50,false,0,0,false
2936,47020,63,60,true,260,50,-50,50,50,false,0,0,false
2937,47020,63,60,true,260,50,-50,50,50,false,0,0,false
2938,47020,63,63,true,260,50,-50,50,50,false,0,0,false
2939,47021,63,50,true,260,50,-50,50,50,false,0,0,false
2940,47021,63,63,true,260,50,-50,50,50,false,0,0,false
2941,47021,63,61,true,260,50,-50,50,50,false,0,0,false
2942,47022,63,58,true,260,50,-50,50,50,false,0,0,false
2943,47022,63,63,true,260,50,-50,50,50,false,0,0,false
2944,47022,63,58,true,260,50,-50,50,50,false,0,0,false
2945,47023,63,63,true,260,50,-50,50,50,false,0,0,false
2946,47024,63,50,true,260,50,-50,50,50,false,0,0,false
2947,47024,63,60,true,260,50,-50,50,50,false,0,0,false
2948,47024,63,61,true,260,50,-50,50,50,false,0,0,false
2949,52011,63,50,true,260,50,-50,50,50,false,0,0,false
2950,48017,63,60,true,260,50,-50,50,50,false,0,0,false
2951,48006,64,63,true,260,50,-50,50,50,false,0,0,false
2952,48008,64,50,true,260,50,-50,50,50,false,0,0,false
2953,48008,64,61,true,260,50,-50,50,50,false,0,0,false
2954,48008,64,61,true,260,50,-50,50,50,false,0,0,false
2955,48010,64,50,true,260,50,-50,50,50,false,0,0,false
2956,48010,64,58,true,260,50,-50,50,50,false,0,0,false
2957,48010,64,61,true,260,50,-50,50,50,false,0,0,false
2958,48010,64,58,true,260,50,-50,50,50,false,0,0,false
2959,48010,64,61,true,260,50,-50,50,50,false,0,0,false
2960,48010,64,60,true,260,50,-50,50,50,false,0,0,false
2961,48010,64,50,true,260,50,-50,50,50,false,0,0,false
2962,48010,64,60,true,260,50,-50,50,50,false,0,0,false
2963,48011,64,50,true,260,50,-50,50,50,false,0,0,false
2964,48011,64,63,true,260,50,-50,50,50,false,0,0,false
2965,48011,64,60,true,260,50,-50,50,50,false,0,0,false
2966,48011,64,58,true,260,50,-50,50,50,false,0,0,false
2967,48011,64,61,true,260,50,-50,50,50,false,0,0,false
2968,48011,64,63,true,260,50,-50,50,50,false,0,0,false
2969,48011,64,50,true,260,50,-50,50,50,false,0,0,false
2970,48011,64,50,true,260,50,-50,50,50,false,0,0,false
2971,48012,64,60,true,260,50,-50,50,50,false,0,0,false
2972,48012,64,60,true,260,50,-50,50,50,false,0,0,false
2973,48014,64,58,true,260,50,-50,50,50,false,0,0,false
2974,48014,64,60,true,260,50,-50,50,50,false,0,0,false
2975,48014,64,50,true,260,50,-50,50,50,false,0,0,false
2976,48014,64,63,true,260,50,-50,50,50,false,0,0,false
2977,48014,64,50,true,260,50,-50,50,50,false,0,0,false
2978,48014,64,60,true,260,50,-50,50,50,false,0,0,false
2979,48014,64,58,true,260,50,-50,50,50,false,0,0,false
2980,48014,64,63,true,260,50,-50,50,50,false,0,0,false
2981,48014,64,50,true,260,50,-50,50,50,false,0,0,false
2982,48014,64,63,true,260,50,-50,50,50,false,0,0,false
2983,48014,64,50,true,260,50,-50,50,50,false,0,0,false
2984,48014,64,58,true,260,50,-50,50,50,false,0,0,false
2985,48014,64,58,true,260,50,-50,50,50,false,0,0,false
2986,48014,64,60,true,260,50,-50,50,50,false,0,0,false
2987,48014,64,50,true,260,50,-50,50,50,false,0,0,false
2988,48014,64,58,true,260,50,-50,50,50,false,0,0,false
2989,48014,64,61,true,260,50,-50,50,50,false,0,0,false
2990,48014,64,50,true,260,50,-50,50,50,false,0,0,false
2991,48014,64,61,true,260,50,-50,50,50,false,0,0,false
2992,48014,64,60,true,260,50,-50,50,50,false,0,0,false
2993,48014,64,50,true,260,50,-50,50,50,false,0,0,false
2994,48014,64,60,true,260,50,-50,50,50,false,0,0,false
2995,48014,64,60,true,260,50,-50,50,50,false,0,0,false
2996,48014,64,61,true,260,50,-50,50,50,false,0,0,false
2997,48014,64,61,true,260,50,-50,50,50,false,0,0,false
2998,48014,64,58,true,260,50,-50,50,50,false,0,0,false
2999,48014,64,58,true,260,50,-50,50,50,false,0,0,false
3000,48014,64,58,true,260,50,-50,50,50,false,0,0,false
3001,48014,64,50,true,260,50,-50,50,50,false,0,0,false
3002,48014,64,50,true,260,50,-50,50,50,false,0,0,false
3003,48014,64,60,true,260,50,-50,50,50,false,0,0,false
3004,48014,64,61,true,260,50,-50,50,50,false,0,0,false
3005,48017,64,60,true,260,50,-50,50,50,false,0,0,false
3006,48019,64,60,true,260,50,-50,50,50,false,0,0,false
3007,48019,64,63,true,260,50,-50,50,50,false,0,0,false
3008,48019,64,63,true,260,50,-50,50,50,false,0,0,false
3009,48019,64,50,true,260,50,-50,50,50,false,0,0,false
3010,48019,64,60,true,260,50,-50,50,50,false,0,0,false
3011,48019,64,63,true,260,50,-50,50,50,false,0,0,false
3012,48019,64,50,true,260,50,-50,50,50,false,0,0,false
3013,48019,64,63,true,260,50,-50,50,50,false,0,0,false
3014,48019,64,58,true,260,50,-50,50,50,false,0,0,false
3015,48019,64,58,true,260,50,-50,50,50,false,0,0,false
3016,48019,64,60,true,260,50,-50,50,50,false,0,0,false
3017,48019,64,63,true,260,50,-50,50,50,false,0,0,false
3018,48019,64,63,true,260,50,-50,50,50,false,0,0,false
3019,48019,64,60,true,260,50,-50,50,50,false,0,0,false
3020,48020,64,50,true,260,50,-50,50,50,false,0,0,false
3021,48024,64,61,true,260,50,-50,50,50,false,0,0,false
3022,48027,64,50,true,260,50,-50,50,50,false,0,0,false
3023,48028,64,63,true,260,50,-50,50,50,false,0,0,false
3024,48028,64,60,true,260,50,-50,50,50,false,0,0,false
3025,48028,64,60,true,260,50,-50,50,50,false,0,0,false
3026,48028,64,58,true,260,50,-50,50,50,false,0,0,false
3027,48028,64,58,true,260,50,-50,50,50,false,0,0,false
3028,48028,64,50,true,260,50,-50,50,50,false,0,0,false
3029,48028,64,60,true,260,50,-50,50,50,false,0,0,false
3030,48028,64,61,true,260,50,-50,50,50,false,0,0,false
3031,48030,64,63,true,260,50,-50,50,50,false,0,0,false
3032,48030,64,50,true,260,50,-50,50,50,false,0,0,false
3033,48030,64,61,true,260,50,-50,50,50,false,0,0,false
3034,48030,64,50,true,260,50,-50,50,50,false,0,0,false
3035,48036,64,60,true,260,50,-50,50,50,false,0,0,false
3036,48041,64,61,true,260,50,-50,50,50,false,0,0,false
3037,48050,64,50,true,260,50,-50,50,50,false,0,0,false
3038,48050,64,61,true,260,50,-50,50,50,false,0,0,false
3039,48050,64,58,true,260,50,-50,50,50,false,0,0,false
3040,48050,64,58,true,260,50,-50,50,50,false,0,0,false
3041,48050,64,50,true,260,50,-50,50,50,false,0,0,false
3042,48050,64,61,true,260,50,-50,50,50,false,0,0,false
3043,48050,64,50,true,260,50,-50,50,50,false,0,0,false
3044,48050,64,61,true,260,50,-50,50,50,false,0,0,false
3045,48050,64,63,true,260,50,-50,50,50,false,0,0,false
3046,48054,64,61,true,260,50,-50,50,50,false,0,0,false
3047,53014,64,48,true,260,50,-50,50,50,false,0,0,false
3048,49001,64,58,true,260,50,-50,50,50,false,0,0,false
3049,46001,64,50,true,260,50,-50,50,50,false,0,0,false
3050,46024,64,63,true,260,50,-50,50,50,false,0,0,false
3051,50004,64,61,true,260,50,-50,50,50,false,0,0,false
3052,50009,64,58,true,260,50,-50,50,50,false,0,0,false
3053,50009,64,63,true,260,50,-50,50,50,false,0,0,false
3054,50009,64,60,true,260,50,-50,50,50,false,0,0,false
3055,50009,64,58,true,260,50,-50,50,50,false,0,0,false
3056,50009,64,58,true,260,50,-50,50,50,false,0,0,false
3057,50009,64,58,true,260,50,-50,50,50,false,0,0,false
3058,50009,64,58,true,260,50,-50,50,50,false,0,0,false
3059,50009,64,63,true,260,50,-50,50,50,false,0,0,false
3060,50022,64,60,true,260,50,-50,50,50,false,0,0,false
3061,50022,64,61,true,260,50,-50,50,50,false,0,0,false
3062,50022,64,63,true,260,50,-50,50,50,false,0,0,false
3063,50022,64,63,true,260,50,-50,50,50,false,0,0,false
3064,50022,64,50,true,260,50,-50,50,50,false,0,0,false
3065,50022,64,63,true,260,50,-50,50,50,false,0,0,false
3066,50022,64,58,true,260,50,-50,50,50,false,0,0,false
3067,50024,64,50,true,260,50,-50,50,50,false,0,0,false
3068,50028,64,63,true,260,50,-50,50,50,false,0,0,false
3069,50032,64,60,true,260,50,-50,50,50,false,0,0,false
3070,50032,64,63,true,260,50,-50,50,50,false,0,0,false
3071,50032,64,60,true,260,50,-50,50,50,false,0,0,false
3072,50032,64,50,true,260,50,-50,50,50,false,0,0,false
3073,50032,64,61,true,260,50,-50,50,50,false,0,0,false
3074,50032,64,61,true,260,50,-50,50,50,false,0,0,false
3075,50032,64,50,true,260,50,-50,50,50,false,0,0,false
3076,50032,64,60,true,260,50,-50,50,50,false,0,0,false
3077,50032,64,60,true,260,50,-50,50,50,false,0,0,false
3078,50032,64,61,true,260,50,-50,50,50,false,0,0,false
3079,50032,64,58,true,260,50,-50,50,50,false,0,0,false
3080,50032,64,60,true,260,50,-50,50,50,false,0,0,false
3081,50032,64,58,true,260,50,-50,50,50,false,0,0,false
3082,50032,64,61,true,260,50,-50,50,50,false,0,0,false
3083,50032,64,48,true,260,50,-50,50,50,false,0,0,false
3084,50032,64,50,true,260,50,-50,50,50,false,0,0,false
3085,50033,64,60,true,260,50,-50,50,50,false,0,0,false
3086,50033,64,60,true,260,50,-50,50,50,false,0,0,false
3087,50033,64,63,true,260,50,-50,50,50,false,0,0,false
3088,50033,64,60,true,260,50,-50,50,50,false,0,0,false
3089,50033,64,60,true,260,50,-50,50,50,false,0,0,false
3090,50033,64,63,true,260,50,-50,50,50,false,0,0,false
3091,50033,64,60,true,260,50,-50,50,50,false,0,0,false
3092,50033,64,58,true,260,50,-50,50,50,false,0,0,false
3093,50033,64,60,true,260,50,-50,50,50,false,0,0,false
3094,50033,64,63,true,260,50,-50,50,50,false,0,0,false
3095,50033,64,60,true,260,50,-50,50,50,false,0,0,false
3096,50033,64,50,true,260,50,-50,50,50,false,0,0,false
3097,50033,64,61,true,260,50,-50,50,50,false,0,0,false
3098,50033,64,63,true,260,50,-50,50,50,false,0,0,false
3099,50035,64,61,true,260,50,-50,50,50,false,0,0,false
3100,50040,64,58,true,260,50,-50,50,50,false,0,0,false
3101,100002,64,60,true,260,50,-50,50,50,false,0,0,false
3102,100005,64,63,true,260,50,-50,50,50,false,0,0,false
3103,47005,64,58,true,260,50,-50,50,50,false,0,0,false
3104,47005,64,60,true,260,50,-50,50,50,false,0,0,false
3105,47005,64,63,true,260,50,-50,50,50,false,0,0,false
3106,47006,64,63,true,260,50,-50,50,50,false,0,0,false
3107,47009,64,63,true,260,50,-50,50,50,false,0,0,false
3108,47011,64,61,true,260,50,-50,50,50,false,0,0,false
3109,47012,64,63,true,260,50,-50,50,50,false,0,0,false
3110,47020,64,60,true,260,50,-50,50,50,false,0,0,false
3111,47022,64,63,true,260,50,-50,50,50,false,0,0,false
3112,52012,64,60,true,260,50,-50,50,50,false,0,0,false
3113,48010,65,50,true,260,50,-50,50,50,false,0,0,false
3114,48014,65,50,true,260,50,-50,50,50,false,0,0,false
3115,48017,65,63,true,260,50,-50,50,50,false,0,0,false
3116,48019,65,58,true,260,50,-50,50,50,false,0,0,false
3117,48027,65,58,true,260,50,-50,50,50,false,0,0,false
3118,48028,65,60,true,260,50,-50,50,50,false,0,0,false
3119,48036,65,60,true,260,50,-50,50,50,false,0,0,false
3120,49001,65,58,true,260,50,-50,50,50,false,0,0,false
3121,49002,65,58,true,260,50,-50,50,50,false,0,0,false
3122,49008,65,58,true,260,50,-50,50,50,false,0,0,false
3123,49009,65,60,true,260,50,-50,50,50,false,0,0,false
3124,46001,65,60,true,260,50,-50,50,50,false,0,0,false
3125,46007,65,58,true,260,50,-50,50,50,false,0,0,false
3126,46017,65,63,true,260,50,-50,50,50,false,0,0,false
3127,46021,65,50,true,260,50,-50,50,50,false,0,0,false
3128,46033,65,61,true,260,50,-50,50,50,false,0,0,false
3129,46036,65,63,true,260,50,-50,50,50,false,0,0,false
3130,50001,65,58,true,260,50,-50,50,50,false,0,0,false
3131,50001,65,63,true,260,50,-50,50,50,false,0,0,false
3132,50001,65,63,true,260,50,-50,50,50,false,0,0,false
3133,50001,65,58,true,260,50,-50,50,50,false,0,0,false
3134,50001,65,60,true,260,50,-50,50,50,false,0,0,false
3135,50001,65,63,true,260,50,-50,50,50,false,0,0,false
3136,50002,65,58,true,260,50,-50,50,50,false,0,0,false
3137,50002,65,60,true,260,50,-50,50,50,false,0,0,false
3138,50002,65,61,true,260,50,-50,50,50,false,0,0,false
3139,50003,65,58,true,260,50,-50,50,50,false,0,0,false
3140,50004,65,50,true,260,50,-50,50,50,false,0,0,false
3141,50004,65,61,true,260,50,-50,50,50,false,0,0,false
3142,50004,65,61,true,260,50,-50,50,50,false,0,0,false
3143,50004,65,60,true,260,50,-50,50,50,false,0,0,false
3144,50004,65,58,true,260,50,-50,50,50,false,0,0,false
3145,50004,65,58,true,260,50,-50,50,50,false,0,0,false
3146,50005,65,63,true,260,50,-50,50,50,false,0,0,false
3147,50005,65,50,true,260,50,-50,50,50,false,0,0,false
3148,50005,65,58,true,260,50,-50,50,50,false,0,0,false
3149,50005,65,50,true,260,50,-50,50,50,false,0,0,false
3150,50008,65,58,true,260,50,-50,50,50,false,0,0,false
3151,50008,65,58,true,260,50,-50,50,50,false,0,0,false
3152,50008,65,58,true,260,50,-50,50,50,false,0,0,false
3153,50008,65,63,true,260,50,-50,50,50,false,0,0,false
3154,50008,65,63,true,260,50,-50,50,50,false,0,0,false
3155,50008,65,61,true,260,50,-50,50,50,false,0,0,false
3156,50009,65,63,true,260,50,-50,50,50,false,0,0,false
3157,50009,65,58,true,260,50,-50,50,50,false,0,0,false
3158,50012,65,58,true,260,50,-50,50,50,false,0,0,false
3159,50014,65,63,true,260,50,-50,50,50,false,0,0,false
3160,50016,65,58,true,260,50,-50,50,50,false,0,0,false
3161,50019,65,58,true,260,50,-50,50,50,false,0,0,false
3162,50022,65,63,true,260,50,-50,50,50,false,0,0,false
3163,50022,65,50,true,260,50,-50,50,50,false,0,0,false
3164,50024,65,63,true,260,50,-50,50,50,false,0,0,false
3165,50024,65,50,true,260,50,-50,50,50,false,0,0,false
3166,50025,65,50,true,260,50,-50,50,50,false,0,0,false
3167,50025,65,58,true,260,50,-50,50,50,false,0,0,false
3168,50025,65,60,true,260,50,-50,50,50,false,0,0,false
3169,50026,65,58,true,260,50,-50,50,50,false,0,0,false
3170,50026,65,63,true,260,50,-50,50,50,false,0,0,false
3171,50026,65,58,true,260,50,-50,50,50,false,0,0,false
3172,50027,65,60,true,260,50,-50,50,50,false,0,0,false
3173,50028,65,60,true,260,50,-50,50,50,false,0,0,false
3174,50028,65,61,true,260,50,-50,50,50,false,0,0,false
3175,50028,65,58,true,260,50,-50,50,50,false,0,0,false
3176,50028,65,61,true,260,50,-50,50,50,false,0,0,false
3177,50028,65,63,true,260,50,-50,50,50,false,0,0,false
3178,50028,65,63,true,260,50,-50,50,50,false,0,0,false
3179,50028,65,50,true,260,50,-50,50,50,false,0,0,false
3180,50028,65,60,true,260,50,-50,50,50,false,0,0,false
3181,50028,65,58,true,260,50,-50,50,50,false,0,0,false
3182,50028,65,58,true,260,50,-50,50,50,false,0,0,false
3183,50028,65,61,true,260,50,-50,50,50,false,0,0,false
3184,50028,65,58,true,260,50,-50,50,50,false,0,0,false
3185,50029,65,63,true,260,50,-50,50,50,false,0,0,false
3186,50029,65,63,true,260,50,-50,50,50,false,0,0,false
3187,50029,65,61,true,260,50,-50,50,50,false,0,0,false
3188,50029,65,58,true,260,50,-50,50,50,false,0,0,false
3189,50029,65,63,true,260,50,-50,50,50,false,0,0,false
3190,50029,65,63,true,260,50,-50,50,50,false,0,0,false
3191,50029,65,50,true,260,50,-50,50,50,false,0,0,false
3192,50029,65,63,true,260,50,-50,50,50,false,0,0,false
3193,50029,65,50,true,260,50,-50,50,50,false,0,0,false
3194,50029,65,58,true,260,50,-50,50,50,false,0,0,false
3195,50029,65,61,true,260,50,-50,50,50,false,0,0,false
3196,50029,65,63,true,260,50,-50,50,50,false,0,0,false
3197,50029,65,60,true,260,50,-50,50,50,false,0,0,false
3198,50029,65,60,true,260,50,-50,50,50,false,0,0,false
3199,50029,65,48,true,260,50,-50,50,50,false,0,0,false
3200,50029,65,61,true,260,50,-50,50,50,false,0,0,false
3201,50029,65,63,true,260,50,-50,50,50,false,0,0,false
3202,50029,65,50,true,260,50,-50,50,50,false,0,0,false
3203,50029,65,60,true,260,50,-50,50,50,false,0,0,false
3204,50029,65,50,true,260,50,-50,50,50,false,0,0,false
3205,50029,65,58,true,260,50,-50,50,50,false,0,0,false
3206,50029,65,58,true,260,50,-50,50,50,false,0,0,false
3207,50029,65,58,true,260,50,-50,50,50,false,0,0,false
3208,50029,65,60,true,260,50,-50,50,50,false,0,0,false
3209,50029,65,50,true,260,50,-50,50,50,false,0,0,false
3210,50029,65,58,true,260,50,-50,50,50,false,0,0,false
3211,50031,65,63,true,260,50,-50,50,50,false,0,0,false
3212,50031,65,63,true,260,50,-50,50,50,false,0,0,false
3213,50032,65,58,true,260,50,-50,50,50,false,0,0,false
3214,50032,65,50,true,260,50,-50,50,50,false,0,0,false
3215,50033,65,58,true,260,50,-50,50,50,false,0,0,false
3216,50034,65,50,true,260,50,-50,50,50,false,0,0,false
3217,50035,65,58,true,260,50,-50,50,50,false,0,0,false
3218,50035,65,63,true,260,50,-50,50,50,false,0,0,false
3219,50035,65,61,true,260,50,-50,50,50,false,0,0,false
3220,50035,65,61,true,260,50,-50,50,50,false,0,0,false
3221,50035,65,58,true,260,50,-50,50,50,false,0,0,false
3222,50035,65,58,true,260,50,-50,50,50,false,0,0,false
3223,50035,65,58,true,260,50,-50,50,50,false,0,0,false
3224,50035,65,58,true,260,50,-50,50,50,false,0,0,false
3225,50035,65,58,true,260,50,-50,50,50,false,0,0,false
3226,50035,65,58,true,260,50,-50,50,50,false,0,0,false
3227,50036,65,58,true,260,50,-50,50,50,false,0,0,false
3228,50036,65,58,true,260,50,-50,50,50,false,0,0,false
3229,50037,65,50,true,260,50,-50,50,50,false,0,0,false
3230,50038,65,58,true,260,50,-50,50,50,false,0,0,false
3231,50038,65,58,true,260,50,-50,50,50,false,0,0,false
3232,50039,65,60,true,260,50,-50,50,50,false,0,0,false
3233,50040,65,58,true,260,50,-50,50,50,false,0,0,false
3234,50040,65,50,true,260,50,-50,50,50,false,0,0,false
3235,50040,65,58,true,260,50,-50,50,50,false,0,0,false
3236,50040,65,58,true,260,50,-50,50,50,false,0,0,false
3237,50040,65,58,true,260,50,-50,50,50,false,0,0,false
3238,50040,65,60,true,260,50,-50,50,50,false,0,0,false
3239,50041,65,58,true,260,50,-50,50,50,false,0,0,false
3240,50041,65,58,true,260,50,-50,50,50,false,0,0,false
3241,47012,65,50,true,260,50,-50,50,50,false,0,0,false
3242,47016,65,61,true,260,50,-50,50,50,false,0,0,false
3243,52028,65,63,true,260,50,-50,50,50,false,0,0,false
3244,48014,66,63,true,260,50,-50,50,50,false,0,0,false
3245,48017,66,61,true,260,50,-50,50,50,false,0,0,false
3246,48019,66,60,true,260,50,-50,50,50,false,0,0,false
3247,48033,66,60,true,260,50,-50,50,50,false,0,0,false
3248,48038,66,48,true,260,50,-50,50,50,false,0,0,false
3249,48054,66,50,true,260,50,-50,50,50,false,0,0,false
3250,49002,66,58,true,260,50,-50,50,50,false,0,0,false
3251,49007,66,50,true,260,50,-50,50,50,false,0,0,false
3252,49008,66,58,true,260,50,-50,50,50,false,0,0,false
3253,49009,66,58,true,260,50,-50,50,50,false,0,0,false
3254,49009,66,61,true,260,50,-50,50,50,false,0,0,false
3255,49009,66,58,true,260,50,-50,50,50,false,0,0,false
3256,49009,66,58,true,260,50,-50,50,50,false,0,0,false
3257,49017,66,58,true,260,50,-50,50,50,false,0,0,false
3258,46001,66,50,true,260,50,-50,50,50,false,0,0,false
3259,46004,66,63,true,260,50,-50,50,50,false,0,0,false
3260,46005,66,58,true,260,50,-50,50,50,false,0,0,false
3261,46005,66,58,true,260,50,-50,50,50,false,0,0,false
3262,46005,66,58,true,260,50,-50,50,50,false,0,0,false
3263,46005,66,58,true,260,50,-50,50,50,false,0,0,false
3264,46005,66,63,true,260,50,-50,50,50,false,0,0,false
3265,46005,66,60,true,260,50,-50,50,50,false,0,0,false
3266,46005,66,50,true,260,50,-50,50,50,false,0,0,false
3267,46005,66,50,true,260,50,-50,50,50,false,0,0,false
3268,46005,66,58,true,260,50,-50,50,50,false,0,0,false
3269,46005,66,63,true,260,50,-50,50,50,false,0,0,false
3270,46005,66,58,true,260,50,-50,50,50,false,0,0,false
3271,46005,66,50,true,260,50,-50,50,50,false,0,0,false
3272,46005,66,63,true,260,50,-50,50,50,false,0,0,false
3273,46005,66,58,true,260,50,-50,50,50,false,0,0,false
3274,46005,66,58,true,260,50,-50,50,50,false,0,0,false
3275,46005,66,63,true,260,50,-50,50,50,false,0,0,false
3276,46005,66,58,true,260,50,-50,50,50,false,0,0,false
3277,46005,66,58,true,260,50,-50,50,50,false,0,0,false
3278,46005,66,50,true,260,50,-50,50,50,false,0,0,false
3279,46005,66,63,true,260,50,-50,50,50,false,0,0,false
3280,46007,66,58,true,260,50,-50,50,50,false,0,0,false
3281,46009,66,61,true,260,50,-50,50,50,false,0,0,false
3282,46013,66,58,true,260,50,-50,50,50,false,0,0,false
3283,46013,66,63,true,260,50,-50,50,50,false,0,0,false
3284,46015,66,60,true,260,50,-50,50,50,false,0,0,false
3285,46017,66,58,true,260,50,-50,50,50,false,0,0,false
3286,46017,66,63,true,260,50,-50,50,50,false,0,0,false
3287,46017,66,61,true,260,50,-50,50,50,false,0,0,false
3288,46018,66,50,true,260,50,-50,50,50,false,0,0,false
3289,46018,66,50,true,260,50,-50,50,50,false,0,0,false
3290,46018,66,58,true,260,50,-50,50,50,false,0,0,false
3291,46018,66,58,true,260,50,-50,50,50,false,0,0,false
3292,46018,66,63,true,260,50,-50,50,50,false,0,0,false
3293,46018,66,63,true,260,50,-50,50,50,false,0,0,false
3294,46018,66,60,true,260,50,-50,50,50,false,0,0,false
3295,46018,66,61,true,260,50,-50,50,50,false,0,0,false
3296,46018,66,61,true,260,50,-50,50,50,false,0,0,false
3297,46018,66,58,true,260,50,-50,50,50,false,0,0,false
3298,46018,66,58,true,260,50,-50,50,50,false,0,0,false
3299,46018,66,50,true,260,50,-50,50,50,false,0,0,false
3300,46018,66,63,true,260,50,-50,50,50,false,0,0,false
3301,46021,66,61,true,260,50,-50,50,50,false,0,0,false
3302,46024,66,50,true,260,50,-50,50,50,false,0,0,false
3303,46024,66,63,true,260,50,-50,50,50,false,0,0,false
3304,46024,66,58,true,260,50,-50,50,50,false,0,0,false
3305,46024,66,58,true,260,50,-50,50,50,false,0,0,false
3306,46024,66,63,true,260,50,-50,50,50,false,0,0,false
3307,46024,66,58,true,260,50,-50,50,50,false,0,0,false
3308,46024,66,61,true,260,50,-50,50,50,false,0,0,false
3309,46024,66,60,true,260,50,-50,50,50,false,0,0,false
3310,46024,66,63,true,260,50,-50,50,50,false,0,0,false
3311,46024,66,58,true,260,50,-50,50,50,false,0,0,false
3312,46024,66,61,true,260,50,-50,50,50,false,0,0,false
3313,46024,66,63,true,260,50,-50,50,50,false,0,0,false
3314,46026,66,60,true,260,50,-50,50,50,false,0,0,false
3315,46028,66,58,true,260,50,-50,50,50,false,0,0,false
3316,46028,66,58,true,260,50,-50,50,50,false,0,0,false
3317,46028,66,58,true,260,50,-50,50,50,false,0,0,false
3318,46028,66,63,true,260,50,-50,50,50,false,0,0,false
3319,46028,66,63,true,260,50,-50,50,50,false,0,0,false
3320,46028,66,58,true,260,50,-50,50,50,false,0,0,false
3321,46028,66,61,true,260,50,-50,50,50,false,0,0,false
3322,46030,66,58,true,260,50,-50,50,50,false,0,0,false
3323,46030,66,61,true,260,50,-50,50,50,false,0,0,false
3324,46033,66,63,true,260,50,-50,50,50,false,0,0,false
3325,46033,66,60,true,260,50,-50,50,50,false,0,0,false
3326,46033,66,58,true,260,50,-50,50,50,false,0,0,false
3327,46033,66,61,true,260,50,-50,50,50,false,0,0,false
3328,46033,66,58,true,260,50,-50,50,50,false,0,0,false
3329,46033,66,58,true,260,50,-50,50,50,false,0,0,false
3330,46033,66,63,true,260,50,-50,50,50,false,0,0,false
3331,46033,66,58,true,260,50,-50,50,50,false,0,0,false
3332,46033,66,58,true,260,50,-50,50,50,false,0,0,false
3333,46033,66,61,true,260,50,-50,50,50,false,0,0,false
3334,46033,66,63,true,260,50,-50,50,50,false,0,0,false
3335,46033,66,63,true,260,50,-50,50,50,false,0,0,false
3336,46033,66,58,true,260,50,-50,50,50,false,0,0,false
3337,46033,66,58,true,260,50,-50,50,50,false,0,0,false
3338,46033,66,61,true,260,50,-50,50,50,false,0,0,false
3339,46033,66,60,true,260,50,-50,50,50,false,0,0,false
3340,46033,66,58,true,260,50,-50,50,50,false,0,0,false
3341,46033,66,58,true,260,50,-50,50,50,false,0,0,false
3342,46033,66,58,true,260,50,-50,50,50,false,0,0,false
3343,46033,66,61,true,260,50,-50,50,50,false,0,0,false
3344,46033,66,58,true,260,50,-50,50,50,false,0,0,false
3345,46033,66,58,true,260,50,-50,50,50,false,0,0,false
3346,46033,66,60,true,260,50,-50,50,50,false,0,0,false
3347,46033,66,63,true,260,50,-50,50,50,false,0,0,false
3348,46033,66,58,true,260,50,-50,50,50,false,0,0,false
3349,46033,66,58,true,260,50,-50,50,50,false,0,0,false
3350,46033,66,63,true,260,50,-50,50,50,false,0,0,false
3351,46033,66,50,true,260,50,-50,50,50,false,0,0,false
3352,46033,66,58,true,260,50,-50,50,50,false,0,0,false
3353,46033,66,50,true,260,50,-50,50,50,false,0,0,false
3354,46033,66,58,true,260,50,-50,50,50,false,0,0,false
3355,46033,66,58,true,260,50,-50,50,50,false,0,0,false
3356,46033,66,60,true,260,50,-50,50,50,false,0,0,false
3357,46033,66,60,true,260,50,-50,50,50,false,0,0,false
3358,46033,66,50,true,260,50,-50,50,50,false,0,0,false
3359,46033,66,63,true,260,50,-50,50,50,false,0,0,false
3360,46033,66,58,true,260,50,-50,50,50,false,0,0,false
3361,46033,66,63,true,260,50,-50,50,50,false,0,0,false
3362,46033,66,58,true,260,50,-50,50,50,false,0,0,false
3363,46033,66,60,true,260,50,-50,50,50,false,0,0,false
3364,45001,66,58,true,260,50,-50,50,50,false,0,0,false
3365,45003,66,58,true,260,50,-50,50,50,false,0,0,false
3366,45003,66,58,true,260,50,-50,50,50,false,0,0,false
3367,45003,66,58,true,260,50,-50,50,50,false,0,0,false
3368,45003,66,58,true,260,50,-50,50,50,false,0,0,false
3369,45006,66,58,true,260,50,-50,50,50,false,0,0,false
3370,45007,66,58,true,260,50,-50,50,50,false,0,0,false
3371,45008,66,58,true,260,50,-50,50,50,false,0,0,false
3372,45009,66,58,true,260,50,-50,50,50,false,0,0,false
3373,45010,66,58,true,260,50,-50,50,50,false,0,0,false
3374,45010,66,58,true,260,50,-50,50,50,false,0,0,false
3375,45010,66,50,true,260,50,-50,50,50,false,0,0,false
3376,45011,66,50,true,260,50,-50,50,50,false,0,0,false
3377,45012,66,63,true,260,50,-50,50,50,false,0,0,false
3378,45013,66,58,true,260,50,-50,50,50,false,0,0,false
3379,45014,66,58,true,260,50,-50,50,50,false,0,0,false
3380,45014,66,58,true,260,50,-50,50,50,false,0,0,false
3381,45015,66,60,true,260,50,-50,50,50,false,0,0,false
3382,45016,66,58,true,260,50,-50,50,50,false,0,0,false
3383,45017,66,58,true,260,50,-50,50,50,false,0,0,false
3384,50001,66,58,true,260,50,-50,50,50,false,0,0,false
3385,50005,66,58,true,260,50,-50,50,50,false,0,0,false
3386,50008,66,63,true,260,50,-50,50,50,false,0,0,false
3387,50014,66,58,true,260,50,-50,50,50,false,0,0,false
3388,50026,66,63,true,260,50,-50,50,50,false,0,0,false
3389,50032,66,60,true,260,50,-50,50,50,false,0,0,false
3390,50033,66,50,true,260,50,-50,50,50,false,0,0,false
3391,50035,66,58,true,260,50,-50,50,50,false,0,0,false
3392,50037,66,58,true,260,50,-50,50,50,false,0,0,false
3393,100004,66,60,true,260,50,-50,50,50,false,0,0,false
3394,100005,66,60,true,260,50,-50,50,50,false,0,0,false
3395,47006,66,60,true,260,50,-50,50,50,false,0,0,false
3396,47012,66,58,true,260,50,-50,50,50,false,0,0,false
3397,47014,66,63,true,260,50,-50,50,50,false,0,0,false
3398,47016,66,61,true,260,50,-50,50,50,false,0,0,false
3399,48015,67,63,true,260,50,-50,50,50,false,0,0,false
3400,49002,67,58,true,260,50,-50,50,50,false,0,0,false
3401,49009,67,58,true,260,50,-50,50,50,false,0,0,false
3402,50032,67,60,true,260,50,-50,50,50,false,0,0,false
3403,48017,68,63,true,260,50,-50,50,50,false,0,0,false
3404,48041,68,60,true,260,50,-50,50,50,false,0,0,false
3405,49003,68,58,true,260,50,-50,50,50,false,0,0,false
3406,49003,68,58,true,260,50,-50,50,50,false,0,0,false
3407,49003,68,58,true,260,50,-50,50,50,false,0,0,false
3408,49004,68,58,true,260,50,-50,50,50,false,0,0,false
3409,49004,68,58,true,260,50,-50,50,50,false,0,0,false
3410,49010,68,58,true,260,50,-50,50,50,false,0,0,false
3411,49011,68,58,true,260,50,-50,50,50,false,0,0,false
3412,49013,68,58,true,260,50,-50,50,50,false,0,0,false
3413,49013,68,58,true,260,50,-50,50,50,false,0,0,false
3414,49014,68,58,true,260,50,-50,50,50,false,0,0,false
3415,49014,68,58,true,260,50,-50,50,50,false,0,0,false
3416,49014,68,58,true,260,50,-50,50,50,false,0,0,false
3417,49014,68,58,true,260,50,-50,50,50,false,0,0,false
3418,49014,68,58,true,260,50,-50,50,50,false,0,0,false
3419,49014,68,58,true,260,50,-50,50,50,false,0,0,false
3420,49014,68,58,true,260,50,-50,50,50,false,0,0,false
3421,49014,68,58,true,260,50,-50,50,50,false,0,0,false
3422,49021,68,58,true,260,50,-50,50,50,false,0,0,false
3423,50026,68,58,true,260,50,-50,50,50,false,0,0,false
3424,52034,68,60,true,260,50,-50,50,50,false,0,0,false
3425,48019,69,58,true,260,50,-50,50,50,false,0,0,false
3426,49009,69,58,true,260,50,-50,50,50,false,0,0,false
3427,49012,69,58,true,260,50,-50,50,50,false,0,0,false
3428,46001,69,58,true,260,50,-50,50,50,false,0,0,false
3429,46001,69,60,true,260,50,-50,50,50,false,0,0,false
3430,46001,69,60,true,260,50,-50,50,50,false,0,0,false
3431,46001,69,50,true,260,50,-50,50,50,false,0,0,false
3432,46001,69,63,true,260,50,-50,50,50,false,0,0,false
3433,46001,69,63,true,260,50,-50,50,50,false,0,0,false
3434,46001,69,50,true,260,50,-50,50,50,false,0,0,false
3435,46001,69,50,true,260,50,-50,50,50,false,0,0,false
3436,46001,69,61,true,260,50,-50,50,50,false,0,0,false
3437,46001,69,63,true,260,50,-50,50,50,false,0,0,false
3438,46001,69,63,true,260,50,-50,50,50,false,0,0,false
3439,46001,69,61,true,260,50,-50,50,50,false,0,0,false
3440,46001,69,61,true,260,50,-50,50,50,false,0,0,false
3441,46002,69,58,true,260,50,-50,50,50,false,0,0,false
3442,46003,69,58,true,260,50,-50,50,50,false,0,0,false
3443,46004,69,63,true,260,50,-50,50,50,false,0,0,false
3444,46004,69,63,true,260,50,-50,50,50,false,0,0,false
3445,46004,69,61,true,260,50,-50,50,50,false,0,0,false
3446,46005,69,58,true,260,50,-50,50,50,false,0,0,false
3447,46006,69,60,true,260,50,-50,50,50,false,0,0,false
3448,46007,69,61,true,260,50,-50,50,50,false,0,0,false
3449,46007,69,63,true,260,50,-50,50,50,false,0,0,false
3450,46007,69,63,true,260,50,-50,50,50,false,0,0,false
3451,46007,69,63,true,260,50,-50,50,50,false,0,0,false
3452,46007,69,60,true,260,50,-50,50,50,false,0,0,false
3453,46007,69,63,true,260,50,-50,50,50,false,0,0,false
3454,46007,69,63,true,260,50,-50,50,50,false,0,0,false
3455,46007,69,63,true,260,50,-50,50,50,false,0,0,false
3456,46007,69,58,true,260,50,-50,50,50,false,0,0,false
3457,46007,69,63,true,260,50,-50,50,50,false,0,0,false
3458,46007,69,61,true,260,50,-50,50,50,false,0,0,false
3459,46007,69,63,true,260,50,-50,50,50,false,0,0,false
3460,46007,69,63,true,260,50,-50,50,50,false,0,0,false
3461,46007,69,58,true,260,50,-50,50,50,false,0,0,false
3462,46007,69,58,true,260,50,-50,50,50,false,0,0,false
3463,46007,69,58,true,260,50,-50,50,50,false,0,0,false
3464,46007,69,61,true,260,50,-50,50,50,false,0,0,false
3465,46007,69,63,true,260,50,-50,50,50,false,0,0,false
3466,46007,69,58,true,260,50,-50,50,50,false,0,0,false
3467,46007,69,58,true,260,50,-50,50,50,false,0,0,false
3468,46007,69,61,true,260,50,-50,50,50,false,0,0,false
3469,46007,69,58,true,260,50,-50,50,50,false,0,0,false
3470,46007,69,50,true,260,50,-50,50,50,false,0,0,false
3471,46007,69,60,true,260,50,-50,50,50,false,0,0,false
3472,46007,69,61,true,260,50,-50,50,50,false,0,0,false
3473,46007,69,60,true,260,50,-50,50,50,false,0,0,false
3474,46007,69,63,true,260,50,-50,50,50,false,0,0,false
3475,46007,69,58,true,260,50,-50,50,50,false,0,0,false
3476,46007,69,58,true,260,50,-50,50,50,false,0,0,false
3477,46007,69,63,true,260,50,-50,50,50,false,0,0,false
3478,46007,69,58,true,260,50,-50,50,50,false,0,0,false
3479,46011,69,63,true,260,50,-50,50,50,false,0,0,false
3480,46014,69,58,true,260,50,-50,50,50,false,0,0,false
3481,46015,69,63,true,260,50,-50,50,50,false,0,0,false
3482,46017,69,63,true,260,50,-50,50,50,false,0,0,false
3483,46017,69,58,true,260,50,-50,50,50,false,0,0,false
3484,46017,69,61,true,260,50,-50,50,50,false,0,0,false
3485,46017,69,61,true,260,50,-50,50,50,false,0,0,false
3486,46017,69,50,true,260,50,-50,50,50,false,0,0,false
3487,46017,69,58,true,260,50,-50,50,50,false,0,0,false
3488,46017,69,63,true,260,50,-50,50,50,false,0,0,false
3489,46017,69,63,true,260,50,-50,50,50,false,0,0,false
3490,46017,69,63,true,260,50,-50,50,50,false,0,0,false
3491,46017,69,63,true,260,50,-50,50,50,false,0,0,false
3492,46017,69,60,true,260,50,-50,50,50,false,0,0,false
3493,46017,69,61,true,260,50,-50,50,50,false,0,0,false
3494,46017,69,60,true,260,50,-50,50,50,false,0,0,false
3495,46017,69,58,true,260,50,-50,50,50,false,0,0,false
3496,46017,69,63,true,260,50,-50,50,50,false,0,0,false
3497,46017,69,61,true,260,50,-50,50,50,false,0,0,false
3498,46017,69,61,true,260,50,-50,50,50,false,0,0,false
3499,46017,69,58,true,260,50,-50,50,50,false,0,0,false
3500,46017,69,50,true,260,50,-50,50,50,false,0,0,false
3501,46017,69,58,true,260,50,-50,50,50,false,0,0,false
3502,46017,69,63,true,260,50,-50,50,50,false,0,0,false
3503,46017,69,58,true,260,50,-50,50,50,false,0,0,false
3504,46017,69,63,true,260,50,-50,50,50,false,0,0,false
3505,46017,69,58,true,260,50,-50,50,50,false,0,0,false
3506,46017,69,58,true,260,50,-50,50,50,false,0,0,false
3507,46017,69,63,true,260,50,-50,50,50,false,0,0,false
3508,46017,69,58,true,260,50,-50,50,50,false,0,0,false
3509,46017,69,58,true,260,50,-50,50,50,false,0,0,false
3510,46017,69,60,true,260,50,-50,50,50,false,0,0,false
3511,46017,69,60,true,260,50,-50,50,50,false,0,0,false
3512,46017,69,58,true,260,50,-50,50,50,false,0,0,false
3513,46017,69,58,true,260,50,-50,50,50,false,0,0,false
3514,46017,69,63,true,260,50,-50,50,50,false,0,0,false
3515,46017,69,61,true,260,50,-50,50,50,false,0,0,false
3516,46017,69,63,true,260,50,-50,50,50,false,0,0,false
3517,46017,69,61,true,260,50,-50,50,50,false,0,0,false
3518,46017,69,58,true,260,50,-50,50,50,false,0,0,false
3519,46017,69,58,true,260,50,-50,50,50,false,0,0,false
3520,46017,69,50,true,260,50,-50,50,50,false,0,0,false
3521,46017,69,50,true,260,50,-50,50,50,false,0,0,false
3522,46017,69,61,true,260,50,-50,50,50,false,0,0,false
3523,46017,69,60,true,260,50,-50,50,50,false,0,0,false
3524,46017,69,58,true,260,50,-50,50,50,false,0,0,false
3525,46017,69,50,true,260,50,-50,50,50,false,0,0,false
3526,46017,69,58,true,260,50,-50,50,50,false,0,0,false
3527,46017,69,63,true,260,50,-50,50,50,false,0,0,false
3528,46017,69,58,true,260,50,-50,50,50,false,0,0,false
3529,46017,69,58,true,260,50,-50,50,50,false,0,0,false
3530,46017,69,61,true,260,50,-50,50,50,false,0,0,false
3531,46017,69,60,true,260,50,-50,50,50,false,0,0,false
3532,46017,69,58,true,260,50,-50,50,50,false,0,0,false
3533,46017,69,61,true,260,50,-50,50,50,false,0,0,false
3534,46017,69,58,true,260,50,-50,50,50,false,0,0,false
3535,46017,69,61,true,260,50,-50,50,50,false,0,0,false
3536,46017,69,50,true,260,50,-50,50,50,false,0,0,false
3537,46017,69,58,true,260,50,-50,50,50,false,0,0,false
3538,46017,69,58,true,260,50,-50,50,50,false,0,0,false
3539,46018,69,58,true,260,50,-50,50,50,false,0,0,false
3540,46019,69,58,true,260,50,-50,50,50,false,0,0,false
3541,46021,69,61,true,260,50,-50,50,50,false,0,0,false
3542,46021,69,50,true,260,50,-50,50,50,false,0,0,false
3543,46021,69,63,true,260,50,-50,50,50,false,0,0,false
3544,46022,69,60,true,260,50,-50,50,50,false,0,0,false
3545,46025,69,61,true,260,50,-50,50,50,false,0,0,false
3546,46026,69,58,true,260,50,-50,50,50,false,0,0,false
3547,46026,69,63,true,260,50,-50,50,50,false,0,0,false
3548,46026,69,50,true,260,50,-50,50,50,false,0,0,false
3549,46026,69,60,true,260,50,-50,50,50,false,0,0,false
3550,46026,69,61,true,260,50,-50,50,50,false,0,0,false
3551,46026,69,50,true,260,50,-50,50,50,false,0,0,false
3552,46027,69,58,true,260,50,-50,50,50,false,0,0,false
3553,46033,69,58,true,260,50,-50,50,50,false,0,0,false
3554,46034,69,63,true,260,50,-50,50,50,false,0,0,false
3555,46036,69,60,true,260,50,-50,50,50,false,0,0,false
3556,45007,69,58,true,260,50,-50,50,50,false,0,0,false
3557,45010,69,50,true,260,50,-50,50,50,false,0,0,false
3558,50001,69,61,true,260,50,-50,50,50,false,0,0,false
3559,50005,69,58,true,260,50,-50,50,50,false,0,0,false
3560,50008,69,60,true,260,50,-50,50,50,false,0,0,false
3561,50009,69,60,true,260,50,-50,50,50,false,0,0,false
3562,50009,69,63,true,260,50,-50,50,50,false,0,0,false
3563,50026,69,58,true,260,50,-50,50,50,false,0,0,false
3564,50031,69,50,true,260,50,-50,50,50,false,0,0,false
3565,47003,69,63,true,260,50,-50,50,50,false,0,0,false
3566,47009,69,63,true,260,50,-50,50,50,false,0,0,false
3567,47011,69,63,true,260,50,-50,50,50,false,0,0,false
3568,47012,69,60,true,260,50,-50,50,50,false,0,0,false
3569,47012,69,60,true,260,50,-50,50,50,false,0,0,false
3570,47012,69,63,true,260,50,-50,50,50,false,0,0,false
3571,47013,69,60,true,260,50,-50,50,50,false,0,0,false
3572,47014,69,61,true,260,50,-50,50,50,false,0,0,false
3573,47016,69,60,true,260,50,-50,50,50,false,0,0,false
3574,47021,69,61,true,260,50,-50,50,50,false,0,0,false
3575,47022,69,63,true,260,50,-50,50,50,false,0,0,false
3576,48017,69,50,true,260,50,-50,50,50,false,0,0,false
3577,48033,70,61,true,260,50,-50,50,50,false,0,0,false
3578,46002,71,63,true,260,50,-50,50,50,false,0,0,false
3579,46002,71,60,true,260,50,-50,50,50,false,0,0,false
3580,46003,71,58,true,260,50,-50,50,50,false,0,0,false
3581,46003,71,58,true,260,50,-50,50,50,false,0,0,false
3582,46003,71,61,true,260,50,-50,50,50,false,0,0,false
3583,46003,71,50,true,260,50,-50,50,50,false,0,0,false
3584,46003,71,63,true,260,50,-50,50,50,false,0,0,false
3585,46003,71,63,true,260,50,-50,50,50,false,0,0,false
3586,46004,71,50,true,260,50,-50,50,50,false,0,0,false
3587,46004,71,58,true,260,50,-50,50,50,false,0,0,false
3588,46004,71,50,true,260,50,-50,50,50,false,0,0,false
3589,46006,71,58,true,260,50,-50,50,50,false,0,0,false
3590,46007,71,63,true,260,50,-50,50,50,false,0,0,false
3591,46008,71,63,true,260,50,-50,50,50,false,0,0,false
3592,46009,71,63,true,260,50,-50,50,50,false,0,0,false
3593,46009,71,63,true,260,50,-50,50,50,false,0,0,false
3594,46009,71,50,true,260,50,-50,50,50,false,0,0,false
3595,46010,71,63,true,260,50,-50,50,50,false,0,0,false
3596,46010,71,63,true,260,50,-50,50,50,false,0,0,false
3597,46011,71,61,true,260,50,-50,50,50,false,0,0,false
3598,46011,71,63,true,260,50,-50,50,50,false,0,0,false
3599,46011,71,58,true,260,50,-50,50,50,false,0,0,false
3600,46011,71,63,true,260,50,-50,50,50,false,0,0,false
3601,46014,71,58,true,260,50,-50,50,50,false,0,0,false
3602,46015,71,58,true,260,50,-50,50,50,false,0,0,false
3603,46015,71,63,true,260,50,-50,50,50,false,0,0,false
3604,46017,71,63,true,260,50,-50,50,50,false,0,0,false
3605,46019,71,63,true,260,50,-50,50,50,false,0,0,false
3606,46020,71,58,true,260,50,-50,50,50,false,0,0,false
3607,46022,71,58,true,260,50,-50,50,50,false,0,0,false
3608,46023,71,58,true,260,50,-50,50,50,false,0,0,false
3609,46025,71,58,true,260,50,-50,50,50,false,0,0,false
3610,46026,71,63,true,260,50,-50,50,50,false,0,0,false
3611,46027,71,50,true,260,50,-50,50,50,false,0,0,false
3612,46030,71,58,true,260,50,-50,50,50,false,0,0,false
3613,46031,71,58,true,260,50,-50,50,50,false,0,0,false
3614,46035,71,63,true,260,50,-50,50,50,false,0,0,false
3615,46036,71,63,true,260,50,-50,50,50,false,0,0,false
3616,46037,71,58,true,260,50,-50,50,50,false,0,0,false
3617,50028,71,58,true,260,50,-50,50,50,false,0,0,false
3618,50033,71,63,true,260,50,-50,50,50,false,0,0,false
3619,47023,71,63,true,260,50,-50,50,50,false,0,0,false
